audio_path,language,source,model,hypothesis,reference,latency_sec,wer_normalized,cer_normalized,wer_raw,cer_raw,error
data/clips/hausa_00.wav,hausa-english,afriswitchcare,sahara-v2.5,,Gaisuwa English> sir miye sunanka sunana Abdul Kai Dan shekara nawa ne shekara na 28 me ya kawo ka zuwa asibitin mu? Wallahi ciwon ciki nakeji ya Kai kwana nawa? Yakai kwana hudu okay ciwon ciki din ina kana Ji ciwo din? Ehh yafara mundai daga Saman ciki nane sannan Kuma sai ya sakko ta hannun Dama na Okay faruwan ciwon ciki din is it gradual code switch > sudden? Ehh ciwon cikin Yana Dan fara min kadan kadan ne HakanNan gradual gradual Okay is it aching ko sharp pain ne? Aching ne Yana aching nawa okay in kanaso ka ba pain din score daga 1 zuwa 10 Wani score ne zaka bashi? Kaman dai A 8 Hakan Nan DAI okay pain din Yana radiating zuwa bayanka ko ina? A'a baya radiating just a wuri Daya ne kawai Okay akwai Wani Abu Wanda kasan Wani Abu Wanda Yana baka sauki? Kai Babu bansani ba ko kuwa Abu Wanda Yana tada pain din? Bansani ba Okay kana da fever a cikin wannan pain? Ehh akwai fever haka akwai zafin jiki Okay kana iya cin abinci sosai? Ba sosai ba kayi amai a cikin wannan Ehh Ina amai Hakanan DAI kama sau uku so nawa? Kaman sau uku Okay kana zawo kuma? A'a bana zawo kana cikin ka ya kumbura? A'a cikina bai kumbura ba kanayin fitsari frequently A'a babu kanajin ciwo Lokacin wanda kanayin fitsari? A'a banajin zafi Okay nagode examination findings temperature dinshi 38°C respiratory rate cycles per minute SPO2 98% pulse rate 90 bpm BP 120/80mmHg abdomen on abdominal examination nagan right iliac fossa tenderness guarding rebound tenderness positive rovsing and McBurney's signs,,,,,,"Sahara upload failed for data/clips/hausa_00.wav (status 400): {""data"":{},""message"":""insufficient balance to process the file"",""status"":""Error""}
"
data/clips/hausa_00.wav,hausa-english,afriswitchcare,whisper-large-v3-groq," Gei Suwa Sa Mei Sunanka Sunana Abdi Dhanu shakara nani Shakara na asherin nda takos Mei a kawa ka zwa awsi bitimu Chivon chicken e kiechi Ya ke kwa nana Ya ke kwa na hulu Chivo chicken den ina kana ji chivo den Ya para mundi ndi daga saman chiki ndani sanu, puma se soku ta hanun dama na. Ok, paruwa chio chiki ndani, isi gradual ko sudden? Chio chiki ndi ndi, ndi nda ndamu para mu, ndangka ndani a kanu, gradual, gradual. Ok, isi ekin ko e chapin ne? Ekin ni, e na ekin na wak. Ok, nkana aso ka ba pendon sko? Ndaka ea zwa goma wan e sko ni zakabashi? Kamandi, a tokos hakan nandi. Ok, pendon ena radiating zwa bayan kako ina? A bayan radiating, just awuri eni kawa. A kwe i wania abu wanika, kasa wania abu wanina baka soki? Ka i, babu bansani eba. Koko abu wanina tada pendon Bansani eba Ok Kana de fever a chicken wan dan pen E, a koi fever a koi za fen jiki. Ok. Kana i a chia ban chi so say? Ba so say wè. Kana i ka i a ama ya chicken wan dan? Sona? E, nda ama ya hakano. Kaman so oku, sona? Kaman so oku. Kaman so oku. I'm checking your health. Do you go to the hospital frequently? Do you go to the hospital in the local village? Do you go to the hospital? Now go to the examination findings. temperature density 38 degree centigrade respiratory rate 12 cycles per minute sp02 98 percent a pulse rate 90 beats per minute bp 120 over 80 millimeter of mercury Abdomen On abdominal examination Nargon right iliac fossa tenderness Gardin rebound tenderness Positive rosing and maboning signs",Gaisuwa English> sir miye sunanka sunana Abdul Kai Dan shekara nawa ne shekara na 28 me ya kawo ka zuwa asibitin mu? Wallahi ciwon ciki nakeji ya Kai kwana nawa? Yakai kwana hudu okay ciwon ciki din ina kana Ji ciwo din? Ehh yafara mundai daga Saman ciki nane sannan Kuma sai ya sakko ta hannun Dama na Okay faruwan ciwon ciki din is it gradual code switch > sudden? Ehh ciwon cikin Yana Dan fara min kadan kadan ne HakanNan gradual gradual Okay is it aching ko sharp pain ne? Aching ne Yana aching nawa okay in kanaso ka ba pain din score daga 1 zuwa 10 Wani score ne zaka bashi? Kaman dai A 8 Hakan Nan DAI okay pain din Yana radiating zuwa bayanka ko ina? A'a baya radiating just a wuri Daya ne kawai Okay akwai Wani Abu Wanda kasan Wani Abu Wanda Yana baka sauki? Kai Babu bansani ba ko kuwa Abu Wanda Yana tada pain din? Bansani ba Okay kana da fever a cikin wannan pain? Ehh akwai fever haka akwai zafin jiki Okay kana iya cin abinci sosai? Ba sosai ba kayi amai a cikin wannan Ehh Ina amai Hakanan DAI kama sau uku so nawa? Kaman sau uku Okay kana zawo kuma? A'a bana zawo kana cikin ka ya kumbura? A'a cikina bai kumbura ba kanayin fitsari frequently A'a babu kanajin ciwo Lokacin wanda kanayin fitsari? A'a banajin zafi Okay nagode examination findings temperature dinshi 38°C respiratory rate cycles per minute SPO2 98% pulse rate 90 bpm BP 120/80mmHg abdomen on abdominal examination nagan right iliac fossa tenderness guarding rebound tenderness positive rovsing and McBurney's signs,5.885,0.8608,0.4145,0.9489,0.4615,
data/clips/hausa_00.wav,hausa-english,afriswitchcare,assemblyai-universal,"Geisuwa sa, ah, may sunang ka? Sunana Abdul. Okay, dan shukran ani. Um, shukran asherin datapos. Meya ka kazua habusibit mo? Lah chiwo ntikinikiji. Yaki kwana na? Yaki kwana kulup. Okay, um, chiwo ntikinden ina kana ji chiwo den? Ee, ya paramu ndi renga salmon chicken ane i sa no kuma se sokou ṱa hanunda mana. Okay, um, paruwa and chiwo chicken, is it gradual co, um, sudden? Chiwo chicken ye khetaho ngena na paramu khaṱanu khaṱanu ya kana gradual gradual. Okay, um, is it aching co Sharp pen, ne? एक ही नहीं, एक ना एक ही ना वाह। Okay, इनके नासे के बाद pen then score, देखो यार जुआ go माँ, one score ने जाके बाशी। कमांडी आ talkers hack करने दी। Okay, pen then ये ना radiating जुआ buy इनको कोई ना? यार buy radiating Just already eating it, kawaii. Okay. Ah, kui wan ya buwan de kas kasem wan ya buwan de ena bakasoki? Hai, babu bensani ba. Kukua abuan de ena tadu pendun? Bensani ba. Okay. Um, kana de fever? Ah, jika wan nampin? Eh, ah kui fever, kak kui zafin jika. Okay. Um, kana ia cia benciso say? Masu seba. Kana kaya amaya chicken mo nan sona? Iy, na amay hakan mo. Kaman sa uk sona? Kaman sa uk. Kaman sa uk. Okay. Kana zawo kuma? Abana zawo. Kana chicken ka ya kumbura? Chicken na kumbura ba. Kana yun pisari frequently? Kunaji chiwo local children kunayi pisari. Okay, now go the examination findings: temperature density 38 degrees centigrade, respiratory rate 12 cycles per minute, SpO2 98 percent, pulse rate 90 beats per minute. BP 120/80 mmHg ABDOMEN: On abdominal examination Nagan right iliac fossa tenderness guarding rebound tenderness positive Rovsing and Melbourne signs.",Gaisuwa English> sir miye sunanka sunana Abdul Kai Dan shekara nawa ne shekara na 28 me ya kawo ka zuwa asibitin mu? Wallahi ciwon ciki nakeji ya Kai kwana nawa? Yakai kwana hudu okay ciwon ciki din ina kana Ji ciwo din? Ehh yafara mundai daga Saman ciki nane sannan Kuma sai ya sakko ta hannun Dama na Okay faruwan ciwon ciki din is it gradual code switch > sudden? Ehh ciwon cikin Yana Dan fara min kadan kadan ne HakanNan gradual gradual Okay is it aching ko sharp pain ne? Aching ne Yana aching nawa okay in kanaso ka ba pain din score daga 1 zuwa 10 Wani score ne zaka bashi? Kaman dai A 8 Hakan Nan DAI okay pain din Yana radiating zuwa bayanka ko ina? A'a baya radiating just a wuri Daya ne kawai Okay akwai Wani Abu Wanda kasan Wani Abu Wanda Yana baka sauki? Kai Babu bansani ba ko kuwa Abu Wanda Yana tada pain din? Bansani ba Okay kana da fever a cikin wannan pain? Ehh akwai fever haka akwai zafin jiki Okay kana iya cin abinci sosai? Ba sosai ba kayi amai a cikin wannan Ehh Ina amai Hakanan DAI kama sau uku so nawa? Kaman sau uku Okay kana zawo kuma? A'a bana zawo kana cikin ka ya kumbura? A'a cikina bai kumbura ba kanayin fitsari frequently A'a babu kanajin ciwo Lokacin wanda kanayin fitsari? A'a banajin zafi Okay nagode examination findings temperature dinshi 38°C respiratory rate cycles per minute SPO2 98% pulse rate 90 bpm BP 120/80mmHg abdomen on abdominal examination nagan right iliac fossa tenderness guarding rebound tenderness positive rovsing and McBurney's signs,8.812,0.7949,0.3752,0.9051,0.4508,
data/clips/hausa_01.wav,hausa-english,afriswitchcare,sahara-v2.5,,Ina wuni lafiya miye sunanka sunana hamza kai Dan shekara nawa ne shekara na 27 me ya kawo asibiti yau Ina Tari okay yakai kwana nawa tarin ya Kai kwana biyu okay Tari din Yana zuwa uncontrollable A'a babu Okay inkana Tari din kana zubar da yawu A'a bani zubar da yawu akwai anytime of the day Wanda Tari din Yana worsen Ehh Kamar da daddare haka tarin Yana zuwa sosai okay kana da difficulty in breathing ehh inada difficulty in breathing haka kanaji any sound in kanayin numfashi ehh akwai sound okay a cikin gidan ka kanayin amfani da carpet ko rug ehh Ina amfani da carpet okay recently kanayin amfani da kowane magani ehh ina amfani da ibuprofen saboda ciwon kafana okay kanada running nose A'a Banda running nose zafin jiki fa? A'a Banda zafin jiki kayi ka zama dawani Wanda yanada chronic cough recently A'a Babu kayi tafiya recently Babu akwai wani abinci ko Wanda kana allergic to? Ehh Akwai wane abinci kenan? okay akwai Wani a cikin family Ku Wanda yanada allergic reactions ehh akwai okay thank you. On examination temperature is 37°C respiratory rate 12 cycles per minute SPO2 97% pulse rate 70 bpm blood pressure= 120/mmHg on chest examination yanada wide spread bronchi,,,,,,"Sahara upload failed for data/clips/hausa_01.wav (status 400): {""data"":{},""message"":""insufficient balance to process the file"",""status"":""Error""}
"
data/clips/hausa_01.wav,hausa-english,afriswitchcare,whisper-large-v3-groq," E nao ni? Me sunanka. Sunana hamza. Ka i dan shikara nani? Shikara na asherin dobo kwa ti. Me ya kao ka asibiti yo? Ina tari. Ok, ya ka i kwanana? Tarin ya ka i kwanabi yo. Ok, taridin yena zwa on kontrele bu? A ava. Ok, nkana taridin kena zuba de yao? A ava nyo zuba de yao. Akwe any time of the day when the darida yu ina wasin? I kamanja di dere hakan, darina yu ina wasin. Ike, kana the difficulty in breathing? I ina the difficulty in breathing. Kana ji any sound in kana yu ina mpashi? I ina kwen sound. Ike, achi ken gudan ke kana i anpa ndi kapet ku rog? I ina anpa ndi kapet. Recently, kana i anpa ndi ku wanamagani? I have a runny nose I have a runny nose How are you I am good Have you been to the Chronic Cough recently Yes, I have been there. Have you been to the Chronic Cough recently? Yes, I have been there. Are you allergic to nuts? Yes, I am. What kind of nuts? I want to know if you have any allergic reactions? Yes, I have. Okay, thank you. On examination, temperature is 37 degrees Celsius, respiratory rate 12 cycles per minute, SPO2 97% pulse rate 70 beats per minute blood pressure 120 over 80 mmHg on chest examination you know the widespread ronchi",Ina wuni lafiya miye sunanka sunana hamza kai Dan shekara nawa ne shekara na 27 me ya kawo asibiti yau Ina Tari okay yakai kwana nawa tarin ya Kai kwana biyu okay Tari din Yana zuwa uncontrollable A'a babu Okay inkana Tari din kana zubar da yawu A'a bani zubar da yawu akwai anytime of the day Wanda Tari din Yana worsen Ehh Kamar da daddare haka tarin Yana zuwa sosai okay kana da difficulty in breathing ehh inada difficulty in breathing haka kanaji any sound in kanayin numfashi ehh akwai sound okay a cikin gidan ka kanayin amfani da carpet ko rug ehh Ina amfani da carpet okay recently kanayin amfani da kowane magani ehh ina amfani da ibuprofen saboda ciwon kafana okay kanada running nose A'a Banda running nose zafin jiki fa? A'a Banda zafin jiki kayi ka zama dawani Wanda yanada chronic cough recently A'a Babu kayi tafiya recently Babu akwai wani abinci ko Wanda kana allergic to? Ehh Akwai wane abinci kenan? okay akwai Wani a cikin family Ku Wanda yanada allergic reactions ehh akwai okay thank you. On examination temperature is 37°C respiratory rate 12 cycles per minute SPO2 97% pulse rate 70 bpm blood pressure= 120/mmHg on chest examination yanada wide spread bronchi,3.941,0.8612,0.4294,0.9378,0.473,
data/clips/hausa_01.wav,hausa-english,afriswitchcare,assemblyai-universal,"E nauni? Nafia. Mei sunanka? Sunana Hamza. Kaidan shakranani? Shakrana asurinda bokoi. Me ya kao ka asibitiyo? Ina tari. Okay, ya kayi kwanana? Tari ya kayi kwanabiyo. Okay, um, tari din yena zuba uncontrollable? Ah, ababo. Okay, um, nkana tari din nkana zuba de yawu? Ah, abantu. A kwe any time of the day when the tareeden you ena worsen? Okay, kana the difficulty in breathing? Kana ji any sound in kana ye nampashi? Okay, achikengidan kana ye ampani the carpet korog? Okay, recently. Kana i amfane ko one magani? I na amfani da ibokofe sobole tshiwang ka fana. Okay, um, kana the running nose? Ah, abone the running nose. Um, zafinji ke fa? Ah, abone the zafinji. Ka kazama the one yone ena chronic cough recently? Ah, abone. Ka itempeya recently? Ba bo. A koi yone Abunchiko, when they kind of allergic to? Yeah, okay. When they abunchike na? Not. Okay. Akwai, when they achikin family nku, when they ena the allergic reactions? Yeah, okay. Okay, thank you. On examination, temperature is 37 degrees Celsius, respiratory rate 12 cycles per minute. SpO2 97% HR 70 bpm BP 120/80 mmHg CXR: Widespread rhonchi.",Ina wuni lafiya miye sunanka sunana hamza kai Dan shekara nawa ne shekara na 27 me ya kawo asibiti yau Ina Tari okay yakai kwana nawa tarin ya Kai kwana biyu okay Tari din Yana zuwa uncontrollable A'a babu Okay inkana Tari din kana zubar da yawu A'a bani zubar da yawu akwai anytime of the day Wanda Tari din Yana worsen Ehh Kamar da daddare haka tarin Yana zuwa sosai okay kana da difficulty in breathing ehh inada difficulty in breathing haka kanaji any sound in kanayin numfashi ehh akwai sound okay a cikin gidan ka kanayin amfani da carpet ko rug ehh Ina amfani da carpet okay recently kanayin amfani da kowane magani ehh ina amfani da ibuprofen saboda ciwon kafana okay kanada running nose A'a Banda running nose zafin jiki fa? A'a Banda zafin jiki kayi ka zama dawani Wanda yanada chronic cough recently A'a Babu kayi tafiya recently Babu akwai wani abinci ko Wanda kana allergic to? Ehh Akwai wane abinci kenan? okay akwai Wani a cikin family Ku Wanda yanada allergic reactions ehh akwai okay thank you. On examination temperature is 37°C respiratory rate 12 cycles per minute SPO2 97% pulse rate 70 bpm blood pressure= 120/mmHg on chest examination yanada wide spread bronchi,8.606,0.7512,0.3929,0.8756,0.4671,
data/clips/hausa_02.wav,hausa-english,afriswitchcare,sahara-v2.5,,"Ina wuni sir lafiya miye sunanka? sunana Amadu Dan Shekara nawa ne Kai? Shekara na 30 okay me ya kawo ka asibitin mu? Inada Ina ina tari sannan kuma inada zafin jiki okay Tari din yakai sati nawa? Kaman sati Daya ne Hakan Zafin jikin din fa? Zafin jikin kaman kwana biyar Okay Tari din Yana zuwa uncontrollably? Babu okay Inkana Tari kana zubar da miyau ? Ehh na kan zubar da yawu hakan nan miye Kalan shi Yana da color ? Babu kala yananan clear Code switch> haka okay Yana da jini a ciki? A'a Babu jini okay zafin jiki din kaman Yana sama sosai ne ko karami? Ehh zafin jiki din dai sosai ne amma baya karuwa ko raguwa okay and Yana Nan constant ko? Ba karuwa ba raguwa okay Tari din akwai wani lokaci da Tari din Yana worsen? Babu okay in kana Tari kana da chest pain? A'a babu Wani chest pain yanzu hakan kana da running nose? A'a Babu okay in kana Tari kasan akwai Wani Abu wanda yana tada tari din? A'a Babu kana losing weight? A'a Babu kanajin sweating drenching night sweating kana da drenching night sweat? A'a Babu okay ka zama da wani Wanda yanada chronic cough recently? A'a Babu okay kanada history kanajin shortness of breath? Ehh akwai dai shortness of breath Hakan yaushe ya fara? Kwana biyu da Suka wuce shortness of breath din ya worsen ko Yana Nan haka Wanda ya fara? Ehh gaskiya ya Dan worsen ya Dan karu Okay kanada ka akwai wani Lokaci Wanda kazo da wannan cough din da? A'a Babu akwai kayi tafiya recently? Babu anayin treating Dinka for any other thing kaman hypertension, Diabetes, asthma ? A'a babu anyi admitting Dinka a hospital da? Babu akwai anybody in your family Wanda yana da wannan sickness? Babu okay kana Sha giya? A'a bana Shan giya taba fa kana Shan taba? Bana Shan taba okay akwai wani abinci ko magani Wanda Yana baka allergy? A'a Babu okay thank you very much on examination temperature is 38°C respiratory rate 38 cycle per minute SPO2 92% pulse rate 96 bpm blood pressure 120/80mmHg On chest examination chest dinsa Yana dull to percusse Yana da reduced breath sound and crackles on the right side",,,,,,"Sahara upload failed for data/clips/hausa_02.wav (status 400): {""data"":{},""message"":""insufficient balance to process the file"",""status"":""Error""}
"
data/clips/hausa_02.wav,hausa-english,afriswitchcare,whisper-large-v3-groq," Nisa, me sunanka? Sunana amadu. Dan shakirana anekai? Shakirana taladu. Me yaka oka asibiti mo? Ina tariso nukumu ina de zapinjiki. Ok, taridan yaka i satina? Kawan sati eni hakan. Zapinjiki denpa? ਸ্বেরো ਸ্বেরো ਸ্বেরো Ammm kaman yan na sama suseni ku koromi I za pindiki indi suseni amombaya karuwa ku ruguwa Ok, an, yan na non-constants ku? Bakaruwa ba ruguwa. Ok, ammm, tariden, ako i wani loko chi wende tariden ina wosin? Bawu. Ok, nkona tari? Nkona de chest pain? A, a babu wani chest pain. Kona de runny nose? A, a babu. Ok, nkona tari? Ka, ka, ka, kason akwe wani abu wande ina ta de tari dun? A, a babu. Kona losing weight? A, a babu. Kin a jin swatches njwenchi night swatch, kin a det injwenchi night swatch? A a wawo. Okay kin a dekal zima de woni when de e yena de cronic cough recently A a we wo Ok A a kan a de history Kan a jin shortness of breath. E, a kwe de shortness of breath. A a, a kan a. Yo shi a para. Kwa na gwi de sikawuchi. Shortness of breath den, ya wasin ku, ya na nan a ka, mande ya para. Ya geskia ya wasin, ya den karu. Ok. Kana de ka, akwe wani loko chuman de ka zode wan nan kof den da? A a mabu. Akwe, ka i tapia recently? Mabu. Ana i ntriti den ka for any other thing, common hypertension, diabetes? She has asthma and she is admitted to the hospital Do you have any friends or family members in the family who have come to you temperature is 38 degree Celsius respiratory rate 38 cycle per minute spo 292 percent p a pulse rate 96 beats per minute blood pressure 120 over 80 millimeter of mercury On chest examination, chest dancer, you now door to parkour, you now the reduced breath sound and crackles on the right side.","Ina wuni sir lafiya miye sunanka? sunana Amadu Dan Shekara nawa ne Kai? Shekara na 30 okay me ya kawo ka asibitin mu? Inada Ina ina tari sannan kuma inada zafin jiki okay Tari din yakai sati nawa? Kaman sati Daya ne Hakan Zafin jikin din fa? Zafin jikin kaman kwana biyar Okay Tari din Yana zuwa uncontrollably? Babu okay Inkana Tari kana zubar da miyau ? Ehh na kan zubar da yawu hakan nan miye Kalan shi Yana da color ? Babu kala yananan clear Code switch> haka okay Yana da jini a ciki? A'a Babu jini okay zafin jiki din kaman Yana sama sosai ne ko karami? Ehh zafin jiki din dai sosai ne amma baya karuwa ko raguwa okay and Yana Nan constant ko? Ba karuwa ba raguwa okay Tari din akwai wani lokaci da Tari din Yana worsen? Babu okay in kana Tari kana da chest pain? A'a babu Wani chest pain yanzu hakan kana da running nose? A'a Babu okay in kana Tari kasan akwai Wani Abu wanda yana tada tari din? A'a Babu kana losing weight? A'a Babu kanajin sweating drenching night sweating kana da drenching night sweat? A'a Babu okay ka zama da wani Wanda yanada chronic cough recently? A'a Babu okay kanada history kanajin shortness of breath? Ehh akwai dai shortness of breath Hakan yaushe ya fara? Kwana biyu da Suka wuce shortness of breath din ya worsen ko Yana Nan haka Wanda ya fara? Ehh gaskiya ya Dan worsen ya Dan karu Okay kanada ka akwai wani Lokaci Wanda kazo da wannan cough din da? A'a Babu akwai kayi tafiya recently? Babu anayin treating Dinka for any other thing kaman hypertension, Diabetes, asthma ? A'a babu anyi admitting Dinka a hospital da? Babu akwai anybody in your family Wanda yana da wannan sickness? Babu okay kana Sha giya? A'a bana Shan giya taba fa kana Shan taba? Bana Shan taba okay akwai wani abinci ko magani Wanda Yana baka allergy? A'a Babu okay thank you very much on examination temperature is 38°C respiratory rate 38 cycle per minute SPO2 92% pulse rate 96 bpm blood pressure 120/80mmHg On chest examination chest dinsa Yana dull to percusse Yana da reduced breath sound and crackles on the right side",5.781,0.8874,0.4725,0.9202,0.5172,
data/clips/hausa_02.wav,hausa-english,afriswitchcare,assemblyai-universal,"ḍina o nisa? ḍina ḍhia. ḍina o nisa? ḍina ḍhia. ḍina o nisa? ḍina ḍhiya. ḍina ḍhia? ḍina ḍhiya. ḍhiya. ḍiya ḍhiye. ḍiya ḍiyya ḍiyya ḍiya ḍiya ḍiyya ḍiya ᶠiyya ᶠiyyya ᶠiya ᶠiya ᶠiyya ᵠiyya ᵠiyyya ᶜiyya ᶜiyyya ᵠiya ᵠiyya ᶜiyyah ᶠiyyah ᶜiyah ᶠiy Kama nkwana biara Tari dun gina dzuwa uncontrollably Babu Unkena tari, kena zuba de yawu Ye, nekena zuba de nyawu hakanu Me kala nshi? Ena di kala? Babu kala, ena nkli hakanu Ena di jini achiki? Naa, babu jini Zafi jiki dun Kaman yena sama suseni kuu karemi? Zapi njikini ndi suseni amombaya karua kuu regua. Okay, and yena non-constant, kuu? Baa karua, baa regua. Okay. Tari den, ako iwaniloko chi wende tari den yena wosin? Bawu. Okay. Nkana tari, nkana di chest pain? A, a, babu wani chespe ni. Kana de roninus. A, a, babu. Nke. Nkana tari. Kason akwe wani abu wadena tada taridun. A, a babu. Kana losing weight. A, a babu. Kana jin, um, sweating and drenching night sweat. Kana de drenching night sweat. A, a babu. Okay. Ka zama de wanu wande ena de chronic cough recently. Aha, wawo. Okay. Kana de history... Kana din shortness of breath. Akoi di short notes of bread. Yoshi, yaa para. Kwa na yude sike wuche. Short notes of bread, yaa wosin ku yona nan aka mande. Yaa para. Yaa gesi kia yaa wosin. Yaa tenka ru. Okay. Kana di, kaa... Akoi wani loko chi wande kaa zode wanon kof denda? Ha'a mabu. Akoi kayi topia recently. Ana yi triti denka for any other thing, common hypertension, diabetes, asthma. An yi admitting denka hospital da. Akoi anybody in your family wandeyena the onan sickness? Akoi anybody in your family wandeyena the onan sickness? Akoi anybody in your family wandeyena the onan sickness? Ako. sickness. Ako. Ok. Kanansha gia? Ako. Kanansha gia? Ako. Kanansha gia? Taba faa. Kanansha ntaba? Taba faaa. Kanansha ntaba? Taba faa. Kanansha ntaba? Ok. Akoi wani abunchi ko magani wandeyena back allergy? Ok. Akoi wani abunchi ko magani wandeyena back allergy? Akoi wani abunchiko magani wandeyena back allergy? Ako. Ok, thank you very much. On examination. Temperature is 38°C. Akoi wani abunchi Respiratory rate 38 cycles per minute. SpO2 92%. Pulse rate 96 beats per minute. Blood pressure 120 over 80 mmHg. On chest examination, chest denser. Inner door to percuss. Um, um, um, um. Um, um, um. Um, um. Um. Um. Um, um um. Um.","Ina wuni sir lafiya miye sunanka? sunana Amadu Dan Shekara nawa ne Kai? Shekara na 30 okay me ya kawo ka asibitin mu? Inada Ina ina tari sannan kuma inada zafin jiki okay Tari din yakai sati nawa? Kaman sati Daya ne Hakan Zafin jikin din fa? Zafin jikin kaman kwana biyar Okay Tari din Yana zuwa uncontrollably? Babu okay Inkana Tari kana zubar da miyau ? Ehh na kan zubar da yawu hakan nan miye Kalan shi Yana da color ? Babu kala yananan clear Code switch> haka okay Yana da jini a ciki? A'a Babu jini okay zafin jiki din kaman Yana sama sosai ne ko karami? Ehh zafin jiki din dai sosai ne amma baya karuwa ko raguwa okay and Yana Nan constant ko? Ba karuwa ba raguwa okay Tari din akwai wani lokaci da Tari din Yana worsen? Babu okay in kana Tari kana da chest pain? A'a babu Wani chest pain yanzu hakan kana da running nose? A'a Babu okay in kana Tari kasan akwai Wani Abu wanda yana tada tari din? A'a Babu kana losing weight? A'a Babu kanajin sweating drenching night sweating kana da drenching night sweat? A'a Babu okay ka zama da wani Wanda yanada chronic cough recently? A'a Babu okay kanada history kanajin shortness of breath? Ehh akwai dai shortness of breath Hakan yaushe ya fara? Kwana biyu da Suka wuce shortness of breath din ya worsen ko Yana Nan haka Wanda ya fara? Ehh gaskiya ya Dan worsen ya Dan karu Okay kanada ka akwai wani Lokaci Wanda kazo da wannan cough din da? A'a Babu akwai kayi tafiya recently? Babu anayin treating Dinka for any other thing kaman hypertension, Diabetes, asthma ? A'a babu anyi admitting Dinka a hospital da? Babu akwai anybody in your family Wanda yana da wannan sickness? Babu okay kana Sha giya? A'a bana Shan giya taba fa kana Shan taba? Bana Shan taba okay akwai wani abinci ko magani Wanda Yana baka allergy? A'a Babu okay thank you very much on examination temperature is 38°C respiratory rate 38 cycle per minute SPO2 92% pulse rate 96 bpm blood pressure 120/80mmHg On chest examination chest dinsa Yana dull to percusse Yana da reduced breath sound and crackles on the right side",14.504,0.8686,0.4535,0.9973,0.5358,
data/clips/hausa_03.wav,hausa-english,afriswitchcare,sahara-v2.5,,Ina wuni madam lafiya lau miye sunanki hadiza ya shekara nawa shekara na 58 me ya kawo ki asibiti yau banajin dadi ne kafin ya fara English> I mean yaushe ne ya fara yanzu ya Kai wata biyu Kenan okay kafin ya fara akwai abunda ya same ki ehh ko kuwa akwai wani event Wanda ya faru ehh yarinya na ya mutu yarinya na kadai da nake dashi yanzu sati biyu da ya mutu kenan akwai su wadansu symptom kaman ba ki iya yin bacci sosai ehh ban iya bana iya yin bacci Abinci fa bana iya ci kina iya yin abubuwa Wanda kinayi da kaman indoor activity Wanda kinayi da A'a bana iya yin abubuwan da nakeyi a Da kingan Ko Ko like abun wanda be wajen like kinagan things that are not there ehh wani lokaci nakan ga abunda bashi ne a wurin ba how about hearing nakan ji lokaci zuwa lokaci Okay akwai wani time Wanda kina ji kaman kinaso kiyi committing suicide ehh shima inaji wani lokaci kamar in kashe kaina Okay Anyi admitting dinki a asibiti da A'a Kina da ko anyi Miki surgery da A'a anbaki jini da A'a kina da ko rashin lafiya kaman hypertension Ehh tun yaushe yakai wata shida yanzu Okay akwai wani su a cikin family dinki Wanda suna da wannan rashin lafiyan A'a babu kina sha taba A'a kina sha giya ehh lokaci Okay on mental state examination the patient mode was an absent to be fine and the apex is depressed the speech irrational thought is slow and perception there is auditory and visual designations insight was absent.,,,,,,"Sahara upload failed for data/clips/hausa_03.wav (status 400): {""data"":{},""message"":""insufficient balance to process the file"",""status"":""Error""}
"
data/clips/hausa_03.wav,hausa-english,afriswitchcare,whisper-large-v3-groq," Inaoni madam. Lafi alo. Amei sunanki. Adiza. Kikia nishakara na. Nishakara na msundi atakuas. Meaka uki asubichiyo. Mbana jindadini. Kafi nyapara. Ami yoshineyapara. Yanzi yake wata abikina. Okay. Kafi nyapara. Akwe abonde ya samehi. Kuku, akweli, kukua ni eventu diya paru? Iyari ya na ya mtu, iyari ya nakarida ni kiedeshi ya nzusati bide ya mtu kina. Akwe, su, wadansu simptom kwa mwan, bakia iya, iye bachi sosai? Iye bachi, bana iya nye bachi. Um, abanchifa? Bana iya che. Um, kina iya, iya abun, abun wawade. Kinaida kama ndu activity wewe kinaida. Abana iye ya abuwa ndana kiada. Kina agen koko like abuwa nda wewe wajen like kina agen things da no de. Unloka tina kanga abuwa ndaba haksini ya urumba. How about hearing? Una kanji loka tizu aloka iti Kina akwe wenzu time wende kina jifu kama yungi na soki I am not sure if I will be able to do it Do you have any time to tell us about your commitment to society Yes, I have a lot of time to tell you. Do you admit that you are a lesbian? Yes. Do you have any experience with surgery? Yes Do you have any other problems? Yes Do you have any other problems related to hypertension? Yes What is it? I have a lot of problems Ok Do you have any other problems related to the chicken family? No What is your name? What is your name? What is your name? Eluka T On mental state examination, the patient's mood was upset to be fine. The affect is depressed. The speech irrational. Thought is slow. Perception, there is auditory and visual hallucinations. insights was absent",Ina wuni madam lafiya lau miye sunanki hadiza ya shekara nawa shekara na 58 me ya kawo ki asibiti yau banajin dadi ne kafin ya fara English> I mean yaushe ne ya fara yanzu ya Kai wata biyu Kenan okay kafin ya fara akwai abunda ya same ki ehh ko kuwa akwai wani event Wanda ya faru ehh yarinya na ya mutu yarinya na kadai da nake dashi yanzu sati biyu da ya mutu kenan akwai su wadansu symptom kaman ba ki iya yin bacci sosai ehh ban iya bana iya yin bacci Abinci fa bana iya ci kina iya yin abubuwa Wanda kinayi da kaman indoor activity Wanda kinayi da A'a bana iya yin abubuwan da nakeyi a Da kingan Ko Ko like abun wanda be wajen like kinagan things that are not there ehh wani lokaci nakan ga abunda bashi ne a wurin ba how about hearing nakan ji lokaci zuwa lokaci Okay akwai wani time Wanda kina ji kaman kinaso kiyi committing suicide ehh shima inaji wani lokaci kamar in kashe kaina Okay Anyi admitting dinki a asibiti da A'a Kina da ko anyi Miki surgery da A'a anbaki jini da A'a kina da ko rashin lafiya kaman hypertension Ehh tun yaushe yakai wata shida yanzu Okay akwai wani su a cikin family dinki Wanda suna da wannan rashin lafiyan A'a babu kina sha taba A'a kina sha giya ehh lokaci Okay on mental state examination the patient mode was an absent to be fine and the apex is depressed the speech irrational thought is slow and perception there is auditory and visual designations insight was absent.,2.464,0.9037,0.4876,0.963,0.5442,
data/clips/hausa_03.wav,hausa-english,afriswitchcare,assemblyai-universal,"Inao ni madama? Lafya lao. Amei suno nji? Adiza. Kwe nchitakara naa? Chitakara naamu, sundia takwasu. Meakao kiasi vitiyo? Mbana zinda adini? Kafi nyafara? Ami yoshi nyafara? Yanzi haki wata albikina. Kafi nyafara, akwe abondea samehi? Kuku wa kwenye eventu diya paru? Yari nyana ya mutu. Yari nyana kari denike deshi ya nzusa atibide ya muti kina. Ako yei suu wadan suu symptom kama nabakya iya yibachi sose? Iba niya. Bana iya yinibachi. Abanchifa? Bana iya iti. Kina iya iya abu? Abubua wade kina ida, kama ndua activity wade kina ida? Naa, abana iya iya. Abubua ndana kia ida. Kina agan koko, um, like, abu wande bai wajan, like, kina agan things that are not there? E, unloka china kanga abu nda bahashini ya urumba. How about hearing? Naka nji loka chirua loka chirua. Kwa hivyo kwa hivyo, kwa hivyo, kwa hiviyo, kwa hiviyo, kwa hiviyo, kwa hivyo, kwa hiviyo, kwa hiviyo, kwa kwa hiviyo, kwa hiviyo, kwa hiviyo kwa hiviya, kwa hiviyo kwa hiviyo kwa hiviya, kwa hiviyo hifiyo hiviya, kwa hifiyo kwa hiviya, kwa hiviyo kwa hiviyo kwa hiviyo kwa hifiya, kwa hiivyo kwa hiviyi kwa hiviyi kwa hiviyu kwa hiviyu kwa hiviyi kwa hiviiyu kwa hifiyi hifiyu kwa hiviyu kwa hifiyu kwa hiviyu Kina kwa diko reshi lafya kaman hypertension? Ye. Tunyoshi? Ndiya kaiwata ashida yonzo. Ndiyo. Ndiyo? Ndiyo. Akoi wadensu wa chicken family dinki wadensu na diya wana reshi lafya? Ababu. Kina shataba? Kina shagia? Ye, lukati. Kwa kutumia kutumia, kwa kutumia, kutumia. Kwa kutumia, kutumia. Kutumia.",Ina wuni madam lafiya lau miye sunanki hadiza ya shekara nawa shekara na 58 me ya kawo ki asibiti yau banajin dadi ne kafin ya fara English> I mean yaushe ne ya fara yanzu ya Kai wata biyu Kenan okay kafin ya fara akwai abunda ya same ki ehh ko kuwa akwai wani event Wanda ya faru ehh yarinya na ya mutu yarinya na kadai da nake dashi yanzu sati biyu da ya mutu kenan akwai su wadansu symptom kaman ba ki iya yin bacci sosai ehh ban iya bana iya yin bacci Abinci fa bana iya ci kina iya yin abubuwa Wanda kinayi da kaman indoor activity Wanda kinayi da A'a bana iya yin abubuwan da nakeyi a Da kingan Ko Ko like abun wanda be wajen like kinagan things that are not there ehh wani lokaci nakan ga abunda bashi ne a wurin ba how about hearing nakan ji lokaci zuwa lokaci Okay akwai wani time Wanda kina ji kaman kinaso kiyi committing suicide ehh shima inaji wani lokaci kamar in kashe kaina Okay Anyi admitting dinki a asibiti da A'a Kina da ko anyi Miki surgery da A'a anbaki jini da A'a kina da ko rashin lafiya kaman hypertension Ehh tun yaushe yakai wata shida yanzu Okay akwai wani su a cikin family dinki Wanda suna da wannan rashin lafiyan A'a babu kina sha taba A'a kina sha giya ehh lokaci Okay on mental state examination the patient mode was an absent to be fine and the apex is depressed the speech irrational thought is slow and perception there is auditory and visual designations insight was absent.,14.249,0.9259,0.5493,0.9519,0.6037,
data/clips/hausa_04.wav,hausa-english,afriswitchcare,sahara-v2.5,,Ina wuni ina yini sir miye sunanki sunana Fatima ne Dan shekara nawa ne ke ai ni na Kai sittin me ya kawo ki asibitin mu yau na gan da cewa ina fitsari da yawa yaushe ya fara Kai fitsarin Nan ya Kai har wata daya Okay tunda ya fara wata Daya Wanda ya wuce ya worsen ehh yana karuwa kowane Rana okay kinajin kishin ruwa da yunwa excessively ehh Ina Jin kishin ruwa inajin yunwa ma sosai okay kaman so nawa ne kina tashi a bacci da daddare kiyi fitsari Zamu ce so hudu okaykinajin ko kinajin pain in kinayin fitsari A'a kinajin lower abdominal pain Babu kina da abdominal vaginal discharge A'a okay kinajin ko kina da tingling sensation kinajin kaman akwai shock a kafan ki ko hannu Ehh ehh wasu lokaci okay kinajin ko kina da some wounds Wanda basa healing sosai ehh Ina da ciwo haka baya warke da sauri ba okay kinada any history of hypertension ko diabetes da angaya miki wai kinada hypertension ko diabetes A'a kinada wani a cikin family Ku Wanda yanada diabetes ehh babana da kanina okay wani irin aiki ne kinayi ni mata Mai zama a gida ne Okay nagode nagode. On examination examination findings normal examination findings,,,,,,"Sahara upload failed for data/clips/hausa_04.wav (status 400): {""data"":{},""message"":""insufficient balance to process the file"",""status"":""Error""}
"
data/clips/hausa_04.wav,hausa-english,afriswitchcare,whisper-large-v3-groq," Am ina wini? Ina inisa. Am me sunanki? Sunana Fatimani. Dan shakara nananki? Aini naka isitin. Me aka uki asibiti mu yo? Na gandu chewa ina fisari diawa. Yo sheya para? Aki, fisari nani aki harvota dia. O, ok. Am tunde ya para watate ya wande ya uche? Ya wasin? E, ina karua ko unerana. Ok, kina jin kishinruwa dayungwa excessively? E, ina jin kishinruwa ina jin yuwa masose. Ok, kaman so na ane kina antashi ya barchi deredere ki yu pisari? A uche son hudu. Kin a jin ko, kin a jin pain in kin a yi pisari? A a. Kin a jin lower abdominal pain A bu Kin a The abdominal vagina discharge Kina Kina Cingling sensation Kiponki Kina Kina Some wound When the basu Ǝf nkō dà, ndanò ķ oku ndara. E, ndanò tẹcọ, o, ndi… All and you are coming from the same family, the same family, kį ndè, I am coming with the all-time long list of people ੒, ੒, ੒, kè, nè, ੒, ੒, ੒, ੒, ੒. OK. ੒, nè, ੒, ੒, ੒, ੒, ੒, ੒, ੒. On examination findings, normal examination findings.",Ina wuni ina yini sir miye sunanki sunana Fatima ne Dan shekara nawa ne ke ai ni na Kai sittin me ya kawo ki asibitin mu yau na gan da cewa ina fitsari da yawa yaushe ya fara Kai fitsarin Nan ya Kai har wata daya Okay tunda ya fara wata Daya Wanda ya wuce ya worsen ehh yana karuwa kowane Rana okay kinajin kishin ruwa da yunwa excessively ehh Ina Jin kishin ruwa inajin yunwa ma sosai okay kaman so nawa ne kina tashi a bacci da daddare kiyi fitsari Zamu ce so hudu okaykinajin ko kinajin pain in kinayin fitsari A'a kinajin lower abdominal pain Babu kina da abdominal vaginal discharge A'a okay kinajin ko kina da tingling sensation kinajin kaman akwai shock a kafan ki ko hannu Ehh ehh wasu lokaci okay kinajin ko kina da some wounds Wanda basa healing sosai ehh Ina da ciwo haka baya warke da sauri ba okay kinada any history of hypertension ko diabetes da angaya miki wai kinada hypertension ko diabetes A'a kinada wani a cikin family Ku Wanda yanada diabetes ehh babana da kanina okay wani irin aiki ne kinayi ni mata Mai zama a gida ne Okay nagode nagode. On examination examination findings normal examination findings,7.426,0.8606,0.4231,0.9279,0.4769,
data/clips/hausa_04.wav,hausa-english,afriswitchcare,assemblyai-universal,"I'm inawuni. Inawuni sa. May sunanki. Sunana fatimani. Dan shakarana aniki. Aini na kayi sitin? Miyaka ukhiya sibitimunyo. Nagen de che wa ina fisari diawa. Yoshiya para? Kayi fisari inani ya kayi arwotadia. Oh okay. Um thunde ya para watadia wande yauche. Ya wasin. Eh, hina karuwa ka wunirana. Okay, um, kina jin um kishiruwa dayungwa excessively. Eh, hina jin kishiruwa, hina jin yuwa masose. Okay, um, kamon sona ne kina antashi ya burchi ah dere dere ki yipesari. Awuche, sohudo. Okay, um, kina jin ko, um, kina jin, um, pain in kina episary? Ah. Kina jin, um, lower abdominal pain? Abu. Kina the abdominal vaginal discharge? Ah. Okay. Kina ji ko kina the tingling sensation? Come on, akwe shock, akwe panky. Ko ana? Ee, ee. One solo fuchi. Okay. Um, kina ji ko kina de um some wound when the buswa um healing so say? Ee, kina de chewa haka. Aya work de sorry ba. Okay. Um, kina de any um history of Hypertension, co-diabetes. Da, angiyamkiweyi kina de hypertension, co-diabetes. Ah ah ah. Kina de one chicken family kuwande ina de diabetes. Ee, papa na de kanina. Okay. Um, wande ire ayikene kina yi? Ni mata mezuma ayidali. Okay. Nagode. Nagode. On examination, um, examination findings, normal examination findings.",Ina wuni ina yini sir miye sunanki sunana Fatima ne Dan shekara nawa ne ke ai ni na Kai sittin me ya kawo ki asibitin mu yau na gan da cewa ina fitsari da yawa yaushe ya fara Kai fitsarin Nan ya Kai har wata daya Okay tunda ya fara wata Daya Wanda ya wuce ya worsen ehh yana karuwa kowane Rana okay kinajin kishin ruwa da yunwa excessively ehh Ina Jin kishin ruwa inajin yunwa ma sosai okay kaman so nawa ne kina tashi a bacci da daddare kiyi fitsari Zamu ce so hudu okaykinajin ko kinajin pain in kinayin fitsari A'a kinajin lower abdominal pain Babu kina da abdominal vaginal discharge A'a okay kinajin ko kina da tingling sensation kinajin kaman akwai shock a kafan ki ko hannu Ehh ehh wasu lokaci okay kinajin ko kina da some wounds Wanda basa healing sosai ehh Ina da ciwo haka baya warke da sauri ba okay kinada any history of hypertension ko diabetes da angaya miki wai kinada hypertension ko diabetes A'a kinada wani a cikin family Ku Wanda yanada diabetes ehh babana da kanina okay wani irin aiki ne kinayi ni mata Mai zama a gida ne Okay nagode nagode. On examination examination findings normal examination findings,8.689,0.8125,0.2871,0.9471,0.3845,
data/clips/hausa_05.wav,hausa-english,afriswitchcare,sahara-v2.5,,"Miye sunanka? Toh sunana Ibrahim Kai how old are you? shekara na 25 ne me ya kawo Ka asibiti yau? abinda ya kawo ni asibiti ne mutane suna Gaya min wai ina da rikici da yawa ina da zafin rai da yawa kullum fada fada nake yakai lokaci nawa yanzu kaman sati uku haka okay akwai wani lokaci Wanda kana iya yin bacci kafin wannan ya fara toh ba zan ma karya ba bana iya bacci don kusan kullum ina clubbing ne gani a club ina clubbing in sha wiwi inje club kawai toh shine so yana hanani bacci okay akwai lokacin Wanda kanayin wannan haushin jiki din kanayin ma su family member a tabbas Kam Okay akwai lokaci Wanda kana ji Ko mutane suna so su kashe Ka a gaskiya inaji hakan naji wai kasha bottle of methylated spirit Ko ehh nasha kwalba dai Amma bansan mene methylated spirit ba nasan nasha kwalban Abu Kana iya yin bacci sosai A'a bana iya bacci na Naga ya ma bana iya bacci sosai gaskiya okay kana iya cin abinci sosai ma wancan kan ma ina cin abinci sosai sosai kana iya yin su activity Wanda kana yi da a A toh baya hanani ni ai abubuwan da ina yi da har yanzu zan iya yi okay kana ji akwai lokaci Wanda kana ji Abu abubuwan Wanda mutane suna kusan Ka basaji ehh wani lokaci ba inaji kaman abunda da mutane ba saji ina gan kaman ni inajin okay akwai lokaci Wanda kana ganin Abu Wanda su mutane Wanda suna kusan Ka ba sa gani ehh tabbas shima haka zanji haka okay Ka yarda mutane suna yin persecution Dinka ehh na yarda wancan haka anyi admitting Dinka a asibiti da ba'a taba ba'a taba kwantar dani a asibiti okay anyi maka surgery da ehh an taba yi min surgery wani surgery anyi min appendix okay shekara biyu da ya wuce okay okay kana da rashin lafiyan hypertension Ko diabetes A'a ban dashi akwai wani a cikin family Dinka Wanda yana da wannan rashin lafiyan Wanda kana dashi yanzu A'a babu kana sha taba ehh ina shan taba Kam wani taba ne kana sha eh ina shan wiwi okay kaman nawa kana sha toh ina shan kaman pack shida fa okay a Rana okay kana sha giya ina shan giya wani irin giya ina shan su bolt su spirit Duka Duka ina sha Kana kaman so nawa kana sha toh gaskiya Kam in dai akwai dai ina shan kullum indai akwai kudi Okay on mental state exam the patient affect was irritable speech dinshi yana irrational and yana excessive thinking dinshi thus na patient din yana da fight of ideas thought broadcasting perception din patient din yana da auditory and visual hallucination inside din yana absent diagnosis Wanda nayi nayi diagnosis din psychosis investigation Wanda nayi require a hannun patient din shine urine toxicology, hawan jini complete blood count, electrolyte, urea da",,,,,,"Sahara upload failed for data/clips/hausa_05.wav (status 400): {""data"":{},""message"":""insufficient balance to process the file"",""status"":""Error""}
"
data/clips/hausa_05.wav,hausa-english,afriswitchcare,whisper-large-v3-groq," Doktor. A me sunaka. Tota suna naka Ibrahimi. Koi, how old are you? Shekara naka ashegin de Ibrahimi, doktor. Me akawo ka asibiti yo? Kamo de akawo ne asibiti, shi nini mtani suna gihamu we inade de kiti diyo. Ok. Na le zato yun re diyo, kundi mkwadako dani si. Yakoi, doko chi na enzo? Kama nisa ci ukuaka. Ok, akwe wane loko chimonde, kana iya iyo bachi kapi, wane ya para? Ntume ya bada, ma kariya wane iyo bachi don, kusam kulungi na klubi ne, gani na klubi, na klubi, nisha wibi nji klubi kawishi ne, sui na hana ni bachi. Akwe loko chimonde, kana iyo wane au shenji ki don, kana iyo ma sui family member? A tap baska. I g I I I Su kushika A raskena jina ka Na jee na jee woyi kasha a a a botolov a metlitespi To? E, na shakol bani, a, a, a, metlitespi. Bani la jina, sena shakol bani. A, a, a, a, A, a, a, a, a, a, a, a, a, a, a, a, a, a, a. A, a, a, a, a, a, a, a, a, a, a, a, a. I, nke, a, a, a, a, a, a, a, a, a, a, a, a, a, a, a, a, a, a. Su, si, ma, chenka ina, chan. Kan a yea iya suw activity when de kan a yei da? A doa bayi anani a i, abu konda i na i da, a rezi i a i ma. Kan a ji, a kwe loko chiwen de kan a ji abu bwa de muta ne wende suna kusa nka baswa a ji? A i, weni loko chiwa, i na i di kamo, abu nwata baswa a ji na i na i kamo, ni na i di kamo. A kwe loko chiwen de kan a ganu abu bwa de muta ne wende suna kusa nka baswa a gani? I yutaw pechima haka. Ok ka ayyatda muta a nishuna i pesekeusha dinka I yula no idea that it was not an operation I was not aware that it was an operation Why are you having this surgery? I did not know I had to have this surgery. You did not know you had to have this surgery. I have appendix. Ok. Since it is not beautiful. Ok, ok. I have also been suffering from an strokes for many years. Yes. Akwe wanin a chicken family dunka wade yina di wanan ration lapia wade kena li shien zwi? Ka, babu. Kena sha taba? Ina shen taba kamo. Wanen taba ni kena sha? To ina shen wimi. Ok. Ye. Kaman, ina kena sha? To ina sha kaman pak shida pa. Ok. Arana. Ok. Kena sha gya? Ina shen gya. Wanen iri gya? Ina ashe mw su hot, su spirit put kaduka ina asha. Kena, kamansu na kanasha. To eskiya ka ndi a kwe de ina ashe mw kundu ndi a kwe de Ok Ok পাৱের্ষণ োন োন পেশার োন যোন আ দে রোগে্ট্রী োন ঵ের্য োল োন আ লোগের্চে োন পেশার োন আ োন োন আ প৛ের োন আ পেশার ো প্লাস কান্ট, এৱেলেক্ষ্রো লেট্স, ভূর্য, দে প্রাইটিনী।","Miye sunanka? Toh sunana Ibrahim Kai how old are you? shekara na 25 ne me ya kawo Ka asibiti yau? abinda ya kawo ni asibiti ne mutane suna Gaya min wai ina da rikici da yawa ina da zafin rai da yawa kullum fada fada nake yakai lokaci nawa yanzu kaman sati uku haka okay akwai wani lokaci Wanda kana iya yin bacci kafin wannan ya fara toh ba zan ma karya ba bana iya bacci don kusan kullum ina clubbing ne gani a club ina clubbing in sha wiwi inje club kawai toh shine so yana hanani bacci okay akwai lokacin Wanda kanayin wannan haushin jiki din kanayin ma su family member a tabbas Kam Okay akwai lokaci Wanda kana ji Ko mutane suna so su kashe Ka a gaskiya inaji hakan naji wai kasha bottle of methylated spirit Ko ehh nasha kwalba dai Amma bansan mene methylated spirit ba nasan nasha kwalban Abu Kana iya yin bacci sosai A'a bana iya bacci na Naga ya ma bana iya bacci sosai gaskiya okay kana iya cin abinci sosai ma wancan kan ma ina cin abinci sosai sosai kana iya yin su activity Wanda kana yi da a A toh baya hanani ni ai abubuwan da ina yi da har yanzu zan iya yi okay kana ji akwai lokaci Wanda kana ji Abu abubuwan Wanda mutane suna kusan Ka basaji ehh wani lokaci ba inaji kaman abunda da mutane ba saji ina gan kaman ni inajin okay akwai lokaci Wanda kana ganin Abu Wanda su mutane Wanda suna kusan Ka ba sa gani ehh tabbas shima haka zanji haka okay Ka yarda mutane suna yin persecution Dinka ehh na yarda wancan haka anyi admitting Dinka a asibiti da ba'a taba ba'a taba kwantar dani a asibiti okay anyi maka surgery da ehh an taba yi min surgery wani surgery anyi min appendix okay shekara biyu da ya wuce okay okay kana da rashin lafiyan hypertension Ko diabetes A'a ban dashi akwai wani a cikin family Dinka Wanda yana da wannan rashin lafiyan Wanda kana dashi yanzu A'a babu kana sha taba ehh ina shan taba Kam wani taba ne kana sha eh ina shan wiwi okay kaman nawa kana sha toh ina shan kaman pack shida fa okay a Rana okay kana sha giya ina shan giya wani irin giya ina shan su bolt su spirit Duka Duka ina sha Kana kaman so nawa kana sha toh gaskiya Kam in dai akwai dai ina shan kullum indai akwai kudi Okay on mental state exam the patient affect was irritable speech dinshi yana irrational and yana excessive thinking dinshi thus na patient din yana da fight of ideas thought broadcasting perception din patient din yana da auditory and visual hallucination inside din yana absent diagnosis Wanda nayi nayi diagnosis din psychosis investigation Wanda nayi require a hannun patient din shine urine toxicology, hawan jini complete blood count, electrolyte, urea da",8.086,1.0,0.5401,1.0286,0.6003,
data/clips/hausa_05.wav,hausa-english,afriswitchcare,assemblyai-universal,"Doctor, um, me, me sunaka. So sunana Ibrahim. Uh, okay, how old are you? Okay, a kwi oney um lo kuchiwonde kana a kana iye iye bachi kabi wona yafara. Nto yabo le makariya babana iye bachi don't kusenkulunyina clubine, kanye ne club, nazi clubine, shawuvi nje club oshini, so inahanani bachi. Okay, um a kwi lo kuchiwonde kana iye wonan awushinji kiden, kana iye ma su family member. आता बस का। ओके, आखिर लोग कुछ में देखना जी को मुठाने सुना सो सुखशिका? हाँ, बस क्या है ना जी हाँ का। ना जी ना जी वही काशा बोतल ऑफ मेथिलेटेड स्पीड। तो ये ना शाकोल बादे हमारे पास हमें मेथिलेटेड स्पीड बांधने लायक ना ना सुना शाकोल बाद। Okay. Um, kana ia ibotši so se? Ah, wena ya botši na ke a wena ya botši so se? Okay. Ah, kana ia tšhiya bontši? So se maotweng ka ina tšhabi so se so se. Kana ia ia um su activity onde kana iye da? Ah, ba ba ya anane ya re nina a bo a bo bonda ina iye da a reze iye imang. Okay. Ah, kana di a kwe lo ko tšhiweng onde kana di a bo a bo bonda de motho a neng onde sena khutshwankgwa bašwa a di Eh, one loco chiba ina adika ngong. Abone uta abaswadi ina igani kangong ni ina adika. Ah, akwe loco chiba ndekhana gana abo ndesu imotane wondesuna akusankha baswagani? Iye, uta boshima aka, benze aka. Okay, kaya da motane suna yi persecution denka? Iye, nayida wonja aka, nayida wonja. Anyi, ayikha unadmit denka SBT da? Baataba baataba kontedanaba. Okay, am ba ayimukha surgery da? Iyantaba imu surgery. Wani surgery? Ayimu appendice. Okay. Shekarabili awuchi. Oh okay okay. Um, kana the risk in life ya hypertension, co-diabetes? Ah, abondishi. Akwae wani achikin family itunka wane ina the one non-risk in life ya wane kana adishiye nje? Ah, babu. Kana sha um taba ina sha taba ka wena taba ni kana sha ina sha mimi okay kaman na kana sha to ina sha kaman parkside pa okay harana okay um kana sha gea ina sha gea wena iwi gea ina sha susuhot suspiri food card ka ina sha kana kaman so na kana sha तो इसके अकल इंडिया कोई देना शाम कुल्लू दे इंडिया पे। okay। mental state exam patient mood was fine patient affect was irritable speech speech देंशे एना irrational हाँ एना excessive Thinking, then she thought, no pressure. Then, you know, the flight of ideas, thoughts broadcasting. Perception, then pressure. Then, you know, the auditory and visual hallucination. Insight, then, you know, absent. Diagnosis, when the diagnosis drug-induced psychosis. Investigation on the Now require anam patient done. She need urine toxicology, um, how on Jenny complete blood count, um, electrolytes, urea, the creatinine.","Miye sunanka? Toh sunana Ibrahim Kai how old are you? shekara na 25 ne me ya kawo Ka asibiti yau? abinda ya kawo ni asibiti ne mutane suna Gaya min wai ina da rikici da yawa ina da zafin rai da yawa kullum fada fada nake yakai lokaci nawa yanzu kaman sati uku haka okay akwai wani lokaci Wanda kana iya yin bacci kafin wannan ya fara toh ba zan ma karya ba bana iya bacci don kusan kullum ina clubbing ne gani a club ina clubbing in sha wiwi inje club kawai toh shine so yana hanani bacci okay akwai lokacin Wanda kanayin wannan haushin jiki din kanayin ma su family member a tabbas Kam Okay akwai lokaci Wanda kana ji Ko mutane suna so su kashe Ka a gaskiya inaji hakan naji wai kasha bottle of methylated spirit Ko ehh nasha kwalba dai Amma bansan mene methylated spirit ba nasan nasha kwalban Abu Kana iya yin bacci sosai A'a bana iya bacci na Naga ya ma bana iya bacci sosai gaskiya okay kana iya cin abinci sosai ma wancan kan ma ina cin abinci sosai sosai kana iya yin su activity Wanda kana yi da a A toh baya hanani ni ai abubuwan da ina yi da har yanzu zan iya yi okay kana ji akwai lokaci Wanda kana ji Abu abubuwan Wanda mutane suna kusan Ka basaji ehh wani lokaci ba inaji kaman abunda da mutane ba saji ina gan kaman ni inajin okay akwai lokaci Wanda kana ganin Abu Wanda su mutane Wanda suna kusan Ka ba sa gani ehh tabbas shima haka zanji haka okay Ka yarda mutane suna yin persecution Dinka ehh na yarda wancan haka anyi admitting Dinka a asibiti da ba'a taba ba'a taba kwantar dani a asibiti okay anyi maka surgery da ehh an taba yi min surgery wani surgery anyi min appendix okay shekara biyu da ya wuce okay okay kana da rashin lafiyan hypertension Ko diabetes A'a ban dashi akwai wani a cikin family Dinka Wanda yana da wannan rashin lafiyan Wanda kana dashi yanzu A'a babu kana sha taba ehh ina shan taba Kam wani taba ne kana sha eh ina shan wiwi okay kaman nawa kana sha toh ina shan kaman pack shida fa okay a Rana okay kana sha giya ina shan giya wani irin giya ina shan su bolt su spirit Duka Duka ina sha Kana kaman so nawa kana sha toh gaskiya Kam in dai akwai dai ina shan kullum indai akwai kudi Okay on mental state exam the patient affect was irritable speech dinshi yana irrational and yana excessive thinking dinshi thus na patient din yana da fight of ideas thought broadcasting perception din patient din yana da auditory and visual hallucination inside din yana absent diagnosis Wanda nayi nayi diagnosis din psychosis investigation Wanda nayi require a hannun patient din shine urine toxicology, hawan jini complete blood count, electrolyte, urea da",14.668,0.8548,0.4704,0.8998,0.5253,
data/clips/hausa_06.wav,hausa-english,afriswitchcare,sahara-v2.5,,Ina wuni lafiya miye sunanan yarinyanka sunanta Faiza shekara nawa shekaranta uku meyasa Kun kawo ta asibiti yau? Saboda tana da zafin jiki sannan Kuma tana shurewa zafin jikin din ya Kai kwana nawa? Kwana daya ne shurewa din Yana lasting kaman how many minutes? Kaman minti uku ne Kawai per episodes ko? Okay zafin jiki din ya haura sama sosai ne ko kadan ne? Ehh ya haura zuwa kusan 38. 1 da muka gwada a gida okay yananan continuously ne ko Yana raguwa haura sama? Yana nan just hakane ba karuwa ba raguwa akwai wani abu Wanda kunayi a gida Wanda Yana Bata sauki? Eh mukanyi mata Okay shurewa din ya faru abruptly ne ko Yana faruwa gradually? Ya kan faru just abruptly ne kawai tay losing consciousness? Ehh ta kan losing consciousness kace wai yayi lasting kaman 3 minutes ko? Inta bayan shurewa din tana yin bacci? Ehh ta kan yi bacci kaman minti nawa ? Kaman awa Daya hakannan tana na iya cin abinci sosai lokacin nan ? Kai ba sosai ba tanada any neck pain ? Kai Babu stiffness fa? Bata dashi tana da any developmental delays? Kai Babu Wani developmental delay akwai wani lokaci Wanda tana da neonatal jaundice? Babu tana da rashin lafiya lokacin da tana kaman 28 days? Kai babu okayta karba immunization completely for her age? Ehh ta karbaokay tanada akwai wani ko akwai any discharge data hancin ta koi ido ko bakinta? Kai babu Okay akwai any injury ko abunda ya buga ta akai A'a babu okay kave wai ba history of developmental delay ko? Babu okay akwai kun ga alama ko tana da behavioral change or any abnormal neurological findings ko kafanta Bata iya daga hannu ko kafa? A'a Babu okay tanayin tari ? Kai Bata Tari numfashin ta Yana zuwa daidai? Yana kan Yana zuwa daidai okay tana intanayin numfashi Kuna jin ihu ? A'a Babu okay tana yin amai ko zawo ? A'a Bata amai tanada abdominal pain? Kai babu Lokacin da tanayin fitsari tanayin kuka? A'a babu kungan alama ko akwai jini a cikin fitsarin ta ? A'a Babu an admitting dinta a asibiti da ? Babu an Bata jin da? Babu tayi surgery da babu? Okay akwai wani a cikin family dinku Wanda Yana da seizures ko rashin lafiyan farfadiya? A'a Babu me farfadiya okay akwai gidan Wanda Kuna zama tana zama da waye da iyayenta da yar uwanta? Ehh tana zama da iyayenta da yan uwanta Okay Wani Irin gida ne Kuna zama ? Muna zama a gida me daki biyu ne 2 bedroom apartment okay wani irin ruwa ne kuna sha? Muna Shan ruwan mu daga borehole ne okay wani irin toilet ne Kuna yi amfani dashi ? Irin dai modern water closet dinnan ne ita number miye ne a cikin children of the family? Ehh ita na ta uku ce okay tana zuwan makaranta? Ehh tana zuwan daycare Okay akwai wani yaro a cikin gida Wanda Yana da Rashin lafiya ? Babu Any recent travels? A'a babu akwai tana Shan any magani yanzun? Babu Bata Shan magani okay tana tasha antibiotics recently? Kai babu Bata sha ba okay akwia wani magani ko abinci Wanda Yana Bata allergy? Kai babu okay thank you,,,,,,"Sahara upload failed for data/clips/hausa_06.wav (status 400): {""data"":{},""message"":""insufficient balance to process the file"",""status"":""Error""}
"
data/clips/hausa_06.wav,hausa-english,afriswitchcare,whisper-large-v3-groq," Ina uni. Aifia. Me sunon yari yanka. Sunem to fa izap. Yen jekara na. Jekara to uku. Me ya sa akun kaw ta subiti yo. Sabo de, tena de zapin jiki senon kumota na shiure wa. Zapin jiki tena ya koi kwanana. Kwanana enyo. Shiure wa den, ena lasting kaman how many minutes? Kaman minutes uku ni kawa. Pa episode ku. Ok, za pi njikin, ya haura sa ma su sayi ni ku katani? Ya haura zua ku san ta 38.1, da muka gwa ta agida. E na nan continuous li ni ku, e na ragua, haura sama? E na nan just haka ni ku, ba ya kagwa, ba ya ragua. ਹੂੰ֋, ୋલোન্અ ? Ya aparu abruptly ni e ku en a aparu gradually Ya kan aparu Just abruptly ni e kawati Ta you losing consciousness Ye Ta kan losing consciousness It will last for about three minutes What is your problem? Are you sick? Yes, I am sick. Are you sick? Yes, I am sick. Do you have any pain in your neck? Yes, I have pain in my neck. any neck pain? no stiffness? no any developmental delays? no any developmental delays? any neonatal disease? no any rations loss? no any 28 days? no any caraba immunization? yes Yes, I have. Do you have any discharge or any injuries? No, I don't have any. Do you have any injuries or any injuries that you can recover No I don have any and the history of the weapon Yes I do Okay Do you know the behavior change? Or any abnormal neurological findings? Do you know any of the details? Yes, I do. Okay. Do you have a name? Yes, I do. Are you feeling better? Yes, I feel better. Do you feel any pain in your legs? No, I don't. Do you feel any pain in your arms? No, not at all. Do you have abdominal pain? No, I don't. Do you feel any pain in your legs? No, I don't. Is your husband in a hospital? Yes. Is he admitted to hospital? Yes. Is he a doctor? Yes. Is he a doctor? Yes. Do you know any of his family members who have seizures, or have a relapsed life Yes we have a relapsed life Okay Ration laf ya an pari pa di ya A babu babu mi pari pa di ya Ok a kwe i gida wende kuna zama tana zama de wa e de e a ento de yon wanta E tana zama de e a ento de yon wanta. Ok, wane i rungida ne kuna zama? Kuna zama a gida me da ki gini, tu be shema pasi. OK . Wanei iro rwane ku nane shah ? Wanei ka shng rwo mudka pwo wanei. OK . Wanei iro to letne ku naa ian paandesh ? Itin di model wuataha kluzon in nani . Itan namba meionee a chicken eee ... aa .. children of the family ? Itana .. itatayoko chi OK , tenha ziwen , makar ein ta ? iwa tena ziwen dike . O, OK Akwirwini yaru ə ʈikin gta wèn də jenna də rasion lap ja? Babu. Any recent travels? Ɛa, babu. Tana ʃən, any magani yon zu? Babu, wato ʃana magani. Tana ʆa ʐantibiotics recently? Kaj babu, wato ʃana. Akwirwini magani koo abınji wən də jenna abat aledi? Kaj babu. Thank you. প্রাক্ষি প্রাক্ষি প্রাক্ষি",Ina wuni lafiya miye sunanan yarinyanka sunanta Faiza shekara nawa shekaranta uku meyasa Kun kawo ta asibiti yau? Saboda tana da zafin jiki sannan Kuma tana shurewa zafin jikin din ya Kai kwana nawa? Kwana daya ne shurewa din Yana lasting kaman how many minutes? Kaman minti uku ne Kawai per episodes ko? Okay zafin jiki din ya haura sama sosai ne ko kadan ne? Ehh ya haura zuwa kusan 38. 1 da muka gwada a gida okay yananan continuously ne ko Yana raguwa haura sama? Yana nan just hakane ba karuwa ba raguwa akwai wani abu Wanda kunayi a gida Wanda Yana Bata sauki? Eh mukanyi mata Okay shurewa din ya faru abruptly ne ko Yana faruwa gradually? Ya kan faru just abruptly ne kawai tay losing consciousness? Ehh ta kan losing consciousness kace wai yayi lasting kaman 3 minutes ko? Inta bayan shurewa din tana yin bacci? Ehh ta kan yi bacci kaman minti nawa ? Kaman awa Daya hakannan tana na iya cin abinci sosai lokacin nan ? Kai ba sosai ba tanada any neck pain ? Kai Babu stiffness fa? Bata dashi tana da any developmental delays? Kai Babu Wani developmental delay akwai wani lokaci Wanda tana da neonatal jaundice? Babu tana da rashin lafiya lokacin da tana kaman 28 days? Kai babu okayta karba immunization completely for her age? Ehh ta karbaokay tanada akwai wani ko akwai any discharge data hancin ta koi ido ko bakinta? Kai babu Okay akwai any injury ko abunda ya buga ta akai A'a babu okay kave wai ba history of developmental delay ko? Babu okay akwai kun ga alama ko tana da behavioral change or any abnormal neurological findings ko kafanta Bata iya daga hannu ko kafa? A'a Babu okay tanayin tari ? Kai Bata Tari numfashin ta Yana zuwa daidai? Yana kan Yana zuwa daidai okay tana intanayin numfashi Kuna jin ihu ? A'a Babu okay tana yin amai ko zawo ? A'a Bata amai tanada abdominal pain? Kai babu Lokacin da tanayin fitsari tanayin kuka? A'a babu kungan alama ko akwai jini a cikin fitsarin ta ? A'a Babu an admitting dinta a asibiti da ? Babu an Bata jin da? Babu tayi surgery da babu? Okay akwai wani a cikin family dinku Wanda Yana da seizures ko rashin lafiyan farfadiya? A'a Babu me farfadiya okay akwai gidan Wanda Kuna zama tana zama da waye da iyayenta da yar uwanta? Ehh tana zama da iyayenta da yan uwanta Okay Wani Irin gida ne Kuna zama ? Muna zama a gida me daki biyu ne 2 bedroom apartment okay wani irin ruwa ne kuna sha? Muna Shan ruwan mu daga borehole ne okay wani irin toilet ne Kuna yi amfani dashi ? Irin dai modern water closet dinnan ne ita number miye ne a cikin children of the family? Ehh ita na ta uku ce okay tana zuwan makaranta? Ehh tana zuwan daycare Okay akwai wani yaro a cikin gida Wanda Yana da Rashin lafiya ? Babu Any recent travels? A'a babu akwai tana Shan any magani yanzun? Babu Bata Shan magani okay tana tasha antibiotics recently? Kai babu Bata sha ba okay akwia wani magani ko abinci Wanda Yana Bata allergy? Kai babu okay thank you,8.012,0.9223,0.4824,0.9685,0.5287,
data/clips/hausa_06.wav,hausa-english,afriswitchcare,assemblyai-universal,"Inaouni? Afia. Mei suno yari yonka? Suno mtofa iza. Yen chakara na? Chakara nto uku. Mea saa kunkauta asubiti yo. Saba ule, tena ale zaapinji kisa, nzomu kumuta na shure wa? Zaapinji kiti ya kai kwana na? Kwana enyo. Shure waden yena lasting kaman how many minutes? Kamaminti uko ni ikawa. Pa episode ku? Zafi njikini, ya haura sama suse ineku katani? Ya haura zua 38.1, damu kagwata haikida. Ena nun continuously ineku, yena raguwa, haura sama? Ena nun just haka niko, baga raguwa, baga raguwa. Kwa hivyo, kwa hivyo kwa hivyo, kwa hiviyo, kwa hiviyo, kwa hiviyo, kwa hiviyo, kwa hivyo, kwa hiviyo, kwa hiviyo. Kwa hiviyo kwa hivi, kwa hiviyo, kawa hiviyo. Kwa hiviyo kwa hiviyo, kawa hiviyo, kwa hiviyo. Kwa hiviyo kwa hiviyoyo, kawa hiviyo, kawa hiviyoyo. Kwa hiviyo kwa hiviyo, kawa hiviyoya. Kwa hifiyoyo kwa hiviyi, kawa hifiyoyo. Kawa hiviyoyo kwa hiviyi, kawa hiviyoyo. Kwa hiviyoyo kwa hiviyoyo. K Tana yi yubachi? Yitaka yi yubachi. Kama mtu na? Kama awa ihaka na. Tana iya chia benshi sose loko chini? Kaya ba sose wa? Tana de any neck pain? Kaya babu. Stiffness wa? Bata deshi. Tana de any developmental delays? Kaya babo wanidevelopmental. Akwe wani loko chini wande tana de neonatal jaundice? Babo. Tana de Rishi nilafi ya loko chema na tana Kaman 28 days Kaya wabu Taa kariba immunization completely 4H? Ndi, ni taa kariba Tana de akwe waniko, akwe any discharge daga anchi taa kuu ido kuu bakinta? Kaya wabudu Akoi any injury kuu abu... Akoi mwenye abu mwenye abugata kai? Haa, haa, wawo. Okay. Kacheweba history of developmental delay kuu? Haa, wawo. Okay. Akoi kunga alama kuu tana de behavioral change? O any abnormal neurological findings kuu kapa nto bata iyan daga ano kuu kapa? Haa, haa, waw. Okay. Tana yin tari? Kaya bata tari. Nopashi nta yena zua didi? Yena zua didi. Tana yin tana yin nopashi kuna ji ihu? Kaya babo. Tana yi amaiko zao? Kaya bati. Tana de ... Abdominal pain? Kaya babu. Loko chimo nda tana yin pisari tana yi kuka? Kungan alama kuu akoi jini a chikin pisarinta? Anadmiti ndenda asibiti da? Mbabu. Ambata jini da? Mbabo. Tayi soju ida? Mbabu Akoi wene a chikin family dunku wene ina de Seizure school, Rational life ya paripadya? Mbabu, mbabu wee paripadya. Akoi Gida wende kuna azama, itana azama de wae, de iya enta de yama uwanuta? Itana azama de iya ente de yama uwanuta. Okay. Wene iri gida ne kuna azama? Kuna azama, a gida maida kibuni, tube chuma paswa. Okay. Wene iri ruwa ne kuna nsha? Nsha ruwa mwede kubo wene. Okay. Wene iri tolete ne kuna iya mpandeshi? Kwa hivyo kwa kwa hivyo hivyo kufanya kwa kwa kufanya kufanya? Kwa hivyo kwa kufanya kwa kufanya? Kwa hiviyo kwa kufanya kwa kufanga? Kwa hiviyo kwa kifanya kwa kufanga? Kwa hiviyo kwa hiviyo kufanya kwa kifanga? Kwa hiiviyo kwa hiviyo kwa kifanga? Kwa hifiyo kwa kifanga? Kwa hifiyo kwa kifanga? Kwa hivyo, kwa hivyo. Kwa hivyo, kwa hivi.",Ina wuni lafiya miye sunanan yarinyanka sunanta Faiza shekara nawa shekaranta uku meyasa Kun kawo ta asibiti yau? Saboda tana da zafin jiki sannan Kuma tana shurewa zafin jikin din ya Kai kwana nawa? Kwana daya ne shurewa din Yana lasting kaman how many minutes? Kaman minti uku ne Kawai per episodes ko? Okay zafin jiki din ya haura sama sosai ne ko kadan ne? Ehh ya haura zuwa kusan 38. 1 da muka gwada a gida okay yananan continuously ne ko Yana raguwa haura sama? Yana nan just hakane ba karuwa ba raguwa akwai wani abu Wanda kunayi a gida Wanda Yana Bata sauki? Eh mukanyi mata Okay shurewa din ya faru abruptly ne ko Yana faruwa gradually? Ya kan faru just abruptly ne kawai tay losing consciousness? Ehh ta kan losing consciousness kace wai yayi lasting kaman 3 minutes ko? Inta bayan shurewa din tana yin bacci? Ehh ta kan yi bacci kaman minti nawa ? Kaman awa Daya hakannan tana na iya cin abinci sosai lokacin nan ? Kai ba sosai ba tanada any neck pain ? Kai Babu stiffness fa? Bata dashi tana da any developmental delays? Kai Babu Wani developmental delay akwai wani lokaci Wanda tana da neonatal jaundice? Babu tana da rashin lafiya lokacin da tana kaman 28 days? Kai babu okayta karba immunization completely for her age? Ehh ta karbaokay tanada akwai wani ko akwai any discharge data hancin ta koi ido ko bakinta? Kai babu Okay akwai any injury ko abunda ya buga ta akai A'a babu okay kave wai ba history of developmental delay ko? Babu okay akwai kun ga alama ko tana da behavioral change or any abnormal neurological findings ko kafanta Bata iya daga hannu ko kafa? A'a Babu okay tanayin tari ? Kai Bata Tari numfashin ta Yana zuwa daidai? Yana kan Yana zuwa daidai okay tana intanayin numfashi Kuna jin ihu ? A'a Babu okay tana yin amai ko zawo ? A'a Bata amai tanada abdominal pain? Kai babu Lokacin da tanayin fitsari tanayin kuka? A'a babu kungan alama ko akwai jini a cikin fitsarin ta ? A'a Babu an admitting dinta a asibiti da ? Babu an Bata jin da? Babu tayi surgery da babu? Okay akwai wani a cikin family dinku Wanda Yana da seizures ko rashin lafiyan farfadiya? A'a Babu me farfadiya okay akwai gidan Wanda Kuna zama tana zama da waye da iyayenta da yar uwanta? Ehh tana zama da iyayenta da yan uwanta Okay Wani Irin gida ne Kuna zama ? Muna zama a gida me daki biyu ne 2 bedroom apartment okay wani irin ruwa ne kuna sha? Muna Shan ruwan mu daga borehole ne okay wani irin toilet ne Kuna yi amfani dashi ? Irin dai modern water closet dinnan ne ita number miye ne a cikin children of the family? Ehh ita na ta uku ce okay tana zuwan makaranta? Ehh tana zuwan daycare Okay akwai wani yaro a cikin gida Wanda Yana da Rashin lafiya ? Babu Any recent travels? A'a babu akwai tana Shan any magani yanzun? Babu Bata Shan magani okay tana tasha antibiotics recently? Kai babu Bata sha ba okay akwia wani magani ko abinci Wanda Yana Bata allergy? Kai babu okay thank you,14.745,0.8542,0.4368,0.9091,0.4927,
data/clips/hausa_07.wav,hausa-english,afriswitchcare,sahara-v2.5,,"Ina wuni lafiya miye sunanka sunana yakubu Kai Dan shekara nawa ne shekara na 52 me ya kawo asibiti yau nazo asibiti saboda ance mun wai BP nawa ya karu da mukaje Wani outreach kana da ciwon Kai ehh inada ciwon Kai kanaji bugan zuciyan ka ehh inajin bugun zuciya kana yin bacci sosai ? A'a bani bacci sosai kanajin ciwo a kirjin ka? babu kana da kumburin kafa? Babu kana wuyan yin numfashi? Babu kana Jin ciwo a bayan kafan ka? Babu angaya Maka da wai kana da diabetes ko A'a okay akwai Wani a cikin family ka Wanda suna hypertension ko diabetes? Babu. On examination examination findings general examination din komai normal the CVS examination the pulse rate 86 bpm, the blood pressure 162/100mmHg heart sound dinshi S1 da S2 only",,,,,,"Sahara upload failed for data/clips/hausa_07.wav (status 400): {""data"":{},""message"":""insufficient balance to process the file"",""status"":""Error""}
"
data/clips/hausa_07.wav,hausa-english,afriswitchcare,whisper-large-v3-groq," E nao ni? A fia. Am mi e sunanka? Sunana ya kubu. E dan shakara naa ni? Shakara naa hamsi ndabiu. Am mi a kao ka asibiti yo? Nya zo asibiti sabo da an chemu wa i bp na wa ya kao, da muka je wa ni outreach. O. Kana de chiwa mkai? E ina de chiwa mkai. Kana je mbugan zuchi anka? E ina je mbugan zuchi anka. Ka nga, de, ka nga iye barci sosay? A a a panu barci sosay. Ka nga nji i chiwo a krijenka? Bongo. Ka nga deko berni ka pa? Bongo. Ka nga, we a nji nofashi? Bongo. Ka nga jin chiwo a bayan ka pa nga? Bongo. A nga amu ka da woi ka nga de diabetes ko? A a. ʾakoi wuni ʾchicken fami denka wɔ de suna ʾi ʾipatensi nko diabetes on examination, examination findings. General examination, the CVS examination, the pulse rate, 86 beats per minute, the blood pressure, 162 over 100 mmHg, heart sound injury, S1, the S2 only.","Ina wuni lafiya miye sunanka sunana yakubu Kai Dan shekara nawa ne shekara na 52 me ya kawo asibiti yau nazo asibiti saboda ance mun wai BP nawa ya karu da mukaje Wani outreach kana da ciwon Kai ehh inada ciwon Kai kanaji bugan zuciyan ka ehh inajin bugun zuciya kana yin bacci sosai ? A'a bani bacci sosai kanajin ciwo a kirjin ka? babu kana da kumburin kafa? Babu kana wuyan yin numfashi? Babu kana Jin ciwo a bayan kafan ka? Babu angaya Maka da wai kana da diabetes ko A'a okay akwai Wani a cikin family ka Wanda suna hypertension ko diabetes? Babu. On examination examination findings general examination din komai normal the CVS examination the pulse rate 86 bpm, the blood pressure 162/100mmHg heart sound dinshi S1 da S2 only",4.444,1.0,0.356,1.1278,0.4317,
data/clips/hausa_07.wav,hausa-english,afriswitchcare,assemblyai-universal,"Ee nahone afhiya, mihisunaka, sinalala ya kuvhula, hei nda ni swikela na hani, swikela na hamsin debiwa, mihia khaho kha SBT yo, ya to SBT sa vho uri a ni tshi muṅwe B_P na wa ya khaho, ṱoḓa mu kha dzhii wani outreach, kana ḓi tshi wana khai, ee i na ḓi tshi wana khai, kana a dzhii vhunga dzutshi ya kha. Kana di kana ye ba tšhiso se a ba ne ba tšhiso se kana nje tšhiwo a krygen ka babo kana dikoborinkapa babo kana um weyang ye nopashi babo kana nje tšhiwo a bayankapan ka babo a angiamokgada o e kana The diabetes, okay. According to checking family, then the hypertension, diabetes. On examination, examination findings, general examination, then coma, normal. Um, the CVS examination, the pulse rate, um, 86 beats per minute. The blood pressure, 162 /100mmHg Hassan Dinche S1 the S2 only.","Ina wuni lafiya miye sunanka sunana yakubu Kai Dan shekara nawa ne shekara na 52 me ya kawo asibiti yau nazo asibiti saboda ance mun wai BP nawa ya karu da mukaje Wani outreach kana da ciwon Kai ehh inada ciwon Kai kanaji bugan zuciyan ka ehh inajin bugun zuciya kana yin bacci sosai ? A'a bani bacci sosai kanajin ciwo a kirjin ka? babu kana da kumburin kafa? Babu kana wuyan yin numfashi? Babu kana Jin ciwo a bayan kafan ka? Babu angaya Maka da wai kana da diabetes ko A'a okay akwai Wani a cikin family ka Wanda suna hypertension ko diabetes? Babu. On examination examination findings general examination din komai normal the CVS examination the pulse rate 86 bpm, the blood pressure 162/100mmHg heart sound dinshi S1 da S2 only",13.967,0.8712,0.4363,0.9774,0.4918,
data/clips/hausa_08.wav,hausa-english,afriswitchcare,sahara-v2.5,,"Ina wuni sir Lafiya miye sunanka sunana Usman Kai dan shekara nawa ne shekara na 60 me ya kawo ka asibitin mu yau gwiwa nane yakemin zafi yaushe ya fara? Sati biyu da Suka wuce zafi Zafi Wanda kanaji Yanzu ya fara gradually ne ko suddenly? Ehh ya Dan fara dan kadan kadan ne gradually Hakan Nan okay wane irin pain ne kanaji sharp ko aching pain? Inajin aching pain ne actually okay pain din in kanaso ka bashi grade daga 1 zuwa 10 Wani grade ne Zaka bashi? Ehh daga 1 zuwa 10 zance kaman 6/10 hakan Nan okay pain Din Yana zuwa Yana radiating zuwa ko ina a kafa? A'a baya radiating Yana Nan DAI wuri Daya ne Hakan Nan okay kana kasan abunda kanayi wanda Yana baka relief a wannan pain din? Kai babu fa zafi yakemin kowane lokaci pain din akwai Wani Lokaci Wanda yana Yana worsen ? Ehh ehh akwai lokaci okay ya Yana worsen Yana worsen? Ehh kaman kaman idan Lokaci as the day progresses Hakan Nan DAI zafin Yana min sosai Okay ka Fadi da ne ? A'a daga kafadin? A' a ban taba fadi ba akwai Wani Abu Wanda ya same ka a kafadin da? A' a babu kana da any swelling kumbura ko deformity a kafa din? A'a kafana normal,code switch > ne ba swelling ko deformity kana da any pain a ko Ina a jikinka apart from gwiwa din? A'a babu okay wane irin aiki ne kana Yi Yanzu? Ehh nidai am a retired traffic controller officer okay nagode sosai on examination normal findings",,,,,,"Sahara upload failed for data/clips/hausa_08.wav (status 400): {""data"":{},""message"":""insufficient balance to process the file"",""status"":""Error""}
"
data/clips/hausa_08.wav,hausa-english,afriswitchcare,whisper-large-v3-groq," Good morning Sir. Good morning. How are you? I am good. I am Osman. Thank you very much. Thank you very much. May I ask you a question? What is your name? Yoshi. What is your name? I am Satibu. What is your name? I am Satibu. I am a Kanadji. What is your name? My name is Gajwa. My name is Gajwa. When I read the pen, it is a sharp and sharp pen. It is a sharp pen actually. Okay. The pen, I think it is a grade pen. It is a... ...goma. It is a grade pen. It is a goma pen. I think it is a 6 over 10 pen. Okay. Is there any radiation in the cup? No, there is no radiation. What is the reason? The customer is asking for a relief What is the relief The are feeling Yes I am feeling better What is the pain you are feeling Is it getting worse Yes, it is getting worse. Is it getting worse? I don't know if there is progress in the process. Okay. Did you get any pain? Yes. I'm sorry. I'm sorry. I'm sorry. Did you get any swelling or deformity? No, I didn't get any swelling or deformity. any pain or pain in your body apart from the pain in your body? yes ok what is your name? I am a retired traffic controller officer ok now go ahead on examination number findings","Ina wuni sir Lafiya miye sunanka sunana Usman Kai dan shekara nawa ne shekara na 60 me ya kawo ka asibitin mu yau gwiwa nane yakemin zafi yaushe ya fara? Sati biyu da Suka wuce zafi Zafi Wanda kanaji Yanzu ya fara gradually ne ko suddenly? Ehh ya Dan fara dan kadan kadan ne gradually Hakan Nan okay wane irin pain ne kanaji sharp ko aching pain? Inajin aching pain ne actually okay pain din in kanaso ka bashi grade daga 1 zuwa 10 Wani grade ne Zaka bashi? Ehh daga 1 zuwa 10 zance kaman 6/10 hakan Nan okay pain Din Yana zuwa Yana radiating zuwa ko ina a kafa? A'a baya radiating Yana Nan DAI wuri Daya ne Hakan Nan okay kana kasan abunda kanayi wanda Yana baka relief a wannan pain din? Kai babu fa zafi yakemin kowane lokaci pain din akwai Wani Lokaci Wanda yana Yana worsen ? Ehh ehh akwai lokaci okay ya Yana worsen Yana worsen? Ehh kaman kaman idan Lokaci as the day progresses Hakan Nan DAI zafin Yana min sosai Okay ka Fadi da ne ? A'a daga kafadin? A' a ban taba fadi ba akwai Wani Abu Wanda ya same ka a kafadin da? A' a babu kana da any swelling kumbura ko deformity a kafa din? A'a kafana normal,code switch > ne ba swelling ko deformity kana da any pain a ko Ina a jikinka apart from gwiwa din? A'a babu okay wane irin aiki ne kana Yi Yanzu? Ehh nidai am a retired traffic controller officer okay nagode sosai on examination normal findings",2.444,0.9234,0.6327,0.9394,0.6713,
data/clips/hausa_08.wav,hausa-english,afriswitchcare,assemblyai-universal,"こんにちは。こんにちは。メイスなんか。スナナオスマン。ペイデン、シャクレアナに。シャクレアナスキン。メアカオカシビティもよ。いいわなにケムンザピ。よしやっぱ。サティビードスケブチ。うん。ザピワンデイなかなじやんず。やっぱりグラデアリネコソデンで。いややっぱりなんかなんかねグラデアリハカンな。 Okay, um, one iri pen ne kanajin sharp ko ekim pen. Inajin ekim pen ni actually. Okay, um, pen dan nkanaso kabashi grade. Daga, ayazuwa, um, goma. One grade ni za kabashi. Okay, daga, ayazuwa goma dan cikamong ah six over ten hakan no. Okay, pendant in a zoo, in a radiating zoo, a koi in a copper. Ah, by radiating, in a nandiwuridani hakuna. Okay, kana kasana abundo kana yin wande in a bak relief, a wonan pendant. Kai babo, pasafi kimu koi wande lokotchi. Pendant, a koi wande lokotchi wande in a in a wasin. Ee, ee, akwelo kachi. Okay, so um yeah, yena worsen, yena worsen. Ee, kaman, kaman, idonlo kachi as the day progresses, ha, kenen de zapping yena muso, say. Okay, um ka kai ka padi da ne? Ah ah. The ka paden? Ah ah, bontoh padi. Akoyi wone aboye de ya same ka ka paden da? Ah ah, babo. Okay, um, Canada, any swelling? Kumbura ko deformity akas badun? Ah, kapana numan ni ba ko swelling ko deformity. Canada, any pain? Ah, ko ina jiking ka apart from ngiwadun? Ah, babo. Okay, um, wena iraykin na kanayian zu? Eh, nidi I'm a retired traffic controller officer. Oh, okay. Now go this way. On examination, normal findings.","Ina wuni sir Lafiya miye sunanka sunana Usman Kai dan shekara nawa ne shekara na 60 me ya kawo ka asibitin mu yau gwiwa nane yakemin zafi yaushe ya fara? Sati biyu da Suka wuce zafi Zafi Wanda kanaji Yanzu ya fara gradually ne ko suddenly? Ehh ya Dan fara dan kadan kadan ne gradually Hakan Nan okay wane irin pain ne kanaji sharp ko aching pain? Inajin aching pain ne actually okay pain din in kanaso ka bashi grade daga 1 zuwa 10 Wani grade ne Zaka bashi? Ehh daga 1 zuwa 10 zance kaman 6/10 hakan Nan okay pain Din Yana zuwa Yana radiating zuwa ko ina a kafa? A'a baya radiating Yana Nan DAI wuri Daya ne Hakan Nan okay kana kasan abunda kanayi wanda Yana baka relief a wannan pain din? Kai babu fa zafi yakemin kowane lokaci pain din akwai Wani Lokaci Wanda yana Yana worsen ? Ehh ehh akwai lokaci okay ya Yana worsen Yana worsen? Ehh kaman kaman idan Lokaci as the day progresses Hakan Nan DAI zafin Yana min sosai Okay ka Fadi da ne ? A'a daga kafadin? A' a ban taba fadi ba akwai Wani Abu Wanda ya same ka a kafadin da? A' a babu kana da any swelling kumbura ko deformity a kafa din? A'a kafana normal,code switch > ne ba swelling ko deformity kana da any pain a ko Ina a jikinka apart from gwiwa din? A'a babu okay wane irin aiki ne kana Yi Yanzu? Ehh nidai am a retired traffic controller officer okay nagode sosai on examination normal findings",14.159,0.8238,0.4775,0.9205,0.5391,
data/clips/hausa_09.wav,hausa-english,afriswitchcare,sahara-v2.5,,Ina wuni ma ina wuni Doctor miye sunanki sunana Aisha okay ke Dan shekara nawa ne? 28 okay me ya kawo ki asibiti yau ni Ina Jin ciwon ciki ne a ina a cikin a takasan cikina yaushe ya fara tun kwana uku kwanaki uku okay ciwon cikin Nan ya fara suddenly ne ko gradually ehh ya fara suddenly okay Wani irin pain ne kinajin aching ko sharp pain aching da zafi okay in kinaso ki ba pain din score daga 1 zuwa 10 wani score ne zaki bashi 8 okay pain din Yana radiating zuwa ko ina A'a kinsan Wani Abu Wanda Yana Baki sauki akan pain Koko kinsan abinda Yana tada pain din A'a kinada fever? Eh zafin jiki ? Ehh inajin shi okay kinayin amai ? Babu kina zawo? Babu kinajin zafi in kinayin fitsari ? A'a ba kowanne a cikin su okay kina ganin any abnormal vaginal discharge ehh Wani irin discharge yanajin is it foul smelling? ehh Yana wari Yana wari sosai okay discharge din kaman kala wani irin kala ne discharge din? Yayi kaman dai green okay yakai kwanaki nawa ne kin fara ganewa ? kaman kwanakin biyar okay in kinayin sex kinayin amfani da protection A'a okay kaman sexual partner nawa ne nawa ne kina dashi kaman daya ko sunfi Daya. A Sunfi Daya okay yaushe ne kingan last menstrual period dinki? Kaman sati? Sati uku okay sati uku ehh okay kinada any previous history wai angaya maka wai kina da STI da A'a kinada any abnormal or vaginal bleeding? Babu Okay examination finding temperature 38°C respiratory rate 12 cycles per minutes 86 BPM SPO2 98% BP 120/80mmHg abdomen on abdominal examination tanada right iliac fossa tenderness on vaginal examination tanada cervical excitation tenderness da greenish discharge on,,,,,,"Sahara upload failed for data/clips/hausa_09.wav (status 400): {""data"":{},""message"":""insufficient balance to process the file"",""status"":""Error""}
"
data/clips/hausa_09.wav,hausa-english,afriswitchcare,whisper-large-v3-groq," E nao ni ma? E nao ni do. Me sunan ki? Suna ana Aisha. Ike den chakara ana ani? Aishirin de tokos. Me ya kao ki azi bitiyo? Ina ajin chuwan chicken. Ina a chicken? A tokosan chicken. Yo shia para? Kwa na uku, kwa na kiwuku. Chiwo chikin den, ya fara suddenly neku gradually? Ya fara suddenly. Wene iru pen nekina jin, ekin ku sharp pen? Ekin. Inkin asu ki ba pen den sko, dekaz deyazuwa guma. Wene sko nezaki bashi? Takwas. Ok. Pendoni. Ina rajitin zuwa uko ina? A a. Kin san wanyabu wende ina baki soki akam pendon? Bansani baki. Koko kin san abu wende ina tadil pendon? A a. Kina de fever? Zafenji ki? E ina jenchi. Ok. Kinayi amayi? Ma'abu. Kinayi zaho? Ma'abu. Kinayi jin zapi, kinayi pisari? A'a. Bako wonyi a chikiz. Kinayi ganyu any abnormal vagina discharge? E When I heard this church you know discharged is it foul smelling Yes it is It is foul smelling. Okay. When you are discharged, what color is your hair? It is green. What color is your hair? I have a baby. Okay. Do you have any protection against sex? No. Do you have any protection against sex? Yes, I have. When was the last time you had sex? okay okay um can i the any previous history way and gamma kawaii canada st hida canada any abnormal or vagina bleeding okay examination finding temperature 38 degrees Celsius respiratory rates 12 cycles per minutes post rate 86 beats per minute SPO 298% BP 120 over 80 millimeter of mercury abdomen on abdominal examination then are the rights iliac for certain Dennis on vagina examination then are the survival excitation tenderness the greenish discharge on gloves",Ina wuni ma ina wuni Doctor miye sunanki sunana Aisha okay ke Dan shekara nawa ne? 28 okay me ya kawo ki asibiti yau ni Ina Jin ciwon ciki ne a ina a cikin a takasan cikina yaushe ya fara tun kwana uku kwanaki uku okay ciwon cikin Nan ya fara suddenly ne ko gradually ehh ya fara suddenly okay Wani irin pain ne kinajin aching ko sharp pain aching da zafi okay in kinaso ki ba pain din score daga 1 zuwa 10 wani score ne zaki bashi 8 okay pain din Yana radiating zuwa ko ina A'a kinsan Wani Abu Wanda Yana Baki sauki akan pain Koko kinsan abinda Yana tada pain din A'a kinada fever? Eh zafin jiki ? Ehh inajin shi okay kinayin amai ? Babu kina zawo? Babu kinajin zafi in kinayin fitsari ? A'a ba kowanne a cikin su okay kina ganin any abnormal vaginal discharge ehh Wani irin discharge yanajin is it foul smelling? ehh Yana wari Yana wari sosai okay discharge din kaman kala wani irin kala ne discharge din? Yayi kaman dai green okay yakai kwanaki nawa ne kin fara ganewa ? kaman kwanakin biyar okay in kinayin sex kinayin amfani da protection A'a okay kaman sexual partner nawa ne nawa ne kina dashi kaman daya ko sunfi Daya. A Sunfi Daya okay yaushe ne kingan last menstrual period dinki? Kaman sati? Sati uku okay sati uku ehh okay kinada any previous history wai angaya maka wai kina da STI da A'a kinada any abnormal or vaginal bleeding? Babu Okay examination finding temperature 38°C respiratory rate 12 cycles per minutes 86 BPM SPO2 98% BP 120/80mmHg abdomen on abdominal examination tanada right iliac fossa tenderness on vaginal examination tanada cervical excitation tenderness da greenish discharge on,3.56,0.866,0.4626,0.9153,0.5065,
data/clips/hausa_09.wav,hausa-english,afriswitchcare,assemblyai-universal,"Ina wunima. Ina wuneto. Yeah, um, mei sunanke. Sunana Aisha. Okay, okay. Then chakara na ni? Ashirinde tokos. Okay, um, miya khao ke a sebeti yo? Ina a cinchu and chicken. Oh, ina a chicken. A tokos. Chicken. Yoshi, ya fara? Um, kwanawo ko, kwanakiwo. Okay. Um, chiwo chicken then ya fara suddenly ne ko gradually? Eh, ya fara suddenly. Okay. Um, wena iru pen nekin a din, ekin ko sharp pen? Eh, ekin. Okay, इनके ना सो कि बाप पेंडन स्कोर, because they are जुआ गुमा। When a score ने जाके बाशी? Of course. Okay, um, पेंडन इन्हा रेडिएशन जुआ कोई ना? हाँ। Um, किंसन वन्याबू वंदे इन्हा बाकी सो कि अकाउंट पेंडन। बस सनी बा। कोको किंसन अब वंदे इन्हा Tada, pendan. Ah ah. Um, kena di FIFA? Zafin jiki? Eh, ini macam cik. Okay. Um, kena i amai? Mabuk. Kena zahor? Mabuk. Kena jin zafi? En kena i pisari? Ah ah. Makau niya cik ez. Okay. Um. Can I get any abnormal vaginal discharge? When I hear discharge, you know, gin. Is it foul smelling? Yeah, you know, worry. You know, worry. Okay. Pain. Discharge done. Come on, color. When I hear color, discharge done. Yeah, come on, green. Okay, ya kai kuanakinaan ekin paraganwa? Kaman kuanakim diya. Okay, em kina yin sex kina yampani de protection? Ah ah. Okay, kaman sejapat na na naan ekinadishik kaman dayako sumfig daya? Okay, your sheneking, um, gun last menstrual period, okay. Okay, okay, um, any previous history? Can I get any abnormal or vaginal bleeding? Okay, examination finding: temperature 38 degrees Celsius, respiratory rate 12 cycles per minute, pulse rate 86 beats per minute, SpO2 98%, BP 120/80 millimeters of mercury, abdomen On abdominal examination, tenderness at the right iliac fossa tenderness. On vaginal examination, tenderness at the cervical excitation tenderness, greenish discharge on gloves.",Ina wuni ma ina wuni Doctor miye sunanki sunana Aisha okay ke Dan shekara nawa ne? 28 okay me ya kawo ki asibiti yau ni Ina Jin ciwon ciki ne a ina a cikin a takasan cikina yaushe ya fara tun kwana uku kwanaki uku okay ciwon cikin Nan ya fara suddenly ne ko gradually ehh ya fara suddenly okay Wani irin pain ne kinajin aching ko sharp pain aching da zafi okay in kinaso ki ba pain din score daga 1 zuwa 10 wani score ne zaki bashi 8 okay pain din Yana radiating zuwa ko ina A'a kinsan Wani Abu Wanda Yana Baki sauki akan pain Koko kinsan abinda Yana tada pain din A'a kinada fever? Eh zafin jiki ? Ehh inajin shi okay kinayin amai ? Babu kina zawo? Babu kinajin zafi in kinayin fitsari ? A'a ba kowanne a cikin su okay kina ganin any abnormal vaginal discharge ehh Wani irin discharge yanajin is it foul smelling? ehh Yana wari Yana wari sosai okay discharge din kaman kala wani irin kala ne discharge din? Yayi kaman dai green okay yakai kwanaki nawa ne kin fara ganewa ? kaman kwanakin biyar okay in kinayin sex kinayin amfani da protection A'a okay kaman sexual partner nawa ne nawa ne kina dashi kaman daya ko sunfi Daya. A Sunfi Daya okay yaushe ne kingan last menstrual period dinki? Kaman sati? Sati uku okay sati uku ehh okay kinada any previous history wai angaya maka wai kina da STI da A'a kinada any abnormal or vaginal bleeding? Babu Okay examination finding temperature 38°C respiratory rate 12 cycles per minutes 86 BPM SPO2 98% BP 120/80mmHg abdomen on abdominal examination tanada right iliac fossa tenderness on vaginal examination tanada cervical excitation tenderness da greenish discharge on,8.907,0.8007,0.4344,0.922,0.5301,
data/clips/hausa_10.wav,hausa-english,afriswitchcare,sahara-v2.5,,Ina wuni sir lafiya miye sunanka sunana maigida Dan shekara nawa ne Kai shekara na 60 me ya kawo ka asibitin mu yau ? Inajin kasala a gefen a gefen cikina ta dama okay ya Kai yaushe? Kaman awa hudu ne Hakan Nan okay me ya far ya ya faru ka gayamin? Eh inadai zama ne Dai Ina watching din African football final dinsun nan SE kawai nafara Jin sudden weakness a gefen daman jikina okay ka kana kayi wuyan yin magana a lokaci din? Ehh na yi wuyan yin magana ka gan wai gefen bakinka ya fadi? Ehh okay kana da ciwon Kai Lokacin kafin wannan abun ya fara? Ehh naji ciwon Kai sosai ina dan jin ciwon Kai sosai Okay kaman yakai kaman lokaci nawa kafin ya fara? Eh kaman dai Dan wasu hours dinnan ne Dai Hakan Nan okay ka Fadi Lokaci din A'a ban fadi ba lokacin kayi shurewa? A' a ban babu shurewa kayi losing vision Dinka? A'a babu okay angaya maka wai kana da hypertension da ? Ehh kana Shan magani anbaka magani Lokacin dai ko? Eh an bani kana Shan magani din lokacin da ance wai ka sha? Babu okay kana zuwa clinic lokacin da angaya maka wai kazo clinic? Babu kana Shan giya? Eh Ina Shan giya kaman so nawa a cikin sati Daya? Kusan ko Wani Rana kana Shan taba? Ehh Ina Shan taba Okay kaman ya kana Sha? Shima kusan kowane Rana okay akwai Wani a cikin family Dinka Wanda ya mutu suddenly? Eh akwai waye ? Babana kaman miye ance wai ya kasheshi? Eh Sunce wai heart attack ne okay nagode sosai on examination findings temperature is 36°C pulse rate 87 bpm blood pressure 160/100mmHg respiratory rate 12 cycles per minute SPO2 98% on Neuro examination patient din Yana da weakness on the right side Yana da 4/4 4/5 strength,,,,,,"Sahara upload failed for data/clips/hausa_10.wav (status 400): {""data"":{},""message"":""insufficient balance to process the file"",""status"":""Error""}
"
data/clips/hausa_10.wav,hausa-english,afriswitchcare,whisper-large-v3-groq," Inao Nisa? Naa piyo? Mei sunun ka? Sunun nama igina. Dan chakara nani kwe? Chakara nasi ti. Mei a kao ka si biti muyo? Ina jing asala agipen, agipen jiki neta dama. Ok, a mi a koi yoshi? Awa huduni a kanma. Ok, a mi a faru, a ya faru? E ina djiluzi dhamani di ina watchen dung African Football Final Incident si kaway na pada jimu sol dhimu weakness, gipen daman jikina. Kaa kanya, kaa ii weyen yin magana aw loko chidden? E nae weyen yin magana. Ka ganwoi geypen bakin ke ya padi. I. Nke. Kanade chiwon kai loko chiw kafin wan na abun ya fara. I. Naji chiwon kai susi. Naji chiwon kai susi. Ok. Kaman ya kai kaman loko chi na kafin ya fara. I. Meni omos awas inani di hakim luk. Ka fadi luk u cidin? A abam. Ka i shuriwa? A abam Babu shuriwa Ka i luzin vishan din dinka A babu Ok Angi amika weka eka na diapotension da E. Kana sha magani? Amba ka magani loke chindoku? E, ambani. Kana sha magani dun? Loko chionda anche weka sha? Babu. Ok. Kana zwa clinic loko chumwende angia makawai kazo clinic? Bao. Kana shan giya? Iye ina shan giya. Kaman so na achikin sati dia? So kow wene rana. Kana shan taba? Iye ina shan taba. Kaman ya kana shan? Chiwa ku so kow wene rana. Ok. Akwa weni achikin family linka wende ya mutu suddenly? Iye. by Kamani menhi may i a yi ya kushiki ma wanei yi sinche we his hard attack temperature on examination findings and temperature is 36 degrees Celsius pulse width it's 7 beats per minute blood pressure 160 of 100 millimeter of mercury respiratory rate 12 cycle per minute spo to 98 percent on neural examination patient done in are the weakness on the right side in are the four over four four over five strength",Ina wuni sir lafiya miye sunanka sunana maigida Dan shekara nawa ne Kai shekara na 60 me ya kawo ka asibitin mu yau ? Inajin kasala a gefen a gefen cikina ta dama okay ya Kai yaushe? Kaman awa hudu ne Hakan Nan okay me ya far ya ya faru ka gayamin? Eh inadai zama ne Dai Ina watching din African football final dinsun nan SE kawai nafara Jin sudden weakness a gefen daman jikina okay ka kana kayi wuyan yin magana a lokaci din? Ehh na yi wuyan yin magana ka gan wai gefen bakinka ya fadi? Ehh okay kana da ciwon Kai Lokacin kafin wannan abun ya fara? Ehh naji ciwon Kai sosai ina dan jin ciwon Kai sosai Okay kaman yakai kaman lokaci nawa kafin ya fara? Eh kaman dai Dan wasu hours dinnan ne Dai Hakan Nan okay ka Fadi Lokaci din A'a ban fadi ba lokacin kayi shurewa? A' a ban babu shurewa kayi losing vision Dinka? A'a babu okay angaya maka wai kana da hypertension da ? Ehh kana Shan magani anbaka magani Lokacin dai ko? Eh an bani kana Shan magani din lokacin da ance wai ka sha? Babu okay kana zuwa clinic lokacin da angaya maka wai kazo clinic? Babu kana Shan giya? Eh Ina Shan giya kaman so nawa a cikin sati Daya? Kusan ko Wani Rana kana Shan taba? Ehh Ina Shan taba Okay kaman ya kana Sha? Shima kusan kowane Rana okay akwai Wani a cikin family Dinka Wanda ya mutu suddenly? Eh akwai waye ? Babana kaman miye ance wai ya kasheshi? Eh Sunce wai heart attack ne okay nagode sosai on examination findings temperature is 36°C pulse rate 87 bpm blood pressure 160/100mmHg respiratory rate 12 cycles per minute SPO2 98% on Neuro examination patient din Yana da weakness on the right side Yana da 4/4 4/5 strength,6.554,0.7857,0.3613,0.8971,0.4195,
data/clips/hausa_10.wav,hausa-english,afriswitchcare,assemblyai-universal,"Ina unisa. Lapiya. Mei sununka? Suna na migida. Um, nan chikarana nikai? Chikarana suti. Um, meya kawu kasi bitimu yo? Uh, ina jinka sala agiphen, uh, agiphen jikinetadama. Okay, um, ya kayi yo, uh, yoshe? Um, kambe awa khuduni ya ka na. Okay, um. Maya Faru, ya ya Faru. Kukia mu? Ina di ina dius damani di ina watching African football final incident. Sekawe na para di so di weakness a gap and damage kina. Okay. Ka kana kai wuyan yin magana a local children? Ee, na i wuyan yin magana. Um, okay. Um, okay. Um, okay. Um, okay. Come on. Yeah, okay. Come on. ना काफी या फारा? ये कमलों almost hours इन्हें दीदी हकम लो। Okay, काफा दी लोगों चिदन? हाँ अब हम पाजी बोले। का ये शुरू हुआ? हाँ अब हम बाबू शुरू हुआ। Um, का ये losing vision देखा? हाँ बाबू। Okay, आगे हम कहो एक है एक ना दिया पटेंशन था कि kana saya magani ambak kamu agani lokacindo ku? ee amban kana saya magani dan lokacindo ada cewai kerja? bagu okay kana dua klinik lokacindo ada giam aku ke dua klinik? bagu kana saya gya? ee ini saya gya kamu sudah aciken saat itu ya? So cool, nirana. Can I share um taba? Yeah, in a share taba. Okay, come on. Yeah, can I share? Chiwa ko so cool, nirana. Okay, aku wani ya chicken um family dengan kau when they ya move to southernly. Yeah, aku. Why? Babana. Um, come on. May ancie way ya ya ya ya kashiki. Okay, since you had attack. Okay, now go this. I say temperature on examination findings, um, temperature is 36°C, uh, pulse rate 87 beats per minute, blood pressure 160/100 mmHg, respiratory rate 12 cycles per minute, um, SpO2 98%. On neuro examination Pt done here now the weakness on the right side here now the four over four four over five strength.",Ina wuni sir lafiya miye sunanka sunana maigida Dan shekara nawa ne Kai shekara na 60 me ya kawo ka asibitin mu yau ? Inajin kasala a gefen a gefen cikina ta dama okay ya Kai yaushe? Kaman awa hudu ne Hakan Nan okay me ya far ya ya faru ka gayamin? Eh inadai zama ne Dai Ina watching din African football final dinsun nan SE kawai nafara Jin sudden weakness a gefen daman jikina okay ka kana kayi wuyan yin magana a lokaci din? Ehh na yi wuyan yin magana ka gan wai gefen bakinka ya fadi? Ehh okay kana da ciwon Kai Lokacin kafin wannan abun ya fara? Ehh naji ciwon Kai sosai ina dan jin ciwon Kai sosai Okay kaman yakai kaman lokaci nawa kafin ya fara? Eh kaman dai Dan wasu hours dinnan ne Dai Hakan Nan okay ka Fadi Lokaci din A'a ban fadi ba lokacin kayi shurewa? A' a ban babu shurewa kayi losing vision Dinka? A'a babu okay angaya maka wai kana da hypertension da ? Ehh kana Shan magani anbaka magani Lokacin dai ko? Eh an bani kana Shan magani din lokacin da ance wai ka sha? Babu okay kana zuwa clinic lokacin da angaya maka wai kazo clinic? Babu kana Shan giya? Eh Ina Shan giya kaman so nawa a cikin sati Daya? Kusan ko Wani Rana kana Shan taba? Ehh Ina Shan taba Okay kaman ya kana Sha? Shima kusan kowane Rana okay akwai Wani a cikin family Dinka Wanda ya mutu suddenly? Eh akwai waye ? Babana kaman miye ance wai ya kasheshi? Eh Sunce wai heart attack ne okay nagode sosai on examination findings temperature is 36°C pulse rate 87 bpm blood pressure 160/100mmHg respiratory rate 12 cycles per minute SPO2 98% on Neuro examination patient din Yana da weakness on the right side Yana da 4/4 4/5 strength,14.209,0.8604,0.4748,0.9164,0.5458,
data/clips/hausa_11.wav,hausa-english,afriswitchcare,sahara-v2.5,,Ina wuni lafiya miye sunanka sunana bilyaminu Kai Dan shekara nawa ne? Shekara na 35 me ya kawo ka asibiti yau? Ehh nazo asibiti saboda Ina Tari ne sannan kuma Ina Dan losing din weight yaushe ne tarin Nan ya fara? Eh tarin dai yafara wata uku da Suka wuce weight loss din fa? Weight loss hausa> din dai ya fara wata daya daya wuce okay in kanayi Tari din kana zubar da yawu? Ehh idan nayi Tari nakan zubar da yawun miye color yawun din? Ehh Color din yawun dai yellow ne okay akwai blood a ciki? ehh akwai blood akwai jini a ciki Dan kadan okay akwai wani Abu Wanda kasan wanda Yana tada da tari din? Babu okay akwai wani Abu Wanda kasan wanda kanayi Wanda Yana sa tari din yaje kasa ? Ehh ina Shan antibiotics hakan nan Kuma da cough syrup Amma baya sauki Okay kanajin chest pain? Ehh in kayi tari din? Eh inajin chest pain idan nayi tari inkayi numfashi fa? Idan nayi numfashi chest pain din ya kan dan increase sannan Kuma idan nayi tari okay hausa> kana da fever akwai fever a cikin wannan tari din naka? Ehh akwai fever okay kaman fever din Yana very high ko? Ehh akwai fever dai ya Dan Yana nan dai very low hakan nan dai okay ya Kai wata nawa? Kaman wata daya okay kanayin sweating a da daddare? Eh ina sweating dai yawanci idan ina bacci okay weight loss din Kaine kanaso kayi losing weight ne ko ko? A'a bani bane okay kana ci abinci sosai? Kai babu hakan nan baka da appetite? Ehh bani da appetite okay hausa> kanajin gajiya sosai a cikin wannan sana'a? Eh inajin gajiya sosai okay kana Shan milk Wanda ba'a dafa sosai ba? A'a babu okay ka anbaka alluran BCG kasan anbaka alluran BCG? Babu baka sani ba? Okay kana da neck pain? Babu ciwon kai fa ? Babu kana da in kana numfashi yanaje sosai? Eh idan ina numfashi numfashin Yana Dan raguwa kadan kadan okay fitsarin fa fitsarin ka fa? Fitsari fitsarina dai babu? Bakomai dashi ? Bakomai a ciki okay kanayin amai ko Kuma kana Jin ciwon Cikin? A'a babu okay anyi admitting dinka a asibiti da? Babu anyi surgery maka da? Babu an baka jini da? Babu okay kana Shan maganin TB da? Babu okay akwai wani a cikin family dinka Wanda suna da TB ? Babu gida Wanda kana zama yanzu Kai kadai ne ko kana zama da wadansu? Ni kadai nake zama Amma nakan yi tafiya okay kanayin tafiya? Yaushe ne kayi tafiya last? Eh bada jimawa ba dai okay wani aiki ne kanayi? Ina aikin carpenter ne lokacin Wanda kayi tafiya din ka zama kai kadai ne ka zama a gida din ko da wani? Nayi tafiya dai na Zauna da wani ne a cikin daki dai hakan nan Kuma mutumin yana tari shima Yana tari haka? Yana tari okay kana Shan cigar ehh ina Shan sigari haka Nan kaman nawa ne kana Sha per day? Ina sha kaman Kara goma dai a rana okay for how many years? Kusan shekara goma okay kana Shan alcohol? Ehh kadan okay kana Shan maganin gargajiya ? Eh ina Shan maganin gargajiya okay kana da wani condition Wanda kanayi treating yanzu kaman asthma ulcer hypertension diabetes? Babu okay hausa> kana Shan wani antibiotics yanzu? Babu okay kana da wani akwai wani maganin ko abinci wanda Yana baka allergy? Babu okay nagode sosai sai anjima yanzu abinda na inajin Wanda ina diagnosis TB ne yana damun ka yanzu zamu baka zakaje kayi su tests yanzu kaman whatever I'm coming,,,,,,"Sahara upload failed for data/clips/hausa_11.wav (status 400): {""data"":{},""message"":""insufficient balance to process the file"",""status"":""Error""}
"
data/clips/hausa_11.wav,hausa-english,afriswitchcare,whisper-large-v3-groq," E nao ni? Lafia. Mei sunanka? Sunana biliamino. Kaitden shikara nani? Shikara nata la tende bia. Mea kao ka asibiti yo? E nazo asibiti sabo di ina tadhini san, nong kuma ina daung luzin yung wet. Yo shene tarin ni apara? E tarin di apara wata oku dosika uchi. Wet losin pa? ਤਾ ਦਿ ਤਾ ਰੀਦਿਂ? ਬਾੱ ਹੁ. ਓੱੇ, ਆ ਕੋਯ ਵੱੇ ਵੱਣੀ ਆ ਭੂ ਮੁ ਨੇ ਕ੍਷ੈ ਸੁਂ, ਵੱੁ ਕ੍ਣ ਆ ਈ ਯੇ ਨ ਸਾ ਤ੍ੁ ਰੀਦਿਂ, ਇ ਜੇ ਕੋ ਸਾ? Ye, ina sheng antibiotics a ka ni no, kuma ada cough syrup a mam baya sa wiki. Ok, kana jin chest pain? Ye. Nkari tari din? Ye, ina jin chest pain, ndi nda tari. Nka ri ino pashi faa? Ye ndi ndi ino pashi chest pain ni e ken lan increase san no kuma Do you have a fever Do you have a fever when you eat chicken Yes I have a fever Do you have a fever when you eat chicken? I have a fever when I eat chicken. Do you drink water? I drink water. Okay. Um, can you sweat in there? I can sweat in there, but I don't eat. Okay. Um, weight loss then. Can you lose weight in there? Yes, yes. Okay. Can you eat, sir? Yes, I can eat. You can eat with appetite. Yes, I can eat with appetite. Do you know how to make chicken gajia? I know how to make it. Do you know how to make milk? Yes, I do. Do you know how to make alura? Yes, I do. Because I'm deaf? Yes. Okay. Do you have neck pain? Yes. Do you have a cold? Yes. Do you have any pain in your neck I don have any pain I just have a cold Okay Um Um Okay Okay Ia tidak ada di mana Saya hanya beritahu kepada mereka Apakah pisa-pisa anda? Pisa-pisa saya, saya mempunyai bau. Bau? Okey, anda berada di mana? Saya berada di Kanajin, Chihuahua. Ya, ya. Baik. Okey. Adakah anda berada di hospital? Ya, ya. Adakah anda sedang bergerak? Ya, ya. Adakah anda berada di Bakar, Jeni? Ya, ya. Okey. Adakah anda berada di Shah Maghni TV? Ya, ya. Jadi, anda mempunyai keluarga yang mempunyai TV? Ya, saya mempunyai TV. Apakah anda mempunyai seorang anak yang mempunyai TV? Saya mempunyai seorang anak yang mempunyai TV. Okey, anda mempunyai TV. Apakah anda mempunyai TV yang terakhir? Saya mempunyai TV yang terakhir pada jam 5. Bagaimana dengan ikan? Saya tidak mempunyai ikan. Apakah pembahasan anda kepada orang yang mempunyai ikan Saya tidak mempunyai ikan Ka i ka deni ka zima i gida deni ko dawane Na i te piyni na zona dawane ni a chicken and egg e hakan no kuwa moti meni ena atari Shima'i ena atari, akka? Ena atari. Ok, kana shaya siga? Hi, ina shaya siga e hakan. Kaman, naane kana shaya? Ina shaya kaman kara uguma diya arana. Ok, for how many years? রে৿বরেਸে রেে Yenzu, abo nday na ji ndo yena... Yenzu, diagnosis ndon yenzu... Kwa mon TB ni yena ndamoni, ndamika. Yenzu, zan mon baka, zan zaku... ... zaku jei kaji su test. Yenzu, kwa mon... ...whatever.",Ina wuni lafiya miye sunanka sunana bilyaminu Kai Dan shekara nawa ne? Shekara na 35 me ya kawo ka asibiti yau? Ehh nazo asibiti saboda Ina Tari ne sannan kuma Ina Dan losing din weight yaushe ne tarin Nan ya fara? Eh tarin dai yafara wata uku da Suka wuce weight loss din fa? Weight loss hausa> din dai ya fara wata daya daya wuce okay in kanayi Tari din kana zubar da yawu? Ehh idan nayi Tari nakan zubar da yawun miye color yawun din? Ehh Color din yawun dai yellow ne okay akwai blood a ciki? ehh akwai blood akwai jini a ciki Dan kadan okay akwai wani Abu Wanda kasan wanda Yana tada da tari din? Babu okay akwai wani Abu Wanda kasan wanda kanayi Wanda Yana sa tari din yaje kasa ? Ehh ina Shan antibiotics hakan nan Kuma da cough syrup Amma baya sauki Okay kanajin chest pain? Ehh in kayi tari din? Eh inajin chest pain idan nayi tari inkayi numfashi fa? Idan nayi numfashi chest pain din ya kan dan increase sannan Kuma idan nayi tari okay hausa> kana da fever akwai fever a cikin wannan tari din naka? Ehh akwai fever okay kaman fever din Yana very high ko? Ehh akwai fever dai ya Dan Yana nan dai very low hakan nan dai okay ya Kai wata nawa? Kaman wata daya okay kanayin sweating a da daddare? Eh ina sweating dai yawanci idan ina bacci okay weight loss din Kaine kanaso kayi losing weight ne ko ko? A'a bani bane okay kana ci abinci sosai? Kai babu hakan nan baka da appetite? Ehh bani da appetite okay hausa> kanajin gajiya sosai a cikin wannan sana'a? Eh inajin gajiya sosai okay kana Shan milk Wanda ba'a dafa sosai ba? A'a babu okay ka anbaka alluran BCG kasan anbaka alluran BCG? Babu baka sani ba? Okay kana da neck pain? Babu ciwon kai fa ? Babu kana da in kana numfashi yanaje sosai? Eh idan ina numfashi numfashin Yana Dan raguwa kadan kadan okay fitsarin fa fitsarin ka fa? Fitsari fitsarina dai babu? Bakomai dashi ? Bakomai a ciki okay kanayin amai ko Kuma kana Jin ciwon Cikin? A'a babu okay anyi admitting dinka a asibiti da? Babu anyi surgery maka da? Babu an baka jini da? Babu okay kana Shan maganin TB da? Babu okay akwai wani a cikin family dinka Wanda suna da TB ? Babu gida Wanda kana zama yanzu Kai kadai ne ko kana zama da wadansu? Ni kadai nake zama Amma nakan yi tafiya okay kanayin tafiya? Yaushe ne kayi tafiya last? Eh bada jimawa ba dai okay wani aiki ne kanayi? Ina aikin carpenter ne lokacin Wanda kayi tafiya din ka zama kai kadai ne ka zama a gida din ko da wani? Nayi tafiya dai na Zauna da wani ne a cikin daki dai hakan nan Kuma mutumin yana tari shima Yana tari haka? Yana tari okay kana Shan cigar ehh ina Shan sigari haka Nan kaman nawa ne kana Sha per day? Ina sha kaman Kara goma dai a rana okay for how many years? Kusan shekara goma okay kana Shan alcohol? Ehh kadan okay kana Shan maganin gargajiya ? Eh ina Shan maganin gargajiya okay kana da wani condition Wanda kanayi treating yanzu kaman asthma ulcer hypertension diabetes? Babu okay hausa> kana Shan wani antibiotics yanzu? Babu okay kana da wani akwai wani maganin ko abinci wanda Yana baka allergy? Babu okay nagode sosai sai anjima yanzu abinda na inajin Wanda ina diagnosis TB ne yana damun ka yanzu zamu baka zakaje kayi su tests yanzu kaman whatever I'm coming,10.445,0.9417,0.6221,0.957,0.6594,
data/clips/hausa_11.wav,hausa-english,afriswitchcare,assemblyai-universal,"Inauni, Lafia. Mei sunaka? Sunana biliyamini. Kaiden shikarana ni? Shikarana talatende biha. Mia khawu ka asibiti yo? Ee, nadzo asibiti sa vho ḓo ina ṱari ni zwo no kuma ina na mbudzini iṅwe. Yo shene ṱari ni ya fhara? Ee, ṱari ndi ya fhara wa ṱhaoko dzo swikaho tshe. Weight loss dzo mpha? What's lost in the yafara water? Okay, um, color? Okay, um, a koi blood? Okay, uh, a koi Wonyabu, when they cough, when they ena tada de ka tariden. Babu. Okay. Akoye, when wonyabu, when they cough, when they kana yi, when they ena sa tariden ije kasa? E inashang, inashang antibiotics ha kan no nkuma the cough syrup. Aman baya, baya saoki. Okay. Um, kana gin chest pain? Eyi. Nkayitari den. Eyi na chinchespe iden neyitari. Ne nkayinupashi fa. Eyi iden neyinupashi chespe niye kan increase noko ma iden neyitari. Okay. Kunade fever? Akwe fever chicken wanantari denak? Eyi akwe fever. Okay. Kaman fever deni ena very high ko? Eyi fever ndiya tayin. Inna nendy very low, akan nendy. Okay, akan akan water na? Come on, water there. Okay, um, kana yi sweating ah dari dari? Iyi, inna sweating. Yawanci idan inna baci. Okay, um weight loss then? Kainna kana so ka yi losing weight ne ko ko? Ah ah, bani bani? Okay, ah, kana chiya banchi so se? Kai, babo bahakan ba. Bahka the appetite. Iba ni the appetite. Okay, um, kana gin, um, gajia so se ya chicken, um, wanan sana? Mm, na gin gajia so se. Okay, ah, kai, kai, kana sha, um, mikhonde ba, um, ba defa so se ba? Ah, babo. Okay, ka ambaka alura BCG. Kasan ambaka alura BCG? Bawo. Bakasan ba? Okay. Um, kanade neck pain? Bawo. Um, chiwon kaypa? Bawo. Kanade um, en kanay numpashi ena je sosay? I din na numpashi numpashi ena ang rokwa ka lang ka lang. Okay. Um, um, um. Pisariunfa, pisariunkafa. Pisari pisari nadi babu. Baku mai dashi. Baku mai achiki. Okay. Kanai amai ko kama chu kanajin chuochiki. आह आह बाबू। ओके, अन ये एडमिशन देंगा हॉस्पिटल दा? बाबू। अन ये सर्जरी में क्या दा? बाबू। अन बाकी जीनी दा? बाबू। ओके। क्या ना इंशाअल्लाह गणित टीवी दा? बाबू। ओके। कोई वन या चिकन फार्मेड देंगा मंदिर सुना दे टीवी? 爸爸， 嗯， 给 大 文 的 可能 可能 怎么样 子？ 可以 看 一 颗 可能 怎么 的 问 问 是？ 你看 一 颗 怎么？ 我 拿 看 一 颗 皮 啊。 OK， 可能 还 一 颗 皮 啊。 嗯。 呃， 有 谁 看 一 颗 皮 啊？ Last。 诶， 爸 的 芝 麻 啊， 爸 的。 OK， 文 的 爱 情 呢？ 可能 还。 Nnai chin ka pintoni. Ah, loko chima ndzi kha yi topiadeni ka zama ka yi kadeni ka zama gidadeni ku ndhawini. Nnai topiadeni na zona ndhawini ni a chikenaki i hakana ku va mutimanyana tali. Ximayina tali a kha. Nnina tali. Okay, kana xa siga? Iyi na xa sigari hakani. Ah, kambe na ni kana xa ah. Ina ina xa ka mankara guma diharana. Okay, for how many years? Kusanxi kara guma. Okay, kana xa alcohol? Ee kana. Okay, kana xa magen ingari geja? Ee ina xa magen ingari geja. Okay, kana the one condition when they kana yi treating and so come on asthma, ulcer. Hypertension, diabetes. Okay. Can I share one antibiotic? Okay. Can I do one? I could run in my garden, go a bunch of one day, you know, back allergy. Okay. Now go this way. Say, um, you know, um, When they diagnosis done, 예주 내 그만 TB 내에나에나 나만 나메이카 예주 잠밥가 잠 잠깐 적이지 수 테스트 예주 그만 whatever.",Ina wuni lafiya miye sunanka sunana bilyaminu Kai Dan shekara nawa ne? Shekara na 35 me ya kawo ka asibiti yau? Ehh nazo asibiti saboda Ina Tari ne sannan kuma Ina Dan losing din weight yaushe ne tarin Nan ya fara? Eh tarin dai yafara wata uku da Suka wuce weight loss din fa? Weight loss hausa> din dai ya fara wata daya daya wuce okay in kanayi Tari din kana zubar da yawu? Ehh idan nayi Tari nakan zubar da yawun miye color yawun din? Ehh Color din yawun dai yellow ne okay akwai blood a ciki? ehh akwai blood akwai jini a ciki Dan kadan okay akwai wani Abu Wanda kasan wanda Yana tada da tari din? Babu okay akwai wani Abu Wanda kasan wanda kanayi Wanda Yana sa tari din yaje kasa ? Ehh ina Shan antibiotics hakan nan Kuma da cough syrup Amma baya sauki Okay kanajin chest pain? Ehh in kayi tari din? Eh inajin chest pain idan nayi tari inkayi numfashi fa? Idan nayi numfashi chest pain din ya kan dan increase sannan Kuma idan nayi tari okay hausa> kana da fever akwai fever a cikin wannan tari din naka? Ehh akwai fever okay kaman fever din Yana very high ko? Ehh akwai fever dai ya Dan Yana nan dai very low hakan nan dai okay ya Kai wata nawa? Kaman wata daya okay kanayin sweating a da daddare? Eh ina sweating dai yawanci idan ina bacci okay weight loss din Kaine kanaso kayi losing weight ne ko ko? A'a bani bane okay kana ci abinci sosai? Kai babu hakan nan baka da appetite? Ehh bani da appetite okay hausa> kanajin gajiya sosai a cikin wannan sana'a? Eh inajin gajiya sosai okay kana Shan milk Wanda ba'a dafa sosai ba? A'a babu okay ka anbaka alluran BCG kasan anbaka alluran BCG? Babu baka sani ba? Okay kana da neck pain? Babu ciwon kai fa ? Babu kana da in kana numfashi yanaje sosai? Eh idan ina numfashi numfashin Yana Dan raguwa kadan kadan okay fitsarin fa fitsarin ka fa? Fitsari fitsarina dai babu? Bakomai dashi ? Bakomai a ciki okay kanayin amai ko Kuma kana Jin ciwon Cikin? A'a babu okay anyi admitting dinka a asibiti da? Babu anyi surgery maka da? Babu an baka jini da? Babu okay kana Shan maganin TB da? Babu okay akwai wani a cikin family dinka Wanda suna da TB ? Babu gida Wanda kana zama yanzu Kai kadai ne ko kana zama da wadansu? Ni kadai nake zama Amma nakan yi tafiya okay kanayin tafiya? Yaushe ne kayi tafiya last? Eh bada jimawa ba dai okay wani aiki ne kanayi? Ina aikin carpenter ne lokacin Wanda kayi tafiya din ka zama kai kadai ne ka zama a gida din ko da wani? Nayi tafiya dai na Zauna da wani ne a cikin daki dai hakan nan Kuma mutumin yana tari shima Yana tari haka? Yana tari okay kana Shan cigar ehh ina Shan sigari haka Nan kaman nawa ne kana Sha per day? Ina sha kaman Kara goma dai a rana okay for how many years? Kusan shekara goma okay kana Shan alcohol? Ehh kadan okay kana Shan maganin gargajiya ? Eh ina Shan maganin gargajiya okay kana da wani condition Wanda kanayi treating yanzu kaman asthma ulcer hypertension diabetes? Babu okay hausa> kana Shan wani antibiotics yanzu? Babu okay kana da wani akwai wani maganin ko abinci wanda Yana baka allergy? Babu okay nagode sosai sai anjima yanzu abinda na inajin Wanda ina diagnosis TB ne yana damun ka yanzu zamu baka zakaje kayi su tests yanzu kaman whatever I'm coming,15.164,0.93,0.4599,0.9785,0.5187,
data/clips/pidgin_00.wav,pidgin-english,afriswitchcare,sahara-v2.5,,"Good afternoon how are you doing I'm Dr. Okenla welcome to our clinic today. What's your name sir? yeah I'm ifeoluwa Okay how old are you? I'm 28 years okay what do you do? Yeah I'm a student okay are you married? No not at all so what brought you to our clinic today? Yeah I started having this stomach pain for how long now? Yeah for the past 4 days now I have been having this pain where exactly in the your on tummy are you having the pain? yeah it located around my upper stomach ohh really okay then did you notice maybe after starting from your upper stomach to other parts? Yeah after some time it started moving to the right my right side my right side there just lower at lower side okay so how did it start was it sudden or gradually? No it was gradually it started increasing and the pain now is currently unbearable ohh wow the pain can you describe the pain is it biting is it aching is it stabbing in nature ? I feel a lot of ohh wow on a scale of 1-10 can you help me rate the pain ? Doctor I rate it 8, 8 ohh that's that's a whole lot does this pain radiate to any part of your body maybe your back? Just my stomach doctor just my stomach okay is there anything you do that help you relieve it or worsen this pain Doctor I don't do anything it's always very painful okay there's nothing that you do that help relieve the pain nothing relieves it okay any fever are you running temperature yes I started running temperature too another 4 days ago okay is the temperature high like is it high grade yes it is it is doctor any vomiting? Yes I have been vomiting I vomited like 3 times today alone Okay what's the color of the vomiting is it watery ? yes everything I ate nothing is in my stomach I have been vomiting it okay any mucus in the vomiting? No not at all no blood as well no blood nothing alright any diarrhea passage of watery stool? NO am not passing anything Okay did you notice that your tummy is getting bigger No nothing in my stomach Okay Did you notice that the rate at which you pee has also increase that you have to go to toilet more frequent to pee than usual No No not at all any painful urination you don't feel pain you're urinating? No I don't feel any pain I don't feel any pain Okay alright Doctor I also not have been eating like if I see food like this I will not be able to eat okay you don't lost weight at any point? No I have not Alright do you drink do you smoke ? No I don't drink okay does this pain get worse when you take fatty food? No it doesn't No alright no problem so any cough you're not having cough? No am not having cough you're not having chest pain ? No not at all Alright so I will examine you now okay On General examination on a young man in painful distress not pale anicteric edema On Abdominal examination the abdomen is full respiration there's right iliac fossa tenderness is guarding rebound tenderness and is positive rovsing and McBurney's sign On cardiovascular examination BP is 120/80 pulse rate is bpm s1 and s2 no added sound on respiratory examination chest is respiratory rate is 12 cycles per minute breath sounds are vesicular or no lung zones SPO2 is 98% so based on the history and physical examination is suggesting that you have most likely an acute appendicitis Doctor hope am not going to dies from this pain like this No no no no acute appendicitis is actually not a death sentence is a surgical case so what we do is surgery to remove the appendix and the appendix get inflamed or infected that's what we call appendicitis, so we just we'll inform the surgeon and then we'll know what next but before we do that we'll run some basic medications we will do your full blood count group and cross match of blood we'll do ur EUs as well we'll place you on MPO to stop and place on normal saline with destrous water and also place you on some antibiotics as well Flagyl 500mg for surgery when everything is ready so do you have any questions No not at all thank you very much Alright",,,,,,"Sahara upload failed for data/clips/pidgin_00.wav (status 400): {""data"":{},""message"":""insufficient balance to process the file"",""status"":""Error""}
"
data/clips/pidgin_00.wav,pidgin-english,afriswitchcare,whisper-large-v3-groq," Good afternoon, how are you doing? I'm Dr. Okinla. Welcome to our clinic today. What's your name sir? Yeah, I'm Fivoloa. Okay, how old are you? I'm 28 years. Okay, what do you do? I'm a student. Okay, are you married? No, not at all. So what brought you to our clinic today? Yeah, I started having this stomach pain. For how long now? For past 4 days now I have been having this pain Where exactly in your tummy are you having the pain? Located around my upper stomach Oh really? Did you notice after starting from your upper stomach it moved to the lower part of your tummy? Yes, after some time it started moving to my right side Just lower and lower side Okay, so how did it start? Was it sudden or gradual? It was gradual, it started increasing and the pain now is currently unbearable Oh wow, can you describe the pain? Is it biting? Is it aching? Is it stabbing in nature? It's a lot aching, I feel a lot of it On a scale of 1 to 10, can you give me the rate of the pain? With 10 being the most unbearable pain ever and 1 being... Doctor I rate it 8 That a lot Does this pain radiate to any part of your body No just my stomach doctor Is there anything you do that helps you relieve it or worsens this pain I don't do anything. It's always very painful. There's nothing that you do that helps relieve the pain? No, nothing relieves it. Any fever? Are you running temperature? Yes, I started running temperature around 4 days ago. Is temperature high? Like an easy high grade? Yes, it is. It is true doctor. I am still vomiting Yes I have been vomiting I vomited like 3 times today alone What's the color of the vomit? It's all very clean, nothing is in my stomach I have been vomiting Any mucus in the vomit? No blood Any diarrhea? I am not passing anything Did you notice that your thumb is getting bigger? No, not in my skin mark Did you notice that the rate at which you pee has also increased? Like you have to go to the toilet to pee more frequently? No, not at all Any pain through urination? You don't feel pain when you are urinating? No, I don't feel any pain Okay, alright Doctor, I have also not been eating...if I see food like this, I will not be able to eat it And you have not lost weight at any point? No I have not Do you drink Do you smoke No I don drink Does this pain get worse when you take fatty food No it doesn So any cough? An avin cough? An avin chest pain? No, not at all So I will examine you now On general examination young man in painful distress, not pale, anecteric, asianos, fibra with determination of 30 degree Celsius, not diadese, not pedi-idema. So, na abdoumena is amnesyon, na abdoumena is full, mousi is respiration, is right iliak fosa tendanis, is guardian, Rebound tenderness Positive Roxin and Magonis On cardiovascular examination BP is 128 Pulse rate is 90 beats per minute S1 and S2 no added sound On respiratory examination Chest is Respiratory rate is 12 cycles per minute Breadth sounds are vascular on all lung zones SPOT is 98% So based on the history and fiscal examination it suggesting that you have most likely have an acute appendicitis I mean, the doctor hope I'm not going to die from this pain like this. No, no, no, no, no. Acute appendicitis is actually, it's not a death sentence, it's a surgical case. So, what we do is a surgery to remove the appendix. When the appendix gets inflamed or infected, that's what we call appendicitis. So, we just inform the surgeon and then we will know what next. But before we do that, we will run some basic investigations. We will do your full blood count. We will group and cross match at least 2 units of blood. We will do your EUS, electrolyte, rare and creatinine as well. an do ou plase yo an MPO, you stop feeding for now, an plase yo an IV fluids, normal seline, notanit, with dextrous water, an also plase yo an some antibiotics as well, IV septrazone, 1 gram tefal, with IV flak, 500 mg etal, then, we will take you in for surgery, when everything is ready. So do you have any question? No, not at all, thank you very much Alright","Good afternoon how are you doing I'm Dr. Okenla welcome to our clinic today. What's your name sir? yeah I'm ifeoluwa Okay how old are you? I'm 28 years okay what do you do? Yeah I'm a student okay are you married? No not at all so what brought you to our clinic today? Yeah I started having this stomach pain for how long now? Yeah for the past 4 days now I have been having this pain where exactly in the your on tummy are you having the pain? yeah it located around my upper stomach ohh really okay then did you notice maybe after starting from your upper stomach to other parts? Yeah after some time it started moving to the right my right side my right side there just lower at lower side okay so how did it start was it sudden or gradually? No it was gradually it started increasing and the pain now is currently unbearable ohh wow the pain can you describe the pain is it biting is it aching is it stabbing in nature ? I feel a lot of ohh wow on a scale of 1-10 can you help me rate the pain ? Doctor I rate it 8, 8 ohh that's that's a whole lot does this pain radiate to any part of your body maybe your back? Just my stomach doctor just my stomach okay is there anything you do that help you relieve it or worsen this pain Doctor I don't do anything it's always very painful okay there's nothing that you do that help relieve the pain nothing relieves it okay any fever are you running temperature yes I started running temperature too another 4 days ago okay is the temperature high like is it high grade yes it is it is doctor any vomiting? Yes I have been vomiting I vomited like 3 times today alone Okay what's the color of the vomiting is it watery ? yes everything I ate nothing is in my stomach I have been vomiting it okay any mucus in the vomiting? No not at all no blood as well no blood nothing alright any diarrhea passage of watery stool? NO am not passing anything Okay did you notice that your tummy is getting bigger No nothing in my stomach Okay Did you notice that the rate at which you pee has also increase that you have to go to toilet more frequent to pee than usual No No not at all any painful urination you don't feel pain you're urinating? No I don't feel any pain I don't feel any pain Okay alright Doctor I also not have been eating like if I see food like this I will not be able to eat okay you don't lost weight at any point? No I have not Alright do you drink do you smoke ? No I don't drink okay does this pain get worse when you take fatty food? No it doesn't No alright no problem so any cough you're not having cough? No am not having cough you're not having chest pain ? No not at all Alright so I will examine you now okay On General examination on a young man in painful distress not pale anicteric edema On Abdominal examination the abdomen is full respiration there's right iliac fossa tenderness is guarding rebound tenderness and is positive rovsing and McBurney's sign On cardiovascular examination BP is 120/80 pulse rate is bpm s1 and s2 no added sound on respiratory examination chest is respiratory rate is 12 cycles per minute breath sounds are vesicular or no lung zones SPO2 is 98% so based on the history and physical examination is suggesting that you have most likely an acute appendicitis Doctor hope am not going to dies from this pain like this No no no no acute appendicitis is actually not a death sentence is a surgical case so what we do is surgery to remove the appendix and the appendix get inflamed or infected that's what we call appendicitis, so we just we'll inform the surgeon and then we'll know what next but before we do that we'll run some basic medications we will do your full blood count group and cross match of blood we'll do ur EUs as well we'll place you on MPO to stop and place on normal saline with destrous water and also place you on some antibiotics as well Flagyl 500mg for surgery when everything is ready so do you have any questions No not at all thank you very much Alright",3.089,0.373,0.2723,0.5371,0.314,
data/clips/pidgin_00.wav,pidgin-english,afriswitchcare,assemblyai-universal,"Günaydın, nasılsın? Ben Dr. Okenla. Hoşgeldin klinikaya bugün. Adın nedir? Ben Fivoloa. Ne kadar yaşındasın? 28 yaşındayım. Ne yapıyorsun? Ben bir öğrenciyim. Evet, evli misin? Hayır, asla değil. Bu neden klinikaya gittin bugün? Evet, beynim ağrımaya başladı. Ne kadar uzun sürdü? Evet, 4 gün sonra, ben bu sakinlik gün sonra, ben mi? bu Evet, 4 sakinlik mi? Evet, 4 gün ben bu sakinlik sonra mi? Evet, 3 gün sonra, ben bu sakinlik mi? Evet 3 gün sakinlik mi? Evet sonra, 3 ben bu ben bu sakinlilik mi? mi?... sakinik 3 Evet ben 4 gün sonra, ben bu sakinlik bu sakinlik mi?... Evet 3 gün sonra, ben bu sakinlik mi?... Evet 3 gün sonra, ben bu sakinik mi?... Evet 3 gün sonra, Ben bu sakinik mi?... Evet 4 gün sonra, Ben bu sakinik mi?... Evet 4 gün Gradually, sonra, ben bu sakinlik mi?... o inceleyece ve pan inceleyece ve pan inceleyece ve pan inkeleyece ve pan inkeleyece ve pan inkeleyece ve pan inkeleyece ve pan inkeleyece ve ve pan inkeleyece ve pan pan inkeleyece ve pan inkeleyece ve pan ikkeleyece ve pan inkenleyece ve pan inkenleyecek ve pan inkeleyecek inkeleyeyecek ve pan inkeleyeyecek ve pan inkeleyeyecek ve pan inkeleyeyecek ve Doktor, bu 8! 8! Bu bir pan sürü! Bu bir sürü! Bu doktor, inkeleyeyecek bu doktor, bu ve bir sürü! Doktor, bu doktor, bu bir sürü! Bu bir sürü! Bu bir sırü! Bu bir sürü! Evet, bu doğru doktor. Vomit yedin mi? Evet, 3 kere vomit yedim bugün tek. Vomitlerin renk ne? Yedin mi? Evet, vomit yedim, kocamda hiçbir şey yoktu, ama vomit yi yedim. Vomitlerde mucus var mı? Hayır, hiçbir şey yoktu. Sadece yiyeceklerim var. Sadece bir şey yoktu. Hiçbir şey yoktu. Tamam, hangi diarreya, hangi pasaj, hangi istihbarat? Hayır, ben hiçbir şey yapmadım Doktor, hiçbir şey yapmadım Anladın mı, ağzın daha büyüktüğünü? Hayır, ben hiç anlayamadım Anladın mı, ağzın daha büyüktüğünü anladın mı? Hayır, hayır, hiç anlayamadım. Hangi acı duygusunu hissediyorsun? Hangi acı duygusu hissediyorsun? Hayır, hiçbir acı hissedemiyorum, hiçbir acı hissedemiyorum Tamam Ama eğer böyle bir yemeği görürsem, yemeği yiyebileceğimi bilmiyorum Ve bir anlık kafasını kaybettin mi? Hayır, kaybettim Sen ne içiyorsun, ne sokuyorsun? Hayır, ben hiçbir şey içmiyorum Ve bu acı, fatih yiyeceği alır mı? Hayır, yiyemez, hayır Tamam, sorun yok Bir kafa var mı? Ben kafa almadım Ben de kafa almadim ve chest pain yok mi? yok, asli yok ummm, so beni izameneyecek ok, genelizasyon ummm, genelizasyon ummm, geneklik yaman, acil stres yaman, anikterik, acidosis, ummm ummm, ummm, umum, umum, umum, umum umum umum, umu umum umum umum umu umum umu umu umum umu umu umum uum umum um uumum umum umum umum um umum um uum umum umum uumum uum um umum um umum um uumum u umb um Abdomen um u u full, um um u mouse is respiration, right iliac fossa tenderness, guardian, rebound tenderness, positive roxane and mcburnness sign. On cardiovascular examination, BP is 128, pulse rate is 90 beats per minute, S1 and S2 no added sound. On respiration examination, chest is Respiratory rate is 12 cycles per minute. Breath sounds are vascular on all lung zones. SpO2 is 98 percent. Based on the history and physical examination, it is suggested that you most likely have an acute appendicitis. I mean the doctor hope I'm not going to die from this pain like this. No, no, no, no. Acute appendicitis is actually It's not a death sentence, it's a surgical case. So what we do is surgery to remove the appendix. When the appendix gets inflamed or infected, that's what we call appendicitis. So we just inform the surgeon and then we'll know what next. But before we do that, we'll run some basic medications to do your full blood count. Mbupan Crossmatch, at least 2 units of blood. We do your e-use, electrolytes, urea and creatinine as well. And we'll place you on NPO, you stop feeding for now. And place you on IV fluids, normal saline or tannins with dextrose water. And also place you on some antibiotics as well. IV ceftriazone, 1 gram to 5, IV flage, 500 mg per hour. Her şey hazır olduğunda sizi operatöre götürecek. Bir sorun var mı? Hayır, hiç sorun yok. Teşekkür ederim.","Good afternoon how are you doing I'm Dr. Okenla welcome to our clinic today. What's your name sir? yeah I'm ifeoluwa Okay how old are you? I'm 28 years okay what do you do? Yeah I'm a student okay are you married? No not at all so what brought you to our clinic today? Yeah I started having this stomach pain for how long now? Yeah for the past 4 days now I have been having this pain where exactly in the your on tummy are you having the pain? yeah it located around my upper stomach ohh really okay then did you notice maybe after starting from your upper stomach to other parts? Yeah after some time it started moving to the right my right side my right side there just lower at lower side okay so how did it start was it sudden or gradually? No it was gradually it started increasing and the pain now is currently unbearable ohh wow the pain can you describe the pain is it biting is it aching is it stabbing in nature ? I feel a lot of ohh wow on a scale of 1-10 can you help me rate the pain ? Doctor I rate it 8, 8 ohh that's that's a whole lot does this pain radiate to any part of your body maybe your back? Just my stomach doctor just my stomach okay is there anything you do that help you relieve it or worsen this pain Doctor I don't do anything it's always very painful okay there's nothing that you do that help relieve the pain nothing relieves it okay any fever are you running temperature yes I started running temperature too another 4 days ago okay is the temperature high like is it high grade yes it is it is doctor any vomiting? Yes I have been vomiting I vomited like 3 times today alone Okay what's the color of the vomiting is it watery ? yes everything I ate nothing is in my stomach I have been vomiting it okay any mucus in the vomiting? No not at all no blood as well no blood nothing alright any diarrhea passage of watery stool? NO am not passing anything Okay did you notice that your tummy is getting bigger No nothing in my stomach Okay Did you notice that the rate at which you pee has also increase that you have to go to toilet more frequent to pee than usual No No not at all any painful urination you don't feel pain you're urinating? No I don't feel any pain I don't feel any pain Okay alright Doctor I also not have been eating like if I see food like this I will not be able to eat okay you don't lost weight at any point? No I have not Alright do you drink do you smoke ? No I don't drink okay does this pain get worse when you take fatty food? No it doesn't No alright no problem so any cough you're not having cough? No am not having cough you're not having chest pain ? No not at all Alright so I will examine you now okay On General examination on a young man in painful distress not pale anicteric edema On Abdominal examination the abdomen is full respiration there's right iliac fossa tenderness is guarding rebound tenderness and is positive rovsing and McBurney's sign On cardiovascular examination BP is 120/80 pulse rate is bpm s1 and s2 no added sound on respiratory examination chest is respiratory rate is 12 cycles per minute breath sounds are vesicular or no lung zones SPO2 is 98% so based on the history and physical examination is suggesting that you have most likely an acute appendicitis Doctor hope am not going to dies from this pain like this No no no no acute appendicitis is actually not a death sentence is a surgical case so what we do is surgery to remove the appendix and the appendix get inflamed or infected that's what we call appendicitis, so we just we'll inform the surgeon and then we'll know what next but before we do that we'll run some basic medications we will do your full blood count group and cross match of blood we'll do ur EUs as well we'll place you on MPO to stop and place on normal saline with destrous water and also place you on some antibiotics as well Flagyl 500mg for surgery when everything is ready so do you have any questions No not at all thank you very much Alright",14.683,0.8259,0.6271,0.8843,0.6653,
data/clips/pidgin_01.wav,pidgin-english,afriswitchcare,sahara-v2.5,,"So Good evening ma and welcome to our hospital today. My name na Dr. Adams and na me go dey attend to you today. So what is your name, ma? My name is Agnes Godswill Okay Mrs. Agnes how old are you ma? I be 27 years old. Okay which work you dey do? I be banker Okay you don marry? No. Okay, you're not married, you're single? I'm not married, I'm single. Okay which address you dey stay? 46, Bukola Road Ekpe Okay which religion you dey practice? I'm a Christian. Okay, which tribe do you come from? I be Igbo. Okay alright ma, So what brings you to our hospital today? I've been having cough. Okay this cough that you've been having, how long has it been? Two days ago Yes it started two days ago. Okay this cough, shey e just start suddenly abi you start to notice am gradually small, small? Im starts suddenly. Okay when you cough shey anything dey commot? No so no spit or anything dey commot. Na just dry Yes No Okay do you notice that you're trying to catch your breath in between coughing? No Okay and when you cough, does it sound like it's barky or you're making some abnormal sounds like a dog barking? No. Okay. Now you don notice say after you cough like that, if you cough like four times, you go vomit after. No. Okay e get any time of the day wey dis cough dey always worse pass? It's always worse at night. Okay, have you noticed that around that same period, you notice that you are struggling to breathe or finding it difficult to breathe? Yes. Okay you notice say your breathing sef as you dey struggle to breathe e dey make some kind funny, funny sounds? Yes, yes e dey make dis sound like say person dey whistle Okay, so it has this whistling sound. Okay Have you noticed any rise in your body temperature since all these started? No I never notice am? Any fever, Any runny nose? No. Okay. No catarrh? No. Okay. No weight loss as well? No. Okay you notice say if you dey sleep for night say di bed always dey soaked? No. Okay. You don come in contact with person wey dey wey don dey cough for a while recently? No. Okay. You don travel go anywhere recently? I never travel recently. Okay, you don dey exposed to something like dust? You dey always dey exposed to dust? Ahh I dey always get exposed to am ooo because our house na carpet we use oo so if I dey sweep I dey always like raise am so I go dey exposed to dust like that. Okay, alright, sorry about that. Apart from the dust, are you usually exposed to anything else like smoke or insecticides, perfumes or anything? No Alright, s so you dey always dey get dis kind thing wey your eyes just start to dey itch you water make your skin dey itch you? Yes I dey experience am Okay, shey you get any other person for your family wey dey get similar symptoms of dis eye itchiness and all that? Yes. Alright okay. Are you, do you usually react to any medication or any food or anything at all? Yes, I react to groundnut Groundnut, cashew nut all of that I react to it. Okay alright, Shey you get any medication wey you dey take often? I use this thing, ibuprofen, and I use it every time because of my leg pain. Okay alright you use ibuprofen. Okay. Are you hypertensive? No. Are you diabetic? No. Have they ever told you that you have asthma? No. Okay, you dey always drink alcohol? No. Okay, what about cigarette? Do you smoke cigarette or any other substance? No. Okay, what about herbal concoction? No. Okay, so apart from this cough you get any other thing wey you want to complain about? No English>Okay on examination, she's a young female, conscious and alert, not in obvious distress. She's afebrile with a temperature of 37.0 degrees Celsius. She's not pale, she's anicteric, she's in cyanosed she's not dehydrated, she has no pedal edema Her vital signs are respiratory rate na 12 cycles per minute, her oxygen saturation na 97%, her blood pressure na 120/80 millimeters of mercury, and her pulse rate na 70 beats per minute. For her chest, she no get any obvious deformities, no scarification marks, chest expansion is equal, but she gets widespread bronchi when I listen to her chest with stethoscope. So madam, based on all these questions wey we ask you and all the answers wey you give us, the likely thing wey you get na asthma. But it gets some other things wey you fit get like pneumonia, but the most likely diagnosis now na asthma. But to confirm, we go send you go do some kind test, like the pulse oximetry where dey go say make you feel your hand for one pulse of the meter, or another one wey you go dey blow air to check some kind thing, just to measure your respiratory capacities. Then you go also do chest x-ray check x-ray of the chest, then we go also do some blood test. So based on that, with di results, we go fit give you something. First, we go give you something wey go relief this your cough and this your difficulty breathing. Then we go give you things wey you fit use prevent am make e no get these kind thing again, then the last one, we go try explain to you the kind things wey you go avoid, like your exposure to dust or those kind ibuprofen wey you dey use wey fit trigger dis kind thing wey you dey get. So you get any questions for me? No. Alright, so thank you very much and have a nice day. Thank you, doctor.",,,,,,"Sahara upload failed for data/clips/pidgin_01.wav (status 400): {""data"":{},""message"":""insufficient balance to process the file"",""status"":""Error""}
"
data/clips/pidgin_01.wav,pidgin-english,afriswitchcare,whisper-large-v3-groq," Good evening ma, and welcome to our hospital today. My name is Dr. Adams, and I'm going to attend to you today. So, what is your name ma? My name is Agnes Gorsi. Okay, Mrs. Agnes, how old are you ma? I'll be 27 years old. Okay, which work will you do? I'll be banker. Okay, you don't marry? No. ok you are not married you are single i'm not married i'm single ok which address you stay 46 ok which religion you practice i'm a christian ok which tribe you come from ok all right man so what brings you to our hospital today i've been having cough Ok, ki nani ki kato kato ki e na mweni ki kofi ki? No Ok, nani ki kofi, does isisun wani ki nani e kato kato kato Iye, ki nani ki kato ka nani? E konw nani e kato kato nani? Ok, ti yongi te nani ay yukofi kato, ti kato yoi e kato kato, ti kato iyo e fokita ya hini yako No Ok ki nani ki koto sa fote ti bo kato fote tana ti go omelita koto No after no ok again it time of today with this cough they always was past mmm go is worse at night ok having a taste are around the same period you notice that I am struggling to breathe or finding it difficult to breathe yes ok you know to say your your Britain safe as he destroy me to bridge they make some kind funny funny sounds um yes yes they make this sound like saying person de wish you okay so it has this whistling sound okay um have you noticed any rise in your body temperature since all this started no any fever any running nose no okay no cutter no okay ਸੋ ഉੋ Ǵ₍ ഉ ഉੋ ഉੋ ഉੋ WĒ TħE Gŋ GĒZ ਧ ਸੋ ڈ ཛྷ ඌ ഉੋ ഉੋ འ ഉੋ ཱো E Dẋ ? ਸੋ At the end of the day, they are exposed to dust in their house. In addition to the dust, are you usually exposed to anything else like smoke, insecticides, or fumes or anything else? No. Alright so umm you always get this kind of things when your eyes go just start to they itch you the water make your skin they eat you yes okay so again any other person for your family really get similar symptoms of this eye itchiness and all that yes all right okay are you do you usually react to any medication or any food or anything at all yes i react to granules granules, cashew nuts, all of that area. Okay, alright. Do you take any medication? What do you take often? I use ibuprofen. I use it every time because of my leg pain. Okay. Alright, you use ibuprofen. Are you hypertensive? No. you diabetic have they ever told you that you have asthma no okay and you they always drink alcohol okay what about cigarettes do you smoke cigarettes or any other substance okay what about about concussions okay so apart from this cough you get any other thing where you won't complain about okay on examination she's a young female conscious and a lot not an obvious distress she's a fibra with a temperature of 37.0 degrees celsius she's not pure she's an etheric she's a cyanide she's not dehydrated she has no pedal edema Her vital signs are respiratory rates of 12 cycles per minute oxygen saturation of 97 blood pressure of 120 over 80 mmHg and her pulse rate of So madam, based on all the questions we ask you and all the answers you give us, the likelihood thing you can get is asthma. But you get some other things when you feel it like pneumonia but the most likely diagnosis is asthma. but to confirm we go send you go to some kind tests like the cost of the majority go see make you put your hand for one person or another one way you could be blue a it's a some kind sin just to measure your respiratory capacities then you go so do chest x-ray would check extra of the chest The next step is also blood test. Based on the result, we will give you some things, First, we will give you some relief, such as your cough and difficulty breathing. We will give you some things to prevent and prevent you from having this kind of thing again. Then, the last one, we will try to explain to you the kind of things you will avoid, your exposure to dust, or those kind of ibuprofen they use will trigger those kind of thing they get So, you get any questions for me? No Alright So, thank you very much and have a nice day Thank you doctor","So Good evening ma and welcome to our hospital today. My name na Dr. Adams and na me go dey attend to you today. So what is your name, ma? My name is Agnes Godswill Okay Mrs. Agnes how old are you ma? I be 27 years old. Okay which work you dey do? I be banker Okay you don marry? No. Okay, you're not married, you're single? I'm not married, I'm single. Okay which address you dey stay? 46, Bukola Road Ekpe Okay which religion you dey practice? I'm a Christian. Okay, which tribe do you come from? I be Igbo. Okay alright ma, So what brings you to our hospital today? I've been having cough. Okay this cough that you've been having, how long has it been? Two days ago Yes it started two days ago. Okay this cough, shey e just start suddenly abi you start to notice am gradually small, small? Im starts suddenly. Okay when you cough shey anything dey commot? No so no spit or anything dey commot. Na just dry Yes No Okay do you notice that you're trying to catch your breath in between coughing? No Okay and when you cough, does it sound like it's barky or you're making some abnormal sounds like a dog barking? No. Okay. Now you don notice say after you cough like that, if you cough like four times, you go vomit after. No. Okay e get any time of the day wey dis cough dey always worse pass? It's always worse at night. Okay, have you noticed that around that same period, you notice that you are struggling to breathe or finding it difficult to breathe? Yes. Okay you notice say your breathing sef as you dey struggle to breathe e dey make some kind funny, funny sounds? Yes, yes e dey make dis sound like say person dey whistle Okay, so it has this whistling sound. Okay Have you noticed any rise in your body temperature since all these started? No I never notice am? Any fever, Any runny nose? No. Okay. No catarrh? No. Okay. No weight loss as well? No. Okay you notice say if you dey sleep for night say di bed always dey soaked? No. Okay. You don come in contact with person wey dey wey don dey cough for a while recently? No. Okay. You don travel go anywhere recently? I never travel recently. Okay, you don dey exposed to something like dust? You dey always dey exposed to dust? Ahh I dey always get exposed to am ooo because our house na carpet we use oo so if I dey sweep I dey always like raise am so I go dey exposed to dust like that. Okay, alright, sorry about that. Apart from the dust, are you usually exposed to anything else like smoke or insecticides, perfumes or anything? No Alright, s so you dey always dey get dis kind thing wey your eyes just start to dey itch you water make your skin dey itch you? Yes I dey experience am Okay, shey you get any other person for your family wey dey get similar symptoms of dis eye itchiness and all that? Yes. Alright okay. Are you, do you usually react to any medication or any food or anything at all? Yes, I react to groundnut Groundnut, cashew nut all of that I react to it. Okay alright, Shey you get any medication wey you dey take often? I use this thing, ibuprofen, and I use it every time because of my leg pain. Okay alright you use ibuprofen. Okay. Are you hypertensive? No. Are you diabetic? No. Have they ever told you that you have asthma? No. Okay, you dey always drink alcohol? No. Okay, what about cigarette? Do you smoke cigarette or any other substance? No. Okay, what about herbal concoction? No. Okay, so apart from this cough you get any other thing wey you want to complain about? No English>Okay on examination, she's a young female, conscious and alert, not in obvious distress. She's afebrile with a temperature of 37.0 degrees Celsius. She's not pale, she's anicteric, she's in cyanosed she's not dehydrated, she has no pedal edema Her vital signs are respiratory rate na 12 cycles per minute, her oxygen saturation na 97%, her blood pressure na 120/80 millimeters of mercury, and her pulse rate na 70 beats per minute. For her chest, she no get any obvious deformities, no scarification marks, chest expansion is equal, but she gets widespread bronchi when I listen to her chest with stethoscope. So madam, based on all these questions wey we ask you and all the answers wey you give us, the likely thing wey you get na asthma. But it gets some other things wey you fit get like pneumonia, but the most likely diagnosis now na asthma. But to confirm, we go send you go do some kind test, like the pulse oximetry where dey go say make you feel your hand for one pulse of the meter, or another one wey you go dey blow air to check some kind thing, just to measure your respiratory capacities. Then you go also do chest x-ray check x-ray of the chest, then we go also do some blood test. So based on that, with di results, we go fit give you something. First, we go give you something wey go relief this your cough and this your difficulty breathing. Then we go give you things wey you fit use prevent am make e no get these kind thing again, then the last one, we go try explain to you the kind things wey you go avoid, like your exposure to dust or those kind ibuprofen wey you dey use wey fit trigger dis kind thing wey you dey get. So you get any questions for me? No. Alright, so thank you very much and have a nice day. Thank you, doctor.",12.053,0.5135,0.3603,0.6239,0.3872,
data/clips/pidgin_01.wav,pidgin-english,afriswitchcare,assemblyai-universal,"So, um, good evening, ma, and welcome to our hospital today. My name, uh, Dr. Adams, and I'm going to attend to you today. So what is your name, ma? My name is Agnes Godfrey. Okay, Mrs. Agnes, how old are you, ma? I'll be 27 years old. Okay, which work you do? I'll be banker. Okay, you don't marry? No. Okay, you're not married, you're single? I'm not married, I'm single. Okay, which address you stay? 46 Bukola Road, Epe. Okay, which religion you practice? I'm a Christian. Okay, which tribe you come from? Abebo. Okay, all right, ma. So what brings you to our hospital today? I've been having cough. Okay, this cough that you have been having, how long has it been? 2 days ago. Yes, it started 2 days ago. Okay, this cough, uh, she just starts suddenly. I'll be— you start today, notice some gradually small, small. It starts suddenly. Okay, um, when you cough, anything they come out, you know? So no spit or anything, they come out, they're just dry? Yes. No. Okay. Um, do you notice that you are trying to catch your breath in between coughing? No. Okay. Um, and when you cough, does it sound like, um, it's barky or you're making some abnormal sounds like a dog barking? Okay. And you don't notice it after you cough like that? If you cough like 4 times, you go vomit after? No. Okay. You get any time of the day where this cough, they always worse pass? Um, it's always worse at night. Okay. Have you noticed that around that same period you notice that you are, um, struggling to breathe or finding it difficult to breathe? Yes. Okay. And you know to say your Your breathing self, as they struggle to breathe, they make some kind funny, funny sounds. Yes, yes, they make this sound like say person they whistle. Okay, so it has this whistling sound. Okay, um, have you noticed any rise in your body temperature since all this started? No, I never noticed some. Any fever? Any running nose? No. Okay, no catarrh? No. Okay, no weight loss as well? No. Okay, you notice say if they sleep for night, say the bed, they always soaked? No. Okay, you don't come in contact with person with the cough for a while recently? No. Okay, you don't travel, go anywhere recently? I never travel recently. Okay, um, you don't get exposed to, um, something like dust? You always get exposed to dust? I always get exposed to ammo because our house, my carpet we use, so if I sweep, I always like raise them up, so I would be exposed to dust like that. Okay, all right, sorry about that. Um, apart from the dust, are you usually exposed to anything else like smoke or insecticides or fumes or anything? No. All right, so, um, you always get this kind of thing where your eyes could just start to itch you, the water make your skin itch you? Yes, I did experience that. Okay, uh, so you get any other person from your family where they get similar symptoms of this eye itchiness and all that? Yes. All right, okay. Are you— do you usually react to any medication or any food or anything at all? Yes, I react to groundnuts, groundnuts, cashew nuts, all of that. I react to it. Okay, all right. Um, should I get any medication where they take, um, often? I use this thing, ibuprofen, and I use it every time because of my leg pain. Okay, all right, you use ibuprofen. Okay, um, are you hypertensive? No. Are you diabetic? No. Have they ever told you that you have, um, asthma? No. Okay, um You always drink alcohol? No. Okay. What about cigarettes? Do you smoke cigarettes or any other substance? No. Okay. What about herbal concoctions? No. Okay. So, um, apart from this cough, you get any other thing where you want complain about? No. Okay. On examination, she is a young female, conscious and alert Not in obvious distress. She's afebrile with a temperature of 37.0 degrees Celsius. She's not pale, she's anicteric, she's acyanosed, she's not dehydrated, she has no pedal edema. Her vital signs are respiratory rate now 12 cycles per minute, uh, oxygen saturation now 97%. Her blood pressure now 120/80 mmHg and her pulse rate now 70 beats per minute. For her chest, she no get any obvious deformities, no scarification marks, chest expansion is equal, but she get widespread rhonchi when I listen to her chest with stethoscope. So, madam, um, based on all these questions we will ask you and all the answers where you give us, the likely thing where you get now asthma. But you get some other things where you forget, like pneumonia. But the most likely diagnosis now asthma. But to confirm, we go send you go do some kind test. Like the pulse oximeter, where they could say make you put your hand for one pulse oximeter, or another one where you could blow air inside some kind of thing just to measure your respiratory capacities. Then you also do chest x-ray, we'll check x-ray of the chest. Then we'll also do some blood tests. So based on that, with the results We go give you some things. Of course, we will give you, um, something where we feel relief this your cough and this your difficulty breathing. Then we will give you things where you feel use prevent them, make you not get this kind thing again. Then the last one, we go try explain to you the kind things where you go avoid, like your exposure to dust or those kind ibuprofen where they use If it trigger this kind thing, we— they get— so you get any questions for me? No. All right, so thank you very much and have a nice day. Thank you, doctor.","So Good evening ma and welcome to our hospital today. My name na Dr. Adams and na me go dey attend to you today. So what is your name, ma? My name is Agnes Godswill Okay Mrs. Agnes how old are you ma? I be 27 years old. Okay which work you dey do? I be banker Okay you don marry? No. Okay, you're not married, you're single? I'm not married, I'm single. Okay which address you dey stay? 46, Bukola Road Ekpe Okay which religion you dey practice? I'm a Christian. Okay, which tribe do you come from? I be Igbo. Okay alright ma, So what brings you to our hospital today? I've been having cough. Okay this cough that you've been having, how long has it been? Two days ago Yes it started two days ago. Okay this cough, shey e just start suddenly abi you start to notice am gradually small, small? Im starts suddenly. Okay when you cough shey anything dey commot? No so no spit or anything dey commot. Na just dry Yes No Okay do you notice that you're trying to catch your breath in between coughing? No Okay and when you cough, does it sound like it's barky or you're making some abnormal sounds like a dog barking? No. Okay. Now you don notice say after you cough like that, if you cough like four times, you go vomit after. No. Okay e get any time of the day wey dis cough dey always worse pass? It's always worse at night. Okay, have you noticed that around that same period, you notice that you are struggling to breathe or finding it difficult to breathe? Yes. Okay you notice say your breathing sef as you dey struggle to breathe e dey make some kind funny, funny sounds? Yes, yes e dey make dis sound like say person dey whistle Okay, so it has this whistling sound. Okay Have you noticed any rise in your body temperature since all these started? No I never notice am? Any fever, Any runny nose? No. Okay. No catarrh? No. Okay. No weight loss as well? No. Okay you notice say if you dey sleep for night say di bed always dey soaked? No. Okay. You don come in contact with person wey dey wey don dey cough for a while recently? No. Okay. You don travel go anywhere recently? I never travel recently. Okay, you don dey exposed to something like dust? You dey always dey exposed to dust? Ahh I dey always get exposed to am ooo because our house na carpet we use oo so if I dey sweep I dey always like raise am so I go dey exposed to dust like that. Okay, alright, sorry about that. Apart from the dust, are you usually exposed to anything else like smoke or insecticides, perfumes or anything? No Alright, s so you dey always dey get dis kind thing wey your eyes just start to dey itch you water make your skin dey itch you? Yes I dey experience am Okay, shey you get any other person for your family wey dey get similar symptoms of dis eye itchiness and all that? Yes. Alright okay. Are you, do you usually react to any medication or any food or anything at all? Yes, I react to groundnut Groundnut, cashew nut all of that I react to it. Okay alright, Shey you get any medication wey you dey take often? I use this thing, ibuprofen, and I use it every time because of my leg pain. Okay alright you use ibuprofen. Okay. Are you hypertensive? No. Are you diabetic? No. Have they ever told you that you have asthma? No. Okay, you dey always drink alcohol? No. Okay, what about cigarette? Do you smoke cigarette or any other substance? No. Okay, what about herbal concoction? No. Okay, so apart from this cough you get any other thing wey you want to complain about? No English>Okay on examination, she's a young female, conscious and alert, not in obvious distress. She's afebrile with a temperature of 37.0 degrees Celsius. She's not pale, she's anicteric, she's in cyanosed she's not dehydrated, she has no pedal edema Her vital signs are respiratory rate na 12 cycles per minute, her oxygen saturation na 97%, her blood pressure na 120/80 millimeters of mercury, and her pulse rate na 70 beats per minute. For her chest, she no get any obvious deformities, no scarification marks, chest expansion is equal, but she gets widespread bronchi when I listen to her chest with stethoscope. So madam, based on all these questions wey we ask you and all the answers wey you give us, the likely thing wey you get na asthma. But it gets some other things wey you fit get like pneumonia, but the most likely diagnosis now na asthma. But to confirm, we go send you go do some kind test, like the pulse oximetry where dey go say make you feel your hand for one pulse of the meter, or another one wey you go dey blow air to check some kind thing, just to measure your respiratory capacities. Then you go also do chest x-ray check x-ray of the chest, then we go also do some blood test. So based on that, with di results, we go fit give you something. First, we go give you something wey go relief this your cough and this your difficulty breathing. Then we go give you things wey you fit use prevent am make e no get these kind thing again, then the last one, we go try explain to you the kind things wey you go avoid, like your exposure to dust or those kind ibuprofen wey you dey use wey fit trigger dis kind thing wey you dey get. So you get any questions for me? No. Alright, so thank you very much and have a nice day. Thank you, doctor.",15.081,0.2337,0.1182,0.347,0.1455,
data/clips/pidgin_02.wav,pidgin-english,afriswitchcare,sahara-v2.5,,"Good afternoon, good afternoon. My name is Dr. Okenla. Welcome to the clinic today. How are you doing? yeah I'm doing fine, thank you very much. Okay, so what brought you to the clinic today? Yeah I'm currently coughing Ohh For how long? I think for a week now Okay, sorry, how old are you? I'm 30 years old Okay, what do you do? I'm a farmer Are you married? No Okay, are you a Christian? Yes okay Alright, so this cough has been going on for one week, right? Yes it has Okay, so how is the cough like? Are you producing any sputum or any secretions at all? Yes, I produce sputum Okay, is it bloody? No, it's not bloody, not at all Okay, what's the color of the sputum? It's actually clear, just clear okay Is it paroxysmal? Do you cough repeatedly or it's non paroxysmal? No, it's non paroxysmal at all Okay,any associated fever? Are you running temperature? Yes ooo I have running temperature a whole lot Okay, is the temperature a high grade or low grade? High grade, it's very veryhigh Is it usually constant or intermittent? Like where is it usually worse at particular time of the day? It's throughout, it's constant throughout the day Okay and it's not worse during the particular time of the day? The cough, no, not worse as it's during the particular time of the day Any chest pain, any runny nose, any nasal congestion? No, none of those none of those okay So, is there any trigger? Is there anything that triggers the cough or it's just start spontaneously Nothing I don't I don't see any trigger no triggers at all Okay you don't have any known allergy? No not at all So is there associated weight weight loss? Have you noticed you've lost weight? No Do you sweat excessively? No, not at all Okay. And is there anybody with history of chronic cough around you? Anybody coughing around you? No okay What about any history of consumption of unpasteurized milk? No Okay So, is there any previous history of similar cough like maybe it has happened before? No no history of that Okay Any breathlessness? Are you finding it difficult to breathe? No Okay So have you travelled out of the country of recent to any place? No, not at all Okay you have not travelled at all No Any past medical history of hypertension? Are you hypertensive? are you diabetic and you are not asthmatic as well? No I'm not No family history of asthma too as well No, none of that Okay Do you drink? Do you smoke cigarettes? I don't do I don't do I don't smoke You don't smoke cigarettes at all okay So are you on any drugs or you're not on any routine drugs? No And no known drug allergies? Is there any drug you reacts to? Not at all Alright. So I would like to examine you now. Alright Alright so on general examination, patient is calm, not pale, anicteric um, febrile with a temperature of 38 degrees Celsius,there's respiratory distress evidence by intercostal retractions. On chest examination, the chest is symmetrical, no tracheal deviation. The percussion notes are actually resonant on all lung zones, um, no vocal, no increase or decrease vocal resonance, and the breath sounds are actually, um, they're crepitations in the, um, there are reduced breath sounds and crackles and crepitations on the right side, actually. And percussion notes is dull too as well, it's dull on percussion. On respiratory rate, it's um, 34 cycles per minute, SPO2 of 92%. Um, on cardiovascular examination, pulse rate is 96 beat per minute, full and regular, blood pressure is 120/80. So um, based on this history and physical examinations, there is um, it suggests a respiratory tract infection. Um, we've try to rule out TB tuberculosis, so it must likely be a pneumonia. So we'll conduct some investigations to actually confirm our diagnosis. Do you have any question at all? No I perfectly understand thank you very much Okay So we'll be doing some basic investigations full blood count to check your blood levels. We'll also do a chest X-ray, most importantly, to check if there is any evidence of infections in the chest. We'll also be doing a sputum MCS as well to know the antibiotics you are sensitive to that will actually work for you as well. We can also do a to be sure that it's out of the picture as well. So, yeah, and based on this investigation, based on the result of the variations, we will know what next, but for now, we start you on antibiotics, amoxiclav, specifically. We start you on amoxiclav 1 gram twice daily then pending the result of the investigations, and whichever antibiotics you're sensitive to, change it to that. And we'll also give you some, we'll give you paracetamol for the fever as well. Give you paracetamol for the fever. And for the chest pain. So, yeah, thank you very much",,,,,,"Sahara upload failed for data/clips/pidgin_02.wav (status 400): {""data"":{},""message"":""insufficient balance to process the file"",""status"":""Error""}
"
data/clips/pidgin_02.wav,pidgin-english,afriswitchcare,whisper-large-v3-groq," Good afternoon, my name is Dr. Okinla. Welcome to the clinic today. How are you doing? I'm doing fine, thank you very much. What brought you to the clinic today? I'm currently coughing. For how long? I've been for a week now. How old are you? i'm 30 years old okay what do you do i'm a farmer are you married no okay are you a christian yes okay all right so this cough that's been going on for one week right yes okay so how is the cough like are you producing any sputum or any secretions at all yes i produce It's sputum Is it bloody? No, it's not bloody What's the color of the sputum? It's actually clear Is it paralysic? Do you cough repeatedly? No, it's not paralysic Any associated fever? Are you running temperature? Yes, I have running temperature a lot Is it high grade or low grade? It's only the AI Is it usually constant or intermittent? Like maybe it's usually worse at a particular time of the day It's true, it's constant throughout the day Okay And it's not worse during a particular time of the day? The cough, no, it's not worse at a particular time of the day Any chest pain any runny nose any nasal congestion No none of those Ok So is there any trigger Is there anything that triggers the cough or is just that spontaneous Nothing, I don't see any trigger, there is no trigger at all Ok, you don't have any known allergy? No, none at all Ok So, is there weight loss? Have you noticed you've lost weight? No Do you sweat excessively? No, not atol. Ok, and is there anybody with history of chronic cough around you? Anybody coughing around you? No. Ok. What about any history of consumption of unpasteurized milk? No. Ok. So, is there any previous history of similar cough? Like maybe it has happened before? No, no history of that. Ani bretlesnes, an yon fanyan diwikal sou bret? Non Ok So, an yon traveled out of the country of recent? Non, non ato Ok, yon non traveled ato Non Ani pasmenika ishi of apatensyon? Ay apatensyon? Ay diabetik? Ay anon asmatik aswo? An yon Non family ishi of asmat aswo? Non, non of that Ok, do yon drink, do yon smoke sigret? I don't do, I don't smoke You don't smoke cigarette at all? No So are you on any drugs or You're not on any written drugs? No And no known drug allergies? Is there any drug you reacts to? Not at all Alright So I would like to examine you now Alright general examination the patient is calm not pale and enteric It's a nostril. Fibra with a temperature of 38 degrees Celsius. Not dehydrated. There is respiratory distress evidenced by intercostal retractions. On chest examination, the chest is symmetrical, no tracker deviation, the percussion notes are actually resonant or no lugs, no vocal, no increased or decreased vocal resonance the breath sounds are actually um the adaptations in the um there are reduced breath sounds and crackles and crepitations on the right side actually and percussion notes is um dull too as well it's done on percussion um respiratory rate is um 34 cycle per minute sp of 92 percent um on cardiovascular examination post rate is 96 bit per minute full and regular blood pressure is 120 80. so um based on this history and physical examinations there is um it suggests a respiratory tract infection um we tried to rule out cb tuberculosis so it could most likely be pneumonia So we will conduct some investigations to actually confirm our diagnosis Do you have any question at all? No, I perfectly understand. Thank you very much. So we will be doing some basic investigations, a full blood count to check your blood levels. We will also do a chest test for you, the most important thing to check if there is any evidence of infections in the chest. We will also be doing a sputum MCS as well to know the antibiotics you are sensitive to that will actually work for you as well. We can also do a gene expert just to be sure that TB is out of the picture as well. So yeah and based on this investigation, based on the results of the investigations, we will know what next but for now we start here on antibiotics, Amoziclav specifically. specifically we start with 1 gram twice daily and pending the result of the investigations and whichever antibiotic has been saved to change it to that and also give you some i'll give you um paracetamol for the fever as well give paracetamol for the fever and for the chest pain so yeah thank you very much","Good afternoon, good afternoon. My name is Dr. Okenla. Welcome to the clinic today. How are you doing? yeah I'm doing fine, thank you very much. Okay, so what brought you to the clinic today? Yeah I'm currently coughing Ohh For how long? I think for a week now Okay, sorry, how old are you? I'm 30 years old Okay, what do you do? I'm a farmer Are you married? No Okay, are you a Christian? Yes okay Alright, so this cough has been going on for one week, right? Yes it has Okay, so how is the cough like? Are you producing any sputum or any secretions at all? Yes, I produce sputum Okay, is it bloody? No, it's not bloody, not at all Okay, what's the color of the sputum? It's actually clear, just clear okay Is it paroxysmal? Do you cough repeatedly or it's non paroxysmal? No, it's non paroxysmal at all Okay,any associated fever? Are you running temperature? Yes ooo I have running temperature a whole lot Okay, is the temperature a high grade or low grade? High grade, it's very veryhigh Is it usually constant or intermittent? Like where is it usually worse at particular time of the day? It's throughout, it's constant throughout the day Okay and it's not worse during the particular time of the day? The cough, no, not worse as it's during the particular time of the day Any chest pain, any runny nose, any nasal congestion? No, none of those none of those okay So, is there any trigger? Is there anything that triggers the cough or it's just start spontaneously Nothing I don't I don't see any trigger no triggers at all Okay you don't have any known allergy? No not at all So is there associated weight weight loss? Have you noticed you've lost weight? No Do you sweat excessively? No, not at all Okay. And is there anybody with history of chronic cough around you? Anybody coughing around you? No okay What about any history of consumption of unpasteurized milk? No Okay So, is there any previous history of similar cough like maybe it has happened before? No no history of that Okay Any breathlessness? Are you finding it difficult to breathe? No Okay So have you travelled out of the country of recent to any place? No, not at all Okay you have not travelled at all No Any past medical history of hypertension? Are you hypertensive? are you diabetic and you are not asthmatic as well? No I'm not No family history of asthma too as well No, none of that Okay Do you drink? Do you smoke cigarettes? I don't do I don't do I don't smoke You don't smoke cigarettes at all okay So are you on any drugs or you're not on any routine drugs? No And no known drug allergies? Is there any drug you reacts to? Not at all Alright. So I would like to examine you now. Alright Alright so on general examination, patient is calm, not pale, anicteric um, febrile with a temperature of 38 degrees Celsius,there's respiratory distress evidence by intercostal retractions. On chest examination, the chest is symmetrical, no tracheal deviation. The percussion notes are actually resonant on all lung zones, um, no vocal, no increase or decrease vocal resonance, and the breath sounds are actually, um, they're crepitations in the, um, there are reduced breath sounds and crackles and crepitations on the right side, actually. And percussion notes is dull too as well, it's dull on percussion. On respiratory rate, it's um, 34 cycles per minute, SPO2 of 92%. Um, on cardiovascular examination, pulse rate is 96 beat per minute, full and regular, blood pressure is 120/80. So um, based on this history and physical examinations, there is um, it suggests a respiratory tract infection. Um, we've try to rule out TB tuberculosis, so it must likely be a pneumonia. So we'll conduct some investigations to actually confirm our diagnosis. Do you have any question at all? No I perfectly understand thank you very much Okay So we'll be doing some basic investigations full blood count to check your blood levels. We'll also do a chest X-ray, most importantly, to check if there is any evidence of infections in the chest. We'll also be doing a sputum MCS as well to know the antibiotics you are sensitive to that will actually work for you as well. We can also do a to be sure that it's out of the picture as well. So, yeah, and based on this investigation, based on the result of the variations, we will know what next, but for now, we start you on antibiotics, amoxiclav, specifically. We start you on amoxiclav 1 gram twice daily then pending the result of the investigations, and whichever antibiotics you're sensitive to, change it to that. And we'll also give you some, we'll give you paracetamol for the fever as well. Give you paracetamol for the fever. And for the chest pain. So, yeah, thank you very much",3.915,0.2737,0.1657,0.4076,0.1912,
data/clips/pidgin_02.wav,pidgin-english,afriswitchcare,assemblyai-universal,"Um, good afternoon. Good afternoon. Um, my name is Dr. Kenla. Um, welcome to the clinic today. How are you doing? Yeah, I'm doing fine, thank you very much. Okay, so, um, what brought you to the clinic today? Yes, um, I'm currently coughing. Oh, for how long? It's been for a week now. Okay, sorry. How old are you? I'm 30 years old. Okay, what do you do? I'm a farmer. Are you married? No. Okay. Are you a Christian? Yes. Okay. All right, so this cough has been going on for 1 week, right? Yes. Okay, so how is the cough like? Are you producing any sputum or any secretions at all? Yes, I produce sputum. Okay, is it bloody? No, it's not bloody, not at all. Okay, what's the color of the sputum? Actually clear, just clear. Oh, okay. Is it paroxysmal? Do you cough repeatedly, or it's non-paroxysmal? No, it's non-paroxysmal. Okay, any associated fever? Are you running temperature? Yes, so I have running temperature a lot. Okay, is the temperature high? Is it high grade or low grade? Yeah, high grade. It's always very high. Is it usually constant or intermittent? Like maybe it usually was at a particular time of the day? It's throughout. It's constant throughout the day. Okay, okay. And it's not worse during a particular time of the day? Uh, the cough? No, no worse during a particular time of the day. Any chest pain? Any runny nose? Any nasal congestion? No, none of those. None of those. Okay. Um, so is there any trigger? Is there anything that triggers the cough, or it just starts spontaneously? Nothing. I don't, I don't see any trigger. There's no triggers at all. Okay. You don't have any known allergy? No, not at all. So is there weight loss? Have you noticed you've lost weight? No. You know, do you sweat excessively? No, not at all. Okay. And, um, is there anybody with issue of chronic cough around you? Anybody coughing around? No. Okay. Um, what about any issue of consumption of unpasteurized milk? No. Okay. So, um, um, is there any previous history of similar cough? Like maybe it has happened before? No, no history of that. Okay, any breathlessness? Are you finding difficult to breathe? No. Okay, so have you traveled out of the country of recent to any place? Okay, you have not traveled at all. Okay, any past medical history of hypertension? Yeah, hypertensive, diabetic. Yeah, and you're not asthmatic as well? I'm not. No family history of asthma as well? No, none of that. Oh, okay. Do you drink? Do you smoke cigarettes? I don't do— I don't drink, I don't smoke. You don't smoke cigarette at all? Okay. So are you on any drugs or you're not on any routine drugs? And no known drug allergies? Any drug you react to? Not at all. All right, so, um, I would like to examine you now. All right, so on general examination, patient is, uh, He's calm, not pale anicteric, acyanosed, um, febrile with a temperature of 38 degrees Celsius, not dehydrated. Um, there's, um, evidence of respiratory— there's respiratory distress evidenced by, um, intercostal retractions. Um, on chest examination, the Um, chest is symmetrical, no tracheal deviation. Um, the percussion notes are actually resonant on all lung zones. Um, no vocal— no increased or decreased vocal resonance. And the breath sounds are actually— there are crepitations in the Um, there are reduced breath sounds and crackles and crepitations on the right side. Actually, our percussion note is dull as well. There's dull note on percussion. Respiratory rate is, um, 34 cycles per minute, SpO2 of 92%. Um, on cardiovascular examination, pulse rate is 96 beats per minute. Full and regular. Blood pressure is 120/80. So, um, based on this history and physical examinations, there is, um, it suggests a respiratory tract infection. Um, we've tried to rule out TB, tuberculosis, so it could most likely be pneumonia. So conduct some investigations to actually, um, confirm our diagnosis. Do you have any question at all? No, I perfectly understand. Thank you very much. Okay, so we'll be doing some basic investigations, a full blood count to check your blood levels. We'll do, um, um, we also do a chest x-ray, most important thing, to check if there are— if there's any evidence of infections in the chest. Um, we'll also be doing a sputum MCS as well to know, um, the antibiotics you are sensitive to that will actually work for you as well. Uh, we can also do a gene Xpert just to be sure that TB is out of the picture. As well. So yeah, and based on this, um, investigation, based on the results of the radiations, we will know what next. But for now, um, we'll start here on antibiotics, um, amoxiclav. And specifically, we'll start with amoxiclav, 1 gram, um, twice daily, then pending the result of the investigations. And whichever antibiotic are sensitive to, change it to that. And also give you some— I'll give you paracetamol for the fever as well. Give you paracetamol for the fever and for the chest pain. So yeah, thank you very much.","Good afternoon, good afternoon. My name is Dr. Okenla. Welcome to the clinic today. How are you doing? yeah I'm doing fine, thank you very much. Okay, so what brought you to the clinic today? Yeah I'm currently coughing Ohh For how long? I think for a week now Okay, sorry, how old are you? I'm 30 years old Okay, what do you do? I'm a farmer Are you married? No Okay, are you a Christian? Yes okay Alright, so this cough has been going on for one week, right? Yes it has Okay, so how is the cough like? Are you producing any sputum or any secretions at all? Yes, I produce sputum Okay, is it bloody? No, it's not bloody, not at all Okay, what's the color of the sputum? It's actually clear, just clear okay Is it paroxysmal? Do you cough repeatedly or it's non paroxysmal? No, it's non paroxysmal at all Okay,any associated fever? Are you running temperature? Yes ooo I have running temperature a whole lot Okay, is the temperature a high grade or low grade? High grade, it's very veryhigh Is it usually constant or intermittent? Like where is it usually worse at particular time of the day? It's throughout, it's constant throughout the day Okay and it's not worse during the particular time of the day? The cough, no, not worse as it's during the particular time of the day Any chest pain, any runny nose, any nasal congestion? No, none of those none of those okay So, is there any trigger? Is there anything that triggers the cough or it's just start spontaneously Nothing I don't I don't see any trigger no triggers at all Okay you don't have any known allergy? No not at all So is there associated weight weight loss? Have you noticed you've lost weight? No Do you sweat excessively? No, not at all Okay. And is there anybody with history of chronic cough around you? Anybody coughing around you? No okay What about any history of consumption of unpasteurized milk? No Okay So, is there any previous history of similar cough like maybe it has happened before? No no history of that Okay Any breathlessness? Are you finding it difficult to breathe? No Okay So have you travelled out of the country of recent to any place? No, not at all Okay you have not travelled at all No Any past medical history of hypertension? Are you hypertensive? are you diabetic and you are not asthmatic as well? No I'm not No family history of asthma too as well No, none of that Okay Do you drink? Do you smoke cigarettes? I don't do I don't do I don't smoke You don't smoke cigarettes at all okay So are you on any drugs or you're not on any routine drugs? No And no known drug allergies? Is there any drug you reacts to? Not at all Alright. So I would like to examine you now. Alright Alright so on general examination, patient is calm, not pale, anicteric um, febrile with a temperature of 38 degrees Celsius,there's respiratory distress evidence by intercostal retractions. On chest examination, the chest is symmetrical, no tracheal deviation. The percussion notes are actually resonant on all lung zones, um, no vocal, no increase or decrease vocal resonance, and the breath sounds are actually, um, they're crepitations in the, um, there are reduced breath sounds and crackles and crepitations on the right side, actually. And percussion notes is dull too as well, it's dull on percussion. On respiratory rate, it's um, 34 cycles per minute, SPO2 of 92%. Um, on cardiovascular examination, pulse rate is 96 beat per minute, full and regular, blood pressure is 120/80. So um, based on this history and physical examinations, there is um, it suggests a respiratory tract infection. Um, we've try to rule out TB tuberculosis, so it must likely be a pneumonia. So we'll conduct some investigations to actually confirm our diagnosis. Do you have any question at all? No I perfectly understand thank you very much Okay So we'll be doing some basic investigations full blood count to check your blood levels. We'll also do a chest X-ray, most importantly, to check if there is any evidence of infections in the chest. We'll also be doing a sputum MCS as well to know the antibiotics you are sensitive to that will actually work for you as well. We can also do a to be sure that it's out of the picture as well. So, yeah, and based on this investigation, based on the result of the variations, we will know what next, but for now, we start you on antibiotics, amoxiclav, specifically. We start you on amoxiclav 1 gram twice daily then pending the result of the investigations, and whichever antibiotics you're sensitive to, change it to that. And we'll also give you some, we'll give you paracetamol for the fever as well. Give you paracetamol for the fever. And for the chest pain. So, yeah, thank you very much",14.874,0.186,0.1138,0.3626,0.1544,
data/clips/pidgin_03.wav,pidgin-english,afriswitchcare,sahara-v2.5,,"Good morning Mr. Adamu good morning sir how are you doing today? am fine sir so what brought you to the hospital today I have noticed that I have been down on my mood lately okay before we go into that what do you do? I'm a medical for about two months now ohhh really so since two months now you notice say your mood don dey low yesso I notice dem ooo so when how did it start? e be like Im start when I lose my pikin ooo my only daughter na when e start ohhh when you lose your daughter ? maybe like about two weeks ago na im e start ooo I just know say as I lose am I just dey my own dey Ohh I'm really sorry to hear that very sorry to hear that okay since di time wey you don lose your daughter shey you dey sleep well I no dey sleep I have not been sleeping well at all you dey chop well ? No everything has reduced lately Okay but when no be say you dey vomit? No I no dey vomit Okay and asides that too do you times feel like you just wan be on your own you know want follow anybody talk yesso most times I just want to be on my own okay what about the usual activities wey you dey always do have you lost interest you no dey do those activities again? I no get any idea I no get ready for any activity make I just dey just dey Make you just dey okay so is there any time at any point wey say u just sit down you fit dey hear something wey normal people no dey hear you just dey hear something yesso some time some people they can hear like say say person dey follow me talk is just say sometime too you dey still say people wey normal people around you wey no dey see yes yes yes yes so you have history of hallucinations ? yea okay shey e get any point wey be say you feel like ending things you just want to just want to die any idea or any ? yes once in a while when I usually have the ideas because since my daughter die I just want to go and meet her Okay I'm very sorry about that, are you hypertensive ?are you diabetic? are you are you asthmatic? do you have ulcer? yes I'm hypertensive I was diagnosed about six months ago ohh you don get hypertension for six month yes you dey use your drugs regularly ? once in a while no be say I dey use am like that ooo Okay okay but you dey go clinic go check your blood pressure ? errhhh I dey go down I dey try you don do any surgery before no I have not done anyone at all okay so anybody in your family wey get something like dis wey their mood just dey down like this God forbid nobody in my family that I have this kind of thing I know know where I see am you dey smoke? No do you take alcohol? Once in a while if I go my friend party I go just drink one or two okay alright so make I examine you so on clinical on mental state examination so on mental state examination the mood is fine the on affect patient looks clinically depressed then on the speech speech is irrational at some point on the thoughts there is slow in comprehension and the thoughts is ends to on perception there is auditory hallucination as well as visual hallucination then while on end sights the insights is absent.",,,,,,"Sahara upload failed for data/clips/pidgin_03.wav (status 400): {""data"":{},""message"":""insufficient balance to process the file"",""status"":""Error""}
"
data/clips/pidgin_03.wav,pidgin-english,afriswitchcare,whisper-large-v3-groq," Good morning Mr. Adam. My name is Sir. How are you doing today? I'm fine Sir. So what brought you to the hospital today? I've noticed I've been down on my mood lately. Okay, before we go into that, what do you do? I'm a medical... That way you see for my body, you go tougher. এ্যাক বাজ ওষ্ট ডিক বাক বিকি বলি গ৆ ঵িক, বা বাং বণ বেং বিক বিং বিং বা বং বা বিং বেং বিং বিং বা বিং বিং Yes, I noticed that. So, how did it start? It started when I lost my Piki, my only daughter. When did you lose your daughter? It started about two weeks ago. I didn say that I lost her I just did my own thing I really sorry to hear that very sorry to hear that okay so um since the time where you don lose your daughter jay you they sleep well i know they sleep i not been sleeping well at all i am with a chop where ah no everything has reduced lately but when but nobody say they vomit no i know they vomit and hey as i said that so do you sometimes feel like you just want day on your own you don't want to follow anybody talk yes most time now since i lost i just want to be on my own what about the usual activities where you always do you know have you lost interest you know you do those activities again i don't get an idea i don't get ready for any activities day so um is there any time at any point you say we just sit down if you did hear something way normal people know the year we just did get something yeah so sometimes people they carry yeah like say person they follow me talk yeah you'd also say sometimes you do say they see people way normal people or people around you we know they sing yes yes yes yes so you have a history of hallucinations Yeah Okay so do you get any point where you feel like ending things you just want to die Any idea Yes, once in a while, I usually have the idea because since my daughter died, I just always want to go and meet her I'm very sorry about that. Are you hypertensive? Are you diabetic? Are you asthmatic? Do you have ulcer? Yes, I'm hypertensive. I was diagnosed about six months ago. Oh, you don't get hypertension for six months? Yes. So, you use your drugs regularly? Once in a while. I don't usually use them like that. But you go to the clinic to check your blood pressure? Yeah, I go down and I try. You don't do any surgery before? No, I've not done any one at all. Okay. So, anybody in your family will get something like this? Will their mood just be down like this? God forbid. Nobody in my family has this kind of thing. I don't know where I see them. Do they smoke? No. Do you take a call? Once in a while. If I go to my friend's party, I go there and drink one or two. Okay Alright So may can examine you So on clinical on mental state examination So on mental state examination the mood is fine The affect, patient looks clinically depressed. Then on the speech, speech is irrational at some point. The thoughts, there is slow in comprehension and the thoughts is end slow. On perception, there is auditory hallucination as well as visual hallucination. then while on insights the insights is absent","Good morning Mr. Adamu good morning sir how are you doing today? am fine sir so what brought you to the hospital today I have noticed that I have been down on my mood lately okay before we go into that what do you do? I'm a medical for about two months now ohhh really so since two months now you notice say your mood don dey low yesso I notice dem ooo so when how did it start? e be like Im start when I lose my pikin ooo my only daughter na when e start ohhh when you lose your daughter ? maybe like about two weeks ago na im e start ooo I just know say as I lose am I just dey my own dey Ohh I'm really sorry to hear that very sorry to hear that okay since di time wey you don lose your daughter shey you dey sleep well I no dey sleep I have not been sleeping well at all you dey chop well ? No everything has reduced lately Okay but when no be say you dey vomit? No I no dey vomit Okay and asides that too do you times feel like you just wan be on your own you know want follow anybody talk yesso most times I just want to be on my own okay what about the usual activities wey you dey always do have you lost interest you no dey do those activities again? I no get any idea I no get ready for any activity make I just dey just dey Make you just dey okay so is there any time at any point wey say u just sit down you fit dey hear something wey normal people no dey hear you just dey hear something yesso some time some people they can hear like say say person dey follow me talk is just say sometime too you dey still say people wey normal people around you wey no dey see yes yes yes yes so you have history of hallucinations ? yea okay shey e get any point wey be say you feel like ending things you just want to just want to die any idea or any ? yes once in a while when I usually have the ideas because since my daughter die I just want to go and meet her Okay I'm very sorry about that, are you hypertensive ?are you diabetic? are you are you asthmatic? do you have ulcer? yes I'm hypertensive I was diagnosed about six months ago ohh you don get hypertension for six month yes you dey use your drugs regularly ? once in a while no be say I dey use am like that ooo Okay okay but you dey go clinic go check your blood pressure ? errhhh I dey go down I dey try you don do any surgery before no I have not done anyone at all okay so anybody in your family wey get something like dis wey their mood just dey down like this God forbid nobody in my family that I have this kind of thing I know know where I see am you dey smoke? No do you take alcohol? Once in a while if I go my friend party I go just drink one or two okay alright so make I examine you so on clinical on mental state examination so on mental state examination the mood is fine the on affect patient looks clinically depressed then on the speech speech is irrational at some point on the thoughts there is slow in comprehension and the thoughts is ends to on perception there is auditory hallucination as well as visual hallucination then while on end sights the insights is absent.",5.698,0.3971,0.2285,0.5213,0.2708,
data/clips/pidgin_03.wav,pidgin-english,afriswitchcare,assemblyai-universal,"Good morning Mr Adam Good morning sir How are you doing today? I'm fine sir So, what brought you to the hospital today? I've noticed I've been down on my moods lately Okay, before we go into that, what do you do? I'm a medical... Now you see for my body, you will talk Since about two months now Oh really? So since two months now, you noticed that you are more down-to-earth? Yes bro, I noticed that So how did it start? It started when I lost my only daughter When did it start? When did you lose your daughter? 2 mini ato, in start wa, I just no say, as a loser, I just did my own thing. I'm really sorry to hear that. Since the time you don't lose your daughter, say you dey sleep weh? I'm not dey sleep, I've not been sleeping well at all. You dey chop weh? No, everything has been uselessly. But not dey say you dey vomit? No, I not dey vomit. Do you sometimes feel like you just want to be on your own? You don't want to follow anybody's talk? Yes, most of the time now since I lost that, I just want to be by my own. What about the usual activities that you always do? Have you lost interest in doing those activities again? I don't get in the mood for any activity. I just want to stay. Is there any time at any point where you say you could just sit down and you feel they hear something where normal people know they hear? Yes, so sometimes people they hear, like say they follow me talk You also say sometimes you see people where normal people or people around you know they see? Yes, yes, yes, yes So you have a history of hallucinations? Yes Anlatan mi anlatan mi anlatan mi? Anlatan mi anlatan mi? Anlatan mi? Anlatan mi? Anlatan Are you hypertensive? Are you diabetic? mi? Anlatan Are you asthmatic? Do you have ulcer? mi? Yes, I'm hypertensive. I was diagnosed about six months ago. Oh, you don't get hypertension for six months? Yes. So you do use your drugs regularly? Once in a while. A lot of people use it like that too. Okay, okay. But you go to the clinic to check your blood pressure? Yes, I go down and I try. You don't do any surgery before? No, I've not done any one at all. So anybody in your family we get something like this where their mood just dead down like this? God forbid, nobody in my family has this kind of thing. I don't know where I see them. Do they smoke? No. Do you take a call? Once in a while, if I go to my friend's party, I just drink one or two. Alright. So, let me examine you. So on clinical, on mental state examination. So on mental state examination, the mood is fine. The affect, patient looks clinically depressed. Then on the speech, speech is, irasyonal at some point. The thoughts, there is a slow in comprehension and the thoughts is end slow. On perception, there is auditory hallucination as well as visual hallucination. Ondan, anlayansiyat anlayansiyati asansi.","Good morning Mr. Adamu good morning sir how are you doing today? am fine sir so what brought you to the hospital today I have noticed that I have been down on my mood lately okay before we go into that what do you do? I'm a medical for about two months now ohhh really so since two months now you notice say your mood don dey low yesso I notice dem ooo so when how did it start? e be like Im start when I lose my pikin ooo my only daughter na when e start ohhh when you lose your daughter ? maybe like about two weeks ago na im e start ooo I just know say as I lose am I just dey my own dey Ohh I'm really sorry to hear that very sorry to hear that okay since di time wey you don lose your daughter shey you dey sleep well I no dey sleep I have not been sleeping well at all you dey chop well ? No everything has reduced lately Okay but when no be say you dey vomit? No I no dey vomit Okay and asides that too do you times feel like you just wan be on your own you know want follow anybody talk yesso most times I just want to be on my own okay what about the usual activities wey you dey always do have you lost interest you no dey do those activities again? I no get any idea I no get ready for any activity make I just dey just dey Make you just dey okay so is there any time at any point wey say u just sit down you fit dey hear something wey normal people no dey hear you just dey hear something yesso some time some people they can hear like say say person dey follow me talk is just say sometime too you dey still say people wey normal people around you wey no dey see yes yes yes yes so you have history of hallucinations ? yea okay shey e get any point wey be say you feel like ending things you just want to just want to die any idea or any ? yes once in a while when I usually have the ideas because since my daughter die I just want to go and meet her Okay I'm very sorry about that, are you hypertensive ?are you diabetic? are you are you asthmatic? do you have ulcer? yes I'm hypertensive I was diagnosed about six months ago ohh you don get hypertension for six month yes you dey use your drugs regularly ? once in a while no be say I dey use am like that ooo Okay okay but you dey go clinic go check your blood pressure ? errhhh I dey go down I dey try you don do any surgery before no I have not done anyone at all okay so anybody in your family wey get something like dis wey their mood just dey down like this God forbid nobody in my family that I have this kind of thing I know know where I see am you dey smoke? No do you take alcohol? Once in a while if I go my friend party I go just drink one or two okay alright so make I examine you so on clinical on mental state examination so on mental state examination the mood is fine the on affect patient looks clinically depressed then on the speech speech is irrational at some point on the thoughts there is slow in comprehension and the thoughts is ends to on perception there is auditory hallucination as well as visual hallucination then while on end sights the insights is absent.",14.659,0.4545,0.2952,0.6098,0.3333,
data/clips/pidgin_04.wav,pidgin-english,afriswitchcare,sahara-v2.5,,"Good afternoon. How are you doing? Welcome to our clinic today, My name is Dr. Okenla. what's your name? Yeah I'm ifeoluwa . Okay So how old are you? Yeah, I'm 60 years old. what do you do? Yeah, I'm a, I'm a driver. Okay you're married? Yes, I am. Okay. So what brought you to the clinic today? Yeah i noticed that I go to urinate a lot during the day. how long has this been going? Yeah, for the past one month. Okay and this has worsened over time? Ah, yes ooo it has worsened over time since it started how frequent do you pee in a day, or do you have to wake up at night to pee? Yeah, I wake up about four times at night to always go to toilet to urinate. okay Any associated thirst or hunger do you notice you get thirsty easily or you get hungry easily? Yes, I notice that I have to eat a lot. I eat like three to four times five times in a day and I drink a lot of water Okay Any burning sensation maybe around your limbs, paresthesia or tingling sensation? No not at all I don't have any of these I don't feel any of these Okay, any lower abdominal pain, or pain around your tummy? No, not at all. Okay Alright, what about about any history of poor wounding maybe you got injured and you noticed that it took a very long time before it healed ? Yes, I think I noticed My wife had told me that a couple of times My wound doesn't heal alot that we have to nurse it for a long period of time. What about any weight loss, have you noticed you've lost weight? yes a little I have noticed that I've lost weight a little, yes. Okay alright Anybody in your family that is hypertensive or diabetic? In my family, yeah yes. My father is diabetic and my elder brother too is also diabetic. Oh, wow wow Okay So that explains that explains have you ever checked your blood sugar before? Yeah, no me Okay you have not checked your blood sugar before Alright. Okay, so basically let me, let me, let me examine you. Alright no problem General examination: patient is obese, not pale, anicteric; no edema on chest examination, respiratory rate is about 16 cycles per minute no lung sounds. Abdomen is full is respiration no area of tenderness no organomegaly. And no demonstrable ascites. Alright. So based on the history and examination so far, you're suggesting you have glucose intolerance; it appears glucose tolerance, most likely diabetes but we have to carry out some investigations to confirm that you actually have diabetes And we have predisposing factors so as well. Your father and your elder brother are diabetic, so you have very high tendency of being diabetic. Your weight too is very high obesity so we'll do some basic medications blood count, fasting blood sugar we'll do two hour oral glucose tolerance test and then HbA1c So all these tests are to actually know if you are diabetic, and how bad your sugar level is, and to know the appropriate drugs to place you on but Also, we'll do an just to be sure that your kidney function is have not been affected, because these are part of complications of being diabetic. Your kidney can be affected, your heart can be affected too as well. Okay So for now, we'll check your blood sugar, and after checking your blood sugar, we'll place you on oral hypoglycemic agent. preferably metformin we'll start with metformin then when we see your results, and then when we see your other results and how your blood sugar adjusts to these medications. We'll know how to adjust them. So do you have any questions you want to ask me ? Ah, doctor, hope I'm not going to die Ah No No diabetes is not a death sentence it is properly taken care with the drugs and most importantly lifestyle modification as well you need to reduce weight, you need to reduce sugar intake, you need to reduce fat intake your drinks, sugar, your donuts, pastries, and all that types, rice You need to eat lot of vegetables, and fruits so as well .So all of these are very, very important. And careful monitoring of your blood sugar, daily monitoring, should be check your blood sugar. So this will help you know if it's already on the high level. So with lifestyle modification and the drugs we placed you on and regular clinic appointments, everything should be worked on Thank you very much. Alright thank you very much .",,,,,,"Sahara upload failed for data/clips/pidgin_04.wav (status 400): {""data"":{},""message"":""insufficient balance to process the file"",""status"":""Error""}
"
data/clips/pidgin_04.wav,pidgin-english,afriswitchcare,whisper-large-v3-groq," How are you doing? Welcome to our training today. My name is Dr. Okinla. What's your name? Yeah, I'm Fifi Oloa. Okay. So, how old are you? Yeah, I'm sixty years old. So, what do you do? Yeah, I'm a driver. Okay. You are married? Yes, I am. Okay. So, what brought you to the training today? ndi i notis dati i go tu urinate e lot during di day. How long has dis bin goy? For the past one month. Ok. And dis has worsened over time? Yes, it has worsened over time. How frequent do you pee in a day or do you have to wake up at night to pee? Yeah, I wake up about four times at night to always go to toilet to urinate. ki te uyt. OKE, alo te testi o ongri? Tum a yi lepe ki te testi te eze? Si, a te notisi ki e a yek a lot. A yek 3-4 koli. 1-5 koli di yek. A yek di lot o vate. OKE, alo te sensasyon boni ose? La ote ose? Parastikzi ose? Ote suyak? Nio, nio, nio. Nio nionyo. Ok apanye apaplase pe gwa ta yiyo pe a cilap Ok apanye a luna ki ndori moko prororan pa bi kan o Anye sotren akmeni apdominal Non nan akmenik Ok Anye isyopor wonde Mwenye apmene yon sajn yon sempa mi sepye souk ane ane lom tan apan yo? Anye sik aje ane sepye wantan mi a touk mi a kopyon lom tan wante ane lom tan ane. Anye wante ane lom tan? Anye, a lom tan. Anye lom tan. Bu anibodi in yon family la yon patensiv ou diabetik? In my family, yes, my fada yon diabetik an my yon other brother yon also diabetik. Wow, wow, ok. So, that explains, that explains. Have you ever checked your blood sugar before? No, I have not had any reason to check it. Ok, you have not checked your blood sugar before. Alright, ok. So, basically, let me examine you. Alright, what's the problem? General examination, patient is obese, not feel, anenteric, asian nose, not dehydrated, no pediatry. On chest examination, esrituritis, mwansi stensakou pa menet, bre sans atreskou lan, anon long sons. Abdomen is full mwansi respiration nou area of tenderness no organomegalia and demonstrable ascites all right so based on the history of the nation so far you're suggesting you have glucose intolerance and glucose tolerance most likely diabetes but we have to hire some investigation to confirm that you actually have diabetes and you have predisposing factors too as well your father and your other brother are diabetic so you have very high tendency of being diabetic your weight too is very high your obesity this is also predisposed to being that way so we'll do some basic medications we'll do food block count do your fasting blood sugar we'll do um to to our oral glucose tolerance test and then hba1c so all these tests are to actually know if you are diabetic and how bad your sugar level is and to know the appropriate drugs to place you on also do an electrolyte and creatinine just to be sure that your kidney function is has not been affected because these are part of the complications of being diabetic your kidney can be affected your heart can be affected so as well okay so uh for now we check your blood sugar then after checking your blood sugar i place you on them oral ipo glycemic agents um preferably meant for me start metformin then when we see your result and other see other results and how your blood sugar adjusts to this medication who know how to adjust them so you have any question you want to ask me i'm not going to die no no diabetes is not a death sentence it is um um properly taking care of the drugs and most importantly lifestyle motivation as well you need to reduce weight you need to reduce sugar intake you need to reduce fat intake drinks, sugar, your donuts, pastries and all of that types, rice, you need a lot of vegetables and fruits as well. So all of these are very very important and careful monitoring of your blood sugar, daily monitoring, you should have a decommitter at home to be checking your blood sugar. So this will help you know if it is already on the high level. So with lifestyle medication and the drugs we're busy on and the regular clinic appointments everything should be well controlled thank you very much thank you very much","Good afternoon. How are you doing? Welcome to our clinic today, My name is Dr. Okenla. what's your name? Yeah I'm ifeoluwa . Okay So how old are you? Yeah, I'm 60 years old. what do you do? Yeah, I'm a, I'm a driver. Okay you're married? Yes, I am. Okay. So what brought you to the clinic today? Yeah i noticed that I go to urinate a lot during the day. how long has this been going? Yeah, for the past one month. Okay and this has worsened over time? Ah, yes ooo it has worsened over time since it started how frequent do you pee in a day, or do you have to wake up at night to pee? Yeah, I wake up about four times at night to always go to toilet to urinate. okay Any associated thirst or hunger do you notice you get thirsty easily or you get hungry easily? Yes, I notice that I have to eat a lot. I eat like three to four times five times in a day and I drink a lot of water Okay Any burning sensation maybe around your limbs, paresthesia or tingling sensation? No not at all I don't have any of these I don't feel any of these Okay, any lower abdominal pain, or pain around your tummy? No, not at all. Okay Alright, what about about any history of poor wounding maybe you got injured and you noticed that it took a very long time before it healed ? Yes, I think I noticed My wife had told me that a couple of times My wound doesn't heal alot that we have to nurse it for a long period of time. What about any weight loss, have you noticed you've lost weight? yes a little I have noticed that I've lost weight a little, yes. Okay alright Anybody in your family that is hypertensive or diabetic? In my family, yeah yes. My father is diabetic and my elder brother too is also diabetic. Oh, wow wow Okay So that explains that explains have you ever checked your blood sugar before? Yeah, no me Okay you have not checked your blood sugar before Alright. Okay, so basically let me, let me, let me examine you. Alright no problem General examination: patient is obese, not pale, anicteric; no edema on chest examination, respiratory rate is about 16 cycles per minute no lung sounds. Abdomen is full is respiration no area of tenderness no organomegaly. And no demonstrable ascites. Alright. So based on the history and examination so far, you're suggesting you have glucose intolerance; it appears glucose tolerance, most likely diabetes but we have to carry out some investigations to confirm that you actually have diabetes And we have predisposing factors so as well. Your father and your elder brother are diabetic, so you have very high tendency of being diabetic. Your weight too is very high obesity so we'll do some basic medications blood count, fasting blood sugar we'll do two hour oral glucose tolerance test and then HbA1c So all these tests are to actually know if you are diabetic, and how bad your sugar level is, and to know the appropriate drugs to place you on but Also, we'll do an just to be sure that your kidney function is have not been affected, because these are part of complications of being diabetic. Your kidney can be affected, your heart can be affected too as well. Okay So for now, we'll check your blood sugar, and after checking your blood sugar, we'll place you on oral hypoglycemic agent. preferably metformin we'll start with metformin then when we see your results, and then when we see your other results and how your blood sugar adjusts to these medications. We'll know how to adjust them. So do you have any questions you want to ask me ? Ah, doctor, hope I'm not going to die Ah No No diabetes is not a death sentence it is properly taken care with the drugs and most importantly lifestyle modification as well you need to reduce weight, you need to reduce sugar intake, you need to reduce fat intake your drinks, sugar, your donuts, pastries, and all that types, rice You need to eat lot of vegetables, and fruits so as well .So all of these are very, very important. And careful monitoring of your blood sugar, daily monitoring, should be check your blood sugar. So this will help you know if it's already on the high level. So with lifestyle modification and the drugs we placed you on and regular clinic appointments, everything should be worked on Thank you very much. Alright thank you very much .",7.604,0.4484,0.2989,0.5501,0.3248,
data/clips/pidgin_04.wav,pidgin-english,afriswitchcare,assemblyai-universal,"İyi akşamlar, nasılsın? Hoşgeldin kliniğe, benim adım Dr. Okenla. Senin adın ne? Ben Fifo Lua. Ne yaşındasın? Ben 60 yaşındayım. Ne yapıyorsun? Ben bir araba kullanıyorum. Evet, evli misin? Evet, ben evliyim. Bu kliniğe neler getirdin bugün? Birçok hikaye öğrendim bugün. Ne zaman geçirdi? 1 ay geçirdi Ve bu zamanın uzun uzun büyüdü. Evet, bu zamanın uzun uzun büyüdü. Bir gün ne kadar uyur musunuz? Ya Eee, eee, eeee, eeeee, eeeeee, eeeee, eeeeee, eeeeeee, eeee, eeeeeeeeee, eeeeeeee, eeeeeeeee, eeeeeeeeeee, eeeeeeeeeeee, eee, eeeeeee. Eeeeeeeeeeeeeeeeeeeeee. Eeeeeeeeeeee. Eeeeeeeee. Eeeeeeeeeee. Eeee. Eeeeee. Eeee. da akşam uyur musunuz Yo yo yo yo yo yo yo yo yo yo yo Yo yo yo yo Yo yo yo yo Yo yo yo yo Yo yo yo yo Yo yo yo yo Yo yo yo yo Yo yo yo yo Hmmm, Yo evet, elit 2, elit 2'yi kaybettim, evet. Peki. Peki. Familinde birisi patensif ya da diabetik var? Familinde, evet. Babam diabetik ve diğer kardeşlerim de diabetik var. Oh, wow. Peki. Bu, bu, bu, bu. Bu, Bunu açıklıyor. Bunu açıklıyor. Bir kez blok sugerini kontrol edin mi? Yok, yok, yok, yok. Bir sebebim yok ki kontrol edin. Peki. Bir kez blok sugerini kontrol ediniz mi? Peki. okay so um basically let me let me let me examine you all right um general examination patient is um obese not feel anaesthetic it's not directed um no um just examination Svh3 rate is about 16 cc per minute, breath sounds are less cooler on all lung sounds. Abdomen is full, more is respiration, no area of tenderness, no organomegaly and no demonstrable ascites. Alright, so based on the history and examination so far, you're suggesting you have lupus intolerance, lupus intolerance, lupus diabetes, lupus diabetes, lupus intolerance, lupus intolerance, lupaus intolerance, lumpus intolerance lupus intolerance, which is lumpus intolerance, very high in obesity. This is also predisposed to lumpus intolerance, being diabetic. So lupus intolerance, we do some lumpus intolerance, basic medications, we do food block count, we do your fasting lupuus blood sugar, intolerance, lumpus intolerance, we do our oral glucose tolerance test and then HbA1c. So all these tests are to actually know if you are diabetic and how bad your sugar levels and to know the appropriate drugs to place you on. We also do an electrolyte treatment just to be sure that your kidney function has not been affected because these are part of the complications of being diabetic. Your kidney can be affected, your heart can be affected as well. Okay, so for now, Oral, ipo, glycemic agents, preferably metformin, star metformin. Oda results an how your blood sugar adjust to this medication, we will know how to adjust them. Do you have any question you want to ask me? Doctor, am I going to die? Diabetes, diabetes, diabetes, diabetes. Diabetes, diabetes, diabetes, diabetes, diabetes. Diabetes, diabetes, diabetes Diabetes, diabetes Diabetes Diabetes Diabetes, diabetes Diabetes Diabetes Diabetes Diabetes Diabetes Diabetes Pastries and all of that have to rise. So you need a lot of vegetables and fruits as well. Diabetes So all of these are very, Diabetes Diabetes very important. And careful monitoring of your blood sugar, daily monitoring. You should have a glucometer at home to be checking your blood sugar. So this will help you know if it is already on the high level. So with lifestyle motivation and the drugs we place you on, and the regular clinic appointments, everything should be well controlled. Çok teşekkür ederim","Good afternoon. How are you doing? Welcome to our clinic today, My name is Dr. Okenla. what's your name? Yeah I'm ifeoluwa . Okay So how old are you? Yeah, I'm 60 years old. what do you do? Yeah, I'm a, I'm a driver. Okay you're married? Yes, I am. Okay. So what brought you to the clinic today? Yeah i noticed that I go to urinate a lot during the day. how long has this been going? Yeah, for the past one month. Okay and this has worsened over time? Ah, yes ooo it has worsened over time since it started how frequent do you pee in a day, or do you have to wake up at night to pee? Yeah, I wake up about four times at night to always go to toilet to urinate. okay Any associated thirst or hunger do you notice you get thirsty easily or you get hungry easily? Yes, I notice that I have to eat a lot. I eat like three to four times five times in a day and I drink a lot of water Okay Any burning sensation maybe around your limbs, paresthesia or tingling sensation? No not at all I don't have any of these I don't feel any of these Okay, any lower abdominal pain, or pain around your tummy? No, not at all. Okay Alright, what about about any history of poor wounding maybe you got injured and you noticed that it took a very long time before it healed ? Yes, I think I noticed My wife had told me that a couple of times My wound doesn't heal alot that we have to nurse it for a long period of time. What about any weight loss, have you noticed you've lost weight? yes a little I have noticed that I've lost weight a little, yes. Okay alright Anybody in your family that is hypertensive or diabetic? In my family, yeah yes. My father is diabetic and my elder brother too is also diabetic. Oh, wow wow Okay So that explains that explains have you ever checked your blood sugar before? Yeah, no me Okay you have not checked your blood sugar before Alright. Okay, so basically let me, let me, let me examine you. Alright no problem General examination: patient is obese, not pale, anicteric; no edema on chest examination, respiratory rate is about 16 cycles per minute no lung sounds. Abdomen is full is respiration no area of tenderness no organomegaly. And no demonstrable ascites. Alright. So based on the history and examination so far, you're suggesting you have glucose intolerance; it appears glucose tolerance, most likely diabetes but we have to carry out some investigations to confirm that you actually have diabetes And we have predisposing factors so as well. Your father and your elder brother are diabetic, so you have very high tendency of being diabetic. Your weight too is very high obesity so we'll do some basic medications blood count, fasting blood sugar we'll do two hour oral glucose tolerance test and then HbA1c So all these tests are to actually know if you are diabetic, and how bad your sugar level is, and to know the appropriate drugs to place you on but Also, we'll do an just to be sure that your kidney function is have not been affected, because these are part of complications of being diabetic. Your kidney can be affected, your heart can be affected too as well. Okay So for now, we'll check your blood sugar, and after checking your blood sugar, we'll place you on oral hypoglycemic agent. preferably metformin we'll start with metformin then when we see your results, and then when we see your other results and how your blood sugar adjusts to these medications. We'll know how to adjust them. So do you have any questions you want to ask me ? Ah, doctor, hope I'm not going to die Ah No No diabetes is not a death sentence it is properly taken care with the drugs and most importantly lifestyle modification as well you need to reduce weight, you need to reduce sugar intake, you need to reduce fat intake your drinks, sugar, your donuts, pastries, and all that types, rice You need to eat lot of vegetables, and fruits so as well .So all of these are very, very important. And careful monitoring of your blood sugar, daily monitoring, should be check your blood sugar. So this will help you know if it's already on the high level. So with lifestyle modification and the drugs we placed you on and regular clinic appointments, everything should be worked on Thank you very much. Alright thank you very much .",15.152,0.7465,0.5554,0.7972,0.5723,
data/clips/pidgin_05.wav,pidgin-english,afriswitchcare,sahara-v2.5,,"Good morning Mr Adamu Good morning sir so how have you been? What are you talking about I don't know I'm fine okay what do you do? carpenter you are a carpenter okay so what brought you to the hospital today? I don't know I just meet myself for here I don't know who carry me come here Ohh really okay do you smoke? no dey follow me talk I no dey drink anything leave me alone you no dey smoke? So since when you don notice say your mood don change my mood no change ooo I no no who dey tell you that one I no no anything okay do you sometimes get angry towards your family members? I go blow dis one ooo wetin be that one okay and do sometimes maybe you think people are trying to kill you dey go kill you who dey follow you talk leave me alone no follow me talk ooo I okay I hear say you drink your relative tell me say you drink methylated spirit is this true Omor guy give me I just see am for road and I drank it e dey alright and you no think say dis thing fit do you bad no it doesn't do anybody bad oo the thing is very good for the body it washes your system away you dey sleep well? I no go lie ooo I no dey sleep my eyes go just clear when I even drink that spirit my eye clear okay do you smoke? Ahh smoke I no dey take dat one but once in a while I dey take am sha but do you drink alcohol? I dey take dat one i dey take dat one too I dey take dat one that one dey and methylated spirit Okay do you notice that you've been eating excessively you dey chop too much more than usual? Ahh I dey chop ohhh I dey chop well well like alot okay do you notice say you don dey very o boy we dey run things na why I no dey sleep for night like dis I just dey jump up and down we dey run things alright shey any time dey wey be say you go just sit down you go dey hear things wey people around you no dey hear? As how now I no dey hear all those kind things but some time sha people dey follow me talk and I just see dem I no dey hear see dem Ohh you dey see people wey no dey people see around too? Errh I dey see dem ooo my guy we gather dey okay shey is there any point wey be say you feel say people wey dey around you they want do you bad or they just dey against you? Yesso Ahh Sunday Sunday go just dey want kill me I no say e want kill me but e no fit see me kill na me go kill am last last Di guy just want kill me for no reason Okay you get hypertension? Wetin be hypertension doctor I go blow Dis guy oo I no sabi dat one I no get anything about dat thing for my life okay dey don tell you say your blood sugar don high before? Wetin be blood sugar sugar I no sabi oo Or when last you go check your blood pressure when last you check your blood sugar ? I say dem bring me come here I no dey come hospital I never reach hospital I go blow you you don don do surgery before? Dem tell me say dem carry me go do one wey dem dey call appendy oo I no sabi maybe appendectomy dey call am that time I no hear am before how many years ago? E don tey oo it don reach almost use like two years anybody dey for your family wey get something like dis wey just dey no aggressive wey ? I no sick so no anybody for my family wey get am not sick I fine am okay Okay so how many packs of cigarettes do you take or is it cigarettes or is it cannabis or is it marijuana you take But dat one I no go lie I dey take am I dey take am I dey take am well well I dey take like six packs what about the alcohol which one you dey take shey na bear, shey na jin shey na vodka omor me and my guy dey take vodka die we dey drink am like we drink it alot and how often shey na all Di time ahh for the vodka I no go lie na almost every time we dey drink am regular okay okay so make I quickly examine you e no go take time at all oya now okay so on mental state examination the mood looks fine the affect is irritable the speech is irrational and excessive the thoughts flight of ideas and thought broadcasting the perception is auditory and visual hallucinations insights is absent to diagnosis is drug induced pyschosis so you go need do some test so we go fit help you we go check your urine check Di we call am urine toxicology we go check everything wey dey urine if there's any toxins wey dey your urine we go do your full blood count your PCV your white blood cell with we go check everything incase you get infection incase your blood low we go also check your electrolyte and creatinine that one we dey use Access your kidney function to be sure say your kidney still dey function wella so that we go know Di next to do if e no dey normal she you dey understand wetin I dey talk na you sbai dat one I no understand anything <unintelligible alright thank you",,,,,,"Sahara upload failed for data/clips/pidgin_05.wav (status 400): {""data"":{},""message"":""insufficient balance to process the file"",""status"":""Error""}
"
data/clips/pidgin_05.wav,pidgin-english,afriswitchcare,whisper-large-v3-groq," Good morning Mr Adam. Good morning Sir. So how have you been? What am I talking about? I don't know, I'm fine. What do you do? Carpenter. Oh yeah, carpenter. So what brought you to the hospital today? I don't know who I just meet myself for yet I don't know who can even come here oh really okay um do you smoke no they follow me talk I know they drink anything leave me alone you know they smoke so since when you don't notice say your mood don't change my mood don't change I don't know who they tear you down I don't know anything okay do you sometimes get angry towards your family members i go blow this one away to me down okay um and do you sometimes maybe you think people are trying to kill you they go kill you they follow talk um i just say you drink um your relative tell me so you drink a metalated spirit is this true and my guy give me a yosyan for road and i drank it it is day alright and you don think say this thing feel do you bad no it doesn do anybody bad though this is very good for the body it washes your system away you they sleep where ah i don go lie oh i know they sleep my eye goes all clear when i even drink aspirin my eye clear do you smoke smoke i know you take that one but once in a while i did take i'm sure but do you drink alcohol yeah i did take that one and they take that one and they take that one that one they help me experience do you notice that you've been eating excessively they chop too much more than usual ah and the chopper ah and the chop went away like a lot do you notice that you don't they vary apart oh boy with the run now i know they sleep now for night like this i don't they jump up and down with the run things go alright. Mshe, any time day, where you say you go just sit down, go they hear things, where people where they around you, you know they hear? I sound, I know they hear all those kind of things but sometimes, people they follow me talk, I do, I don't see them, I know they hear, I know they see them even myself. Oh, you they see people where they, where people know they see around you? Yeah, they see them oh, me and my guys, we got out there. Is there any point to if you say people when they around you they won't do you bad or they just dare against you Yes ah Sunday Sunday go just dare he won kill me I know say he won kill me but you know you know if you see me killing i mean go kill him last last the guy just won kill me for no reason okay um you get up attention it's my hypertension doctor i go blow this guy oh i don't sabi down i don't get into a bad attitude for my life okay you don't tell you say your blood sugar don't go high before I don't serve you. When last you go check your blood pressure? When last you check your blood sugar? I say they bring me come here. I know they come on speech. I never have issues. I go blow you. You don't do surgery before. They tell me they can't even go do one until they call appendio. I know some. They call them that time. I know you ever had before. How many years ago? Don't tell me. Don't use almost like two years. so anybody there for your family we get something like this we're just there you know aggressive i know sick so nobody from my family get i'm not sick i'm fine i'm okay so how many um packs of um of um cigarette do you take or is it cigarette or is it cannabis or is it marijuana you take boy if that one i don't go lie you i didn't take calm i didn't take a mighty take on well where they take like six packs all about the opposition detection of yes in a general vodka oh yeah my guy the big vodka die with a drink I like we drink it a lot and how often shayna all the time for the vodka i don go live now almost every time with a drink and regular okay so may i quickly um examine you you know go take them at all okay so on mental state examination the mood looks fine the affects is irritable the speech is irrational and excessive the thoughts the flight of ideas and thoughts broadcasting the perception is auditory and the visual hallucinations the insights is absent the diagnosis is um drug induced psychosis so we need to do some tests so we will feed help you we will check your urine check the we call them urine toxicology we'll check everything with the urine if there's any toxins with the urine we'll do your blood counts your pcv your white blood cell we'll check everything in case you get infection in case your blood low we also check your electrolyte and creatinine that one will use access your kidney function to be sure to say your kidneys they function well so that we will know the next thing to do if um you know the normal sure you understand we said it all right thank you","Good morning Mr Adamu Good morning sir so how have you been? What are you talking about I don't know I'm fine okay what do you do? carpenter you are a carpenter okay so what brought you to the hospital today? I don't know I just meet myself for here I don't know who carry me come here Ohh really okay do you smoke? no dey follow me talk I no dey drink anything leave me alone you no dey smoke? So since when you don notice say your mood don change my mood no change ooo I no no who dey tell you that one I no no anything okay do you sometimes get angry towards your family members? I go blow dis one ooo wetin be that one okay and do sometimes maybe you think people are trying to kill you dey go kill you who dey follow you talk leave me alone no follow me talk ooo I okay I hear say you drink your relative tell me say you drink methylated spirit is this true Omor guy give me I just see am for road and I drank it e dey alright and you no think say dis thing fit do you bad no it doesn't do anybody bad oo the thing is very good for the body it washes your system away you dey sleep well? I no go lie ooo I no dey sleep my eyes go just clear when I even drink that spirit my eye clear okay do you smoke? Ahh smoke I no dey take dat one but once in a while I dey take am sha but do you drink alcohol? I dey take dat one i dey take dat one too I dey take dat one that one dey and methylated spirit Okay do you notice that you've been eating excessively you dey chop too much more than usual? Ahh I dey chop ohhh I dey chop well well like alot okay do you notice say you don dey very o boy we dey run things na why I no dey sleep for night like dis I just dey jump up and down we dey run things alright shey any time dey wey be say you go just sit down you go dey hear things wey people around you no dey hear? As how now I no dey hear all those kind things but some time sha people dey follow me talk and I just see dem I no dey hear see dem Ohh you dey see people wey no dey people see around too? Errh I dey see dem ooo my guy we gather dey okay shey is there any point wey be say you feel say people wey dey around you they want do you bad or they just dey against you? Yesso Ahh Sunday Sunday go just dey want kill me I no say e want kill me but e no fit see me kill na me go kill am last last Di guy just want kill me for no reason Okay you get hypertension? Wetin be hypertension doctor I go blow Dis guy oo I no sabi dat one I no get anything about dat thing for my life okay dey don tell you say your blood sugar don high before? Wetin be blood sugar sugar I no sabi oo Or when last you go check your blood pressure when last you check your blood sugar ? I say dem bring me come here I no dey come hospital I never reach hospital I go blow you you don don do surgery before? Dem tell me say dem carry me go do one wey dem dey call appendy oo I no sabi maybe appendectomy dey call am that time I no hear am before how many years ago? E don tey oo it don reach almost use like two years anybody dey for your family wey get something like dis wey just dey no aggressive wey ? I no sick so no anybody for my family wey get am not sick I fine am okay Okay so how many packs of cigarettes do you take or is it cigarettes or is it cannabis or is it marijuana you take But dat one I no go lie I dey take am I dey take am I dey take am well well I dey take like six packs what about the alcohol which one you dey take shey na bear, shey na jin shey na vodka omor me and my guy dey take vodka die we dey drink am like we drink it alot and how often shey na all Di time ahh for the vodka I no go lie na almost every time we dey drink am regular okay okay so make I quickly examine you e no go take time at all oya now okay so on mental state examination the mood looks fine the affect is irritable the speech is irrational and excessive the thoughts flight of ideas and thought broadcasting the perception is auditory and visual hallucinations insights is absent to diagnosis is drug induced pyschosis so you go need do some test so we go fit help you we go check your urine check Di we call am urine toxicology we go check everything wey dey urine if there's any toxins wey dey your urine we go do your full blood count your PCV your white blood cell with we go check everything incase you get infection incase your blood low we go also check your electrolyte and creatinine that one we dey use Access your kidney function to be sure say your kidney still dey function wella so that we go know Di next to do if e no dey normal she you dey understand wetin I dey talk na you sbai dat one I no understand anything <unintelligible alright thank you",3.656,0.4429,0.2685,0.5035,0.2857,
data/clips/pidgin_05.wav,pidgin-english,afriswitchcare,assemblyai-universal,"Good morning Mr Adam Good morning sir So how have you been? What are you talking about? I don't know, I'm fine What do you do? Carpenter So what brought you to the hospital today? I don't know I just met myself here I don't know why I came here Do you smoke? No they follow me talk. I know they drink anything. Leave me alone. You know they smoke? So since when you don't notice your mood don't change? My mood don't change. I don't know who they tell you that one. I don't know anything. Do you sometimes get angry towards your family members? I go blow this one. Wait till me that one. Do you sometimes think people are trying to kill you? They go kill you, who do you think they follow? Leave me alone, don't follow me talk I hear your relative tell me you drink mentholated spirits, is this true? My guy gave me, I just see him for a while and I drank it, the thing is there alright And you don't think sadistic things will do you bad? No, it doesn't do anybody bad. They say it's very good for the body. It washes your system away. Do they sleep well? I'm not going to lie. I know they sleep. My eyes are just clear. When I even drink alcohol, my eyes are clear. Do you smoke? Smoke? I know they take that one. But once in a while, I do take it, I'm sure. But do you drink alcohol? I do take that one too. I do take that one. That one will help my spirit. Do you notice that you've been eating excessively? Did they chop too much more than usual? They chop way way like a lot Do you notice that you don't stay very apart? Oh boy with the wrong thing. Now I know they sleep now. For a night like this, I know they jump up and down with the wrong things All right Eny time dey wey fi se yu gu jol sit down yu gu dey ye tins wey people wey dey around yu, yu no dey ye? A sound na, yu no dey ye yu nos kindi tin. Bo, sometimes yat, people dey follow mi tok, I don't see dem, yu no dey ye. Yu dey see people we people no dey see around yun. E, dey see dem yu, me andan dey be my guys na, we got a dey. E, shey, dey any point wey fi sey yu feel sey people wey dey around you? Ndiyo, ndiyo, ndiyo, ndiyo, ndiyo Suger? I don't serve you. No, when last you go check your blood pressure? When last you check your blood sugar? I say they bring me come here. I know they come up spiritual. I never have issues. I go blow you. You don't do surgery before? They tell me they can't even go do one thing when they call appendio. I don't serve. Every time appendectomy, they call them that time. I don't hear them before. How many years ago? Don't tell you. Don't use almost like three years. Okay. So anybody there for your family? Where get something like this? Where just there? Agresif? I know sick so nobody from my family get them. I'm not sick. I'm fine. I'm okay. So how many packs of cigarette do you take? Or is it cigarette or is it cannabis or is it marijuana you take? Boy, if that one are not going to lie to you, I did take them. I did take them well well. I did take like six packs. Ba ba di akor? Wich one you di take? Shei na beer? Shei na gin? Shei na vodka? Bu mi a my guy di peg vodka die. We di drink ham like we drink it a lot. And how often? Shei na all the time? For the vodka, I don't go lying. I almost every time. We di drink ham very gular. Okay, okay. So mi a quickly examine you, eh? You no go take them at all? Okay. So on mental state examination, the mood looks fine. Afekta you are irritable Speech is irrational and excessive Thoughts flight of ideas and thoughts broadcasting Perception is auditory and visual hallucinations Insights is absent Diagnosis is drug-induced psychosis So, you need to do some tests We will help you We will check your urine We call them urine toxicology. We check everything with the urine. If there's any toxins with the urine, we'll do your full blood count, your PCV, your white blood cell. We'll check everything in case you get infection, in case your blood low. We also check your electrolytes, urea and creatinine. That one we use to assess your kidney function. So be sure to see if your kidneys still function well. So that we will know the next thing to do. So you understand what I'm saying at the top? Nah, I don't understand anything but go ahead. Alright, thank you.","Good morning Mr Adamu Good morning sir so how have you been? What are you talking about I don't know I'm fine okay what do you do? carpenter you are a carpenter okay so what brought you to the hospital today? I don't know I just meet myself for here I don't know who carry me come here Ohh really okay do you smoke? no dey follow me talk I no dey drink anything leave me alone you no dey smoke? So since when you don notice say your mood don change my mood no change ooo I no no who dey tell you that one I no no anything okay do you sometimes get angry towards your family members? I go blow dis one ooo wetin be that one okay and do sometimes maybe you think people are trying to kill you dey go kill you who dey follow you talk leave me alone no follow me talk ooo I okay I hear say you drink your relative tell me say you drink methylated spirit is this true Omor guy give me I just see am for road and I drank it e dey alright and you no think say dis thing fit do you bad no it doesn't do anybody bad oo the thing is very good for the body it washes your system away you dey sleep well? I no go lie ooo I no dey sleep my eyes go just clear when I even drink that spirit my eye clear okay do you smoke? Ahh smoke I no dey take dat one but once in a while I dey take am sha but do you drink alcohol? I dey take dat one i dey take dat one too I dey take dat one that one dey and methylated spirit Okay do you notice that you've been eating excessively you dey chop too much more than usual? Ahh I dey chop ohhh I dey chop well well like alot okay do you notice say you don dey very o boy we dey run things na why I no dey sleep for night like dis I just dey jump up and down we dey run things alright shey any time dey wey be say you go just sit down you go dey hear things wey people around you no dey hear? As how now I no dey hear all those kind things but some time sha people dey follow me talk and I just see dem I no dey hear see dem Ohh you dey see people wey no dey people see around too? Errh I dey see dem ooo my guy we gather dey okay shey is there any point wey be say you feel say people wey dey around you they want do you bad or they just dey against you? Yesso Ahh Sunday Sunday go just dey want kill me I no say e want kill me but e no fit see me kill na me go kill am last last Di guy just want kill me for no reason Okay you get hypertension? Wetin be hypertension doctor I go blow Dis guy oo I no sabi dat one I no get anything about dat thing for my life okay dey don tell you say your blood sugar don high before? Wetin be blood sugar sugar I no sabi oo Or when last you go check your blood pressure when last you check your blood sugar ? I say dem bring me come here I no dey come hospital I never reach hospital I go blow you you don don do surgery before? Dem tell me say dem carry me go do one wey dem dey call appendy oo I no sabi maybe appendectomy dey call am that time I no hear am before how many years ago? E don tey oo it don reach almost use like two years anybody dey for your family wey get something like dis wey just dey no aggressive wey ? I no sick so no anybody for my family wey get am not sick I fine am okay Okay so how many packs of cigarettes do you take or is it cigarettes or is it cannabis or is it marijuana you take But dat one I no go lie I dey take am I dey take am I dey take am well well I dey take like six packs what about the alcohol which one you dey take shey na bear, shey na jin shey na vodka omor me and my guy dey take vodka die we dey drink am like we drink it alot and how often shey na all Di time ahh for the vodka I no go lie na almost every time we dey drink am regular okay okay so make I quickly examine you e no go take time at all oya now okay so on mental state examination the mood looks fine the affect is irritable the speech is irrational and excessive the thoughts flight of ideas and thought broadcasting the perception is auditory and visual hallucinations insights is absent to diagnosis is drug induced pyschosis so you go need do some test so we go fit help you we go check your urine check Di we call am urine toxicology we go check everything wey dey urine if there's any toxins wey dey your urine we go do your full blood count your PCV your white blood cell with we go check everything incase you get infection incase your blood low we go also check your electrolyte and creatinine that one we dey use Access your kidney function to be sure say your kidney still dey function wella so that we go know Di next to do if e no dey normal she you dey understand wetin I dey talk na you sbai dat one I no understand anything <unintelligible alright thank you",14.712,0.4944,0.3211,0.6216,0.3578,
data/clips/pidgin_06.wav,pidgin-english,afriswitchcare,sahara-v2.5,,"Good afternoon ma and welcome to our hospital today My name na Dr. Williams and na me go dey attend to you and dis pikin wey you bring come today. So first thing's first, I go like know how this pikin fit relates to you. She be my pikin she be my child Okay so na you be her mama? Yes wetin be the name of dis pikin? Her name na Esther olawale Okay how old she be ? She's 3 years. Okay which address una dey stay? We dey stay for 36 mukola road ekpe Okay which tribe una dey from? We're Yoruba. Okay, so I would like to know what happened to her that made you bring her to the hospital today. So, yesterday I noticed say her body dey hot she get high temperature naso I down come here Okay shey e get any other thing wey dey affect am wey you notice dis morning I notice say her two hands dey shake her leg too dey shake like say she dey convulse Okay so how many times dat one take happen? Im just happen once. Okay that temperature wey you talk say she dey run, shey e dey very high or you just touch her body see say e dey warm or you get anything wey you use check for house? her temperature dey very hot e dey very hot e dey continuous so I use thermometer wey dey for house check her temperature and the thing read 38.1 °C . Okay shey dis body wey dey hot, shey you notice say na anytime of the day im dey hot pass? Ahhh Im dey hot pass for night Okay so e get anything wey you do wey help bring this temperature down? I used towel I soaked am inside water I come dey use am mop her body Alright Okay That movement of her hand and leg, wey you dey talk, when dat one happen? Im start dis morning ooo early dis morning. Okay How many times e don happen since when im starts? Im happen once Okay Before she start to dey get all those kind movement, she complain say her stomach dey pain her abi shey she dey cry or anything wey you notice? She no complain of abdominal pain ooo but she dey cry for that movement of the hand and the leg. Okay that body wey she dey move, shey na both hands and both legs, or just one side of her body Dey move? She dey move both hands and the legs . Okay shey her eye they roll like say e dey go up when the thing happen? Yes Okay. So this convulsion wey you talk say she dey get, na how long she use do the convulsion? Im last for like about three minutes or so Okay, Okay So as she dey get the convulsion you dey tap am she she dey respond? She no dey respond at all. Okay shey piss or shit dey commot for her pampers or her kiniwe when she dey get that convulsion? No Okay. Shey you notice say her lips in dey turn like blue or black as she dey get that convulsion. I no noticed dat one . Okay. So this convulsion how e come take stop shey una do anything wey con help the convulsion stop. No no no she just sleep after Okay e stop by himself. Yes yes im stop by itself. Okay. Okay, code switch> shey she come sleep after di convulsion. Yes. Okay, how long did she sleep For about I think one hour. Yes, one hour. Before she had this convulsion, when was the last time she ate any food? The convulsion happen in the morning so like around that 9 so let's say she chop like around that 7-7:30, 8 or so okay so Before she been start to dey get all those movements shey she ever complain her shey neck dey pain am or her neck she no fit move am Wella ? E no complain anything at all. okay shey she dey run commot for light say if light bright for house say she dey run commot? No no no no . Okay shey she don collect all her immunization finish? yes she dey fully vaccinated in fact I bring her immunization card sef . Okay alright that's very good ma okay so shey she dey get any discharge from her eyes or her mouth or her ear. I no Okay shey she dey always scratch inside her ear ?. No e never happen Okay shey she use head hit floor or hit anywhere? No no no okay shey she dey display any kind abnormal behavior before dis convulsion happen? No okay she get any cough No if she dey breath shey e dey very noisy ? No Okay and she no vomit ? No no no Okay her poopoo to no dey watery ? No Okay you no notice any rash for her body? No no no . Okay shey you notice if she dey piss she go dey cry like say im dey pain am? Yes Okay when dat one starts? E start yesterday morning Okay you see any blood for her wee- wee? No. Okay. Shey e get anything wey you don do for am since this convulsion happened? No, no, no. I rush am come hospital. Okay, so has she had this kind of convulsions in the past? Im Never happened before. Do you know her blood group or genotype? Ahh I no sabi am ooo Okay, have you done any surgeries on her before? No. Okay when you dey pregnant with her, na how many months you use carry the pregnancy? 9 months. Okay Did you deliver her by yourself or you did CS? It was a normal delivery. Okay, and did she cry immediately or they had to beat her before she cried? She cried immediately Okay, what was her weight? She was weighing like 3.3 kg yes 3.3 kg . Okay, was she discharged from the hospital the same day? No, no, no. I was discharged the next day so I sleep there . Okay, was there any time her eyes were yellow or her body was yellow and they had to admit her? No, no, no. Okay How many months you take use give her only breast milk? Six months. Okay so wetin she come dey chop now? So she eats the normal food we eat at home. Okay shey e get anybody for your family wey get dis kind seizure abi dis convulsion dey worry before? No. Okay okay. So Shey she dey live with you and her papa? Yes. Okay una dey together together? Yes So how old are you now? I'm 28. Which work you dey do? I'm a teacher. Okay, what about her dad how old is he ? Her dad is 42 Okay, what work does he do? He's a banker Okay which kind house una dey live in? We dey stay for 2-bedroom flat Okay shey she get any brother or any sister? Yes she has two older siblings one boy one girl . Okay which kind water una dey drink for house? We dey take tap water. Okay, so what kind of toilet do you use? We use water closet. Okay, does she go to school? she attends kings daycare. Okay, okay, do you know if any children in that daycare is sick? Would you know? No, no, no. None that you know about. I don't know about that Okay. So I want to ask you some questions regarding the development of this child. I want to ask you when she started sitting by herself How old was she? she started sitting at about 6 months yes Okay, what about when she started walking? One year year she was one exactly one okay When she start to dey talk some kinds small small words like mama or daddy or water? She begin start am about when she was 1 yr 6 months . 1 year six months yes Okay. Shey she dey on any medication or any drug wey una dey give am? No no no Shey e get anything wey she dey react to where her body react to? No Alright thank you very much for this information wey you give us Na wetin we go use know wetin dey happen with dis pikin. So I go just examine her now and together with that we go come to a diagnosis. So On examination, she is a young female toddler She's conscious but drowsy. She's febrile with a temperature of 38.5 degrees Celsius. She's not pale. She's anicteric. She's not dehydrated. She's a cyanosed. CNS examination, her neck was supple. She no get any signs of meningeal irritation Dey negative. For chest examination, her respiratory rate na 24 cycles per minute and when I listen to her chest, na vesicular breath sounds with no added sounds. Her abdomen dey full e dey soft. E dey move with respiration. She gets slight suprapubic tenderness. She no get any palpable organ enlargement So ma, based on this history that we have gotten and these examination findings that I've read, the likely diagnosis that she has is what we call a febrile convulsion. And this could be due to many things, but in this case, our major pointers are probably a urinary tract infection or malaria or pneumonia. So to confirm this diagnosis, we would like to run some tests. We will take her blood samples. We will take her urine samples, use them to run tests. She will do a chest X-ray, and they will also put a needle tube up in her back, and they will collect some fluid also for testing to confirm our diagnosis. So as part of the treatment, we would monitor her. We will admit her. And if there is any seizures, Subsequently, we would abort. So when all the test results when they don ready, when we don see the results we will continue with the right line of management. I will be able to explain to you what in particular may have caused this febrile convulsion. Do you understand all that, ma? Yes. Shey you get any other questions? No. Alright, Thank you very much ma for your time and I wish her a speedy recovery Thank you..",,,,,,"Sahara upload failed for data/clips/pidgin_06.wav (status 400): {""data"":{},""message"":""insufficient balance to process the file"",""status"":""Error""}
"
data/clips/pidgin_06.wav,pidgin-english,afriswitchcare,whisper-large-v3-groq," good afternoon and welcome to our hospital today my name doctor williams and i'm ego di attend to you and this pikin will bring come today so first things first i would like to know how this pikin take really to you um she be my thinking she will be my child okay so now you be a mama yes wait him the name of the speaker her name is esther okay how would she be she's three years okay Wara lora ina kodi? Kodi, Wara lora. Ananya siyamu yi? O.K. Wara yi miyini? Yi yi. Wara lora, loran dati nga yi siyamu na yi dati yi? Nara, loran dati yi siyamu yi? Ananya siyamu yi, Nara, lora lora. Wara lora. Nara lora. O.K. O.K. Where did it take us and find the point, then keep talking. Again, she only uses the house So I use thermometer ready for us check temperature and it say read 38.1 degree Celsius. Ok. This body weight the hot. Shey you notice any time of the day in the hot pass? In the hot pass for nights. Ok. So again it say what you do? We help bring this temperature down? I use a towel. I soak it in water. I only use a mop. Alright. Ok. That movement of her hand and leg, where did it happen? When did that happen? It started this morning. How many times did it happen since when it started? It happened once. Ok, before she starts to get all those kind of movements, she complains she stomach the pain, she cry or anything, what you notice? She no complain of abdominal pain, but she cry before that movement of the hand and the leg. Ok, that body where she move, she in her both hands and both legs she move or not just one side of her body she move? She move both hands and the legs. Ok, she had a role like say they go up when the thing happen? Yes. Okay. So this conversion when you talk say she didn get Now how long she used to the conversion he last for like about three minutes or so okay okay so as she they get the conversion as she stop and she she they respond she not the respond at all okay she peace or or shiit they come out for a pampers or killing when when should they get that conversion okay so you notice it uh lips when they turn like blue or black as should they get that conversion okay so um this conversion i mean context stop she will not do anything we can't help the conversion stop no no she just sleep after okay he stopped by himself yes okay okay so she can't sleep after the conversion yes okay how long did she sleep for about i think one hour yes okay before she had this conversion when was the last time she ate any food ok so before she been started to get all those a movement she should ever complain she her neck the penum or annette nothing move amuela you know okay say she the wrong commode for like see if lights bright for how say she do wrong commodes okay she she don't collect all i immunization the end of life. She is fully vaccinated. In fact i bring an immunization card set. Okay she have not get any discharge from her eye or mouth or ear. Have she always scratch in her ear? No that never happen. Has she used heat flow or heat anywhere? No. Have she display any abnormal behavior before this konvorsion happen. No. OK. She get any cough? No. If she de breathe? She de very noisy? No. OK. And she no vomit? No. OK. Her popo too no de watery? No. OK. You not notice any rash for her body? No. No. No. OK. She not say if she de peace say she go de cry like saying de pain am? Yes. OK. When da one start? Start yesterday morning. OK. Wa apwa mwen si fad an siwafah yo zilini The see any blood for our wee wee no okay say again it in way you don do for him since this conversion happened no no no i was okay so um has she had this kind of conversions in the past never happened before do you know our blood group or genotype okay have they done any surgeries on her before no okay when you did pregnant with that How many months you carry the pregnancy? 9 months Did you deliver her by yourself or you did CS? It was a normal delivery Did she cry immediately or they had to beat her before she cried? She cried immediately What was her weight? She was weighing like 3.3 kg Yes, 3.3 kg Was she discharged from the hospital the same day? no nio no, i was discharged the next day so as the baby okey okey wa zde any time a eyes wey yellow or body wo yello an dey a to admit a no no no okey okey how many months you take you zib amoli breast milk six months okey so wey teng she kon di chop now so she eats ndi normal food di eats at ome They worry because of convulsion or they are worried No OK So have they lived with you and your father? Okay, how old are you? Um 38 Which work are they doing? A teacher OK, what is the name of your father? He is a banker OK, what kind of house do they live in? Thei stay for two virgin flats. Okay. She shi gey any brother or any sister? Yes, she has two older siblings, one boy and one girl. Okay. Which kind of water ona dey drink for house? They take tap water. Okay. So what kind of toilet do you use? We use water closet. Okay. Does she go to school? She attends this day care. ok ok do you know if any children in that decade is sick would you know no no no not that you know about okay so i want to ask you some questions regarding the development of this child i want to ask you when she started sitting by herself how old was she stay sitting at about six months yes okay what about when she started walking one year yes she was one exactly one okay to talk some kind small small words like mama or daddy or water so she begins that time about one when she was one year six months one year six months yes okay so she did on any medication or any drug will not be given no no no she again anything we should react to where body they react so no all right thank you very much for this information will you give us now we think we go use a new weighting day happen with this picking so i could just examine her now and together with that we will come to a diagnosis so on examination she is a young female toddler she is conscious but drowsy she is febrile with a temperature of 38.5 degrees celsius she is not pure she is an ecteric she's not dehydrated she's acer nose cns examination her neck was supple she no get any signs of meningial irritation kenny and brudzinski signs d negative for chest examination her respiratory rates now 24 cycles per minute and when i listen to her chest now vesicular breath sounds ndakare ki ni a koi tofere. A koi ke ke sae kwa leyagang ori, e koi ke siye ndakari, ke ki ni nafune zeku te ula ye. Ke ke ni ni koi ni koi ndakari. Oman, kwa kwa siye siye nmokwa nini, a koi ni ni ni koi siye koi koi mi ni ni nio e koi and this could be due to many things but in this case major pointers are probably urinary tract infection or malaria or pneumonia so to confirm this diagnosis would like to run some tests will take a blood samples will take a urine samples use them to run this she'll do a chest x-ray and they would also put a needle so up in a back and you collect some fluid also for testing to confirm our diagnosis so as part of the treatment if she would monitor her would admit her and if there is any seizures subsequently would abort so when all those test results when they don't ready when we don't see the results will continue with the right line of management I would be able to explain to you what in particular middle half this people compulsion do you understand all বড়ৈ বোর্ਹে wī thw mẹ mēʻi. র৆ ɥে әী ɴəরɖ ে র্ੰ ੰ বো বোর্ඌ ੰ র্ญরে ! Ə ɪু ຕে ɠੀ বো র্ໜ রূ.","Good afternoon ma and welcome to our hospital today My name na Dr. Williams and na me go dey attend to you and dis pikin wey you bring come today. So first thing's first, I go like know how this pikin fit relates to you. She be my pikin she be my child Okay so na you be her mama? Yes wetin be the name of dis pikin? Her name na Esther olawale Okay how old she be ? She's 3 years. Okay which address una dey stay? We dey stay for 36 mukola road ekpe Okay which tribe una dey from? We're Yoruba. Okay, so I would like to know what happened to her that made you bring her to the hospital today. So, yesterday I noticed say her body dey hot she get high temperature naso I down come here Okay shey e get any other thing wey dey affect am wey you notice dis morning I notice say her two hands dey shake her leg too dey shake like say she dey convulse Okay so how many times dat one take happen? Im just happen once. Okay that temperature wey you talk say she dey run, shey e dey very high or you just touch her body see say e dey warm or you get anything wey you use check for house? her temperature dey very hot e dey very hot e dey continuous so I use thermometer wey dey for house check her temperature and the thing read 38.1 °C . Okay shey dis body wey dey hot, shey you notice say na anytime of the day im dey hot pass? Ahhh Im dey hot pass for night Okay so e get anything wey you do wey help bring this temperature down? I used towel I soaked am inside water I come dey use am mop her body Alright Okay That movement of her hand and leg, wey you dey talk, when dat one happen? Im start dis morning ooo early dis morning. Okay How many times e don happen since when im starts? Im happen once Okay Before she start to dey get all those kind movement, she complain say her stomach dey pain her abi shey she dey cry or anything wey you notice? She no complain of abdominal pain ooo but she dey cry for that movement of the hand and the leg. Okay that body wey she dey move, shey na both hands and both legs, or just one side of her body Dey move? She dey move both hands and the legs . Okay shey her eye they roll like say e dey go up when the thing happen? Yes Okay. So this convulsion wey you talk say she dey get, na how long she use do the convulsion? Im last for like about three minutes or so Okay, Okay So as she dey get the convulsion you dey tap am she she dey respond? She no dey respond at all. Okay shey piss or shit dey commot for her pampers or her kiniwe when she dey get that convulsion? No Okay. Shey you notice say her lips in dey turn like blue or black as she dey get that convulsion. I no noticed dat one . Okay. So this convulsion how e come take stop shey una do anything wey con help the convulsion stop. No no no she just sleep after Okay e stop by himself. Yes yes im stop by itself. Okay. Okay, code switch> shey she come sleep after di convulsion. Yes. Okay, how long did she sleep For about I think one hour. Yes, one hour. Before she had this convulsion, when was the last time she ate any food? The convulsion happen in the morning so like around that 9 so let's say she chop like around that 7-7:30, 8 or so okay so Before she been start to dey get all those movements shey she ever complain her shey neck dey pain am or her neck she no fit move am Wella ? E no complain anything at all. okay shey she dey run commot for light say if light bright for house say she dey run commot? No no no no . Okay shey she don collect all her immunization finish? yes she dey fully vaccinated in fact I bring her immunization card sef . Okay alright that's very good ma okay so shey she dey get any discharge from her eyes or her mouth or her ear. I no Okay shey she dey always scratch inside her ear ?. No e never happen Okay shey she use head hit floor or hit anywhere? No no no okay shey she dey display any kind abnormal behavior before dis convulsion happen? No okay she get any cough No if she dey breath shey e dey very noisy ? No Okay and she no vomit ? No no no Okay her poopoo to no dey watery ? No Okay you no notice any rash for her body? No no no . Okay shey you notice if she dey piss she go dey cry like say im dey pain am? Yes Okay when dat one starts? E start yesterday morning Okay you see any blood for her wee- wee? No. Okay. Shey e get anything wey you don do for am since this convulsion happened? No, no, no. I rush am come hospital. Okay, so has she had this kind of convulsions in the past? Im Never happened before. Do you know her blood group or genotype? Ahh I no sabi am ooo Okay, have you done any surgeries on her before? No. Okay when you dey pregnant with her, na how many months you use carry the pregnancy? 9 months. Okay Did you deliver her by yourself or you did CS? It was a normal delivery. Okay, and did she cry immediately or they had to beat her before she cried? She cried immediately Okay, what was her weight? She was weighing like 3.3 kg yes 3.3 kg . Okay, was she discharged from the hospital the same day? No, no, no. I was discharged the next day so I sleep there . Okay, was there any time her eyes were yellow or her body was yellow and they had to admit her? No, no, no. Okay How many months you take use give her only breast milk? Six months. Okay so wetin she come dey chop now? So she eats the normal food we eat at home. Okay shey e get anybody for your family wey get dis kind seizure abi dis convulsion dey worry before? No. Okay okay. So Shey she dey live with you and her papa? Yes. Okay una dey together together? Yes So how old are you now? I'm 28. Which work you dey do? I'm a teacher. Okay, what about her dad how old is he ? Her dad is 42 Okay, what work does he do? He's a banker Okay which kind house una dey live in? We dey stay for 2-bedroom flat Okay shey she get any brother or any sister? Yes she has two older siblings one boy one girl . Okay which kind water una dey drink for house? We dey take tap water. Okay, so what kind of toilet do you use? We use water closet. Okay, does she go to school? she attends kings daycare. Okay, okay, do you know if any children in that daycare is sick? Would you know? No, no, no. None that you know about. I don't know about that Okay. So I want to ask you some questions regarding the development of this child. I want to ask you when she started sitting by herself How old was she? she started sitting at about 6 months yes Okay, what about when she started walking? One year year she was one exactly one okay When she start to dey talk some kinds small small words like mama or daddy or water? She begin start am about when she was 1 yr 6 months . 1 year six months yes Okay. Shey she dey on any medication or any drug wey una dey give am? No no no Shey e get anything wey she dey react to where her body react to? No Alright thank you very much for this information wey you give us Na wetin we go use know wetin dey happen with dis pikin. So I go just examine her now and together with that we go come to a diagnosis. So On examination, she is a young female toddler She's conscious but drowsy. She's febrile with a temperature of 38.5 degrees Celsius. She's not pale. She's anicteric. She's not dehydrated. She's a cyanosed. CNS examination, her neck was supple. She no get any signs of meningeal irritation Dey negative. For chest examination, her respiratory rate na 24 cycles per minute and when I listen to her chest, na vesicular breath sounds with no added sounds. Her abdomen dey full e dey soft. E dey move with respiration. She gets slight suprapubic tenderness. She no get any palpable organ enlargement So ma, based on this history that we have gotten and these examination findings that I've read, the likely diagnosis that she has is what we call a febrile convulsion. And this could be due to many things, but in this case, our major pointers are probably a urinary tract infection or malaria or pneumonia. So to confirm this diagnosis, we would like to run some tests. We will take her blood samples. We will take her urine samples, use them to run tests. She will do a chest X-ray, and they will also put a needle tube up in her back, and they will collect some fluid also for testing to confirm our diagnosis. So as part of the treatment, we would monitor her. We will admit her. And if there is any seizures, Subsequently, we would abort. So when all the test results when they don ready, when we don see the results we will continue with the right line of management. I will be able to explain to you what in particular may have caused this febrile convulsion. Do you understand all that, ma? Yes. Shey you get any other questions? No. Alright, Thank you very much ma for your time and I wish her a speedy recovery Thank you..",15.307,0.4812,0.3145,0.6054,0.3468,
data/clips/pidgin_06.wav,pidgin-english,afriswitchcare,assemblyai-universal,"Good afternoon, ma, and welcome to our hospital today. My name now Dr. Williams, and I'm going to attend to you and this picking where you bring come today. So first things first, I would like to know how this picking thick relate to you. She be my picking, she be my child. Okay, so now you be a mama? Yes. Waiting be the name of this picking? Her name now Esther. Okay, how old she be? She's 3 years. Okay, which address now they stay? They stay for 36 Smokola Road. Okay, which tribe are they from? We are Yoruba. Okay, so I'd like to know what happened to her that made you bring her to the hospital today. So yesterday I noticed her body, the hot, she gets high temperature. Okay, okay. With the affect them, will you notice? Um, I know this morning I noticed, say, uh, two hands they shake, I like to shake, like say she converse. Okay, so how many times that one take happen? Just happen once. Okay, that temperature we talk, say, should they run? Say they very high, or you just touch her body, say, say in the warm? I'll be getting anything we use check for house. At temperature, they hot, they very hot, they continuous. So I use thermometer with the forest check at temperature and it didn't read 38.1 degrees Celsius. Okay, this body weight, the hot, sure you noticing, uh, any time of the day in the hot pass? Ah, in the hot pass for nights. Okay, so you get anything where you do Will help bring this temperature down? I use towel, I soak them inside water. I can only use a mop, but making with this. All right, okay. That movement of her hand and leg where they talk, when that one happen? It start this morning. How many times it don't happen since when it starts? It happen once. Okay. Before she started to get all those kind movements, she complained she, uh, stomach, the pain. I'll be sure she cry or anything where you notice. She no complain of abdominal pain, but she cry before that movement of the hand and the leg. Okay, that body which they move, say now both hands and both legs should they move, or not just one side of her body they move? She remove both hands and the legs. Okay, share how they roll, like say they go up when the thing happen. Yes. Okay, so this, um, convulsion, wait, talk, say she did get. Now how long she used to the convulsion? It lasts for like about 3 minutes or so. Okay, okay. So as she gets that convulsion, as you stop pump, she didn't respond? Okay, she piss or, or shit, they come out for her pampers or killing when, when she get a convulsion. Okay, so you notice, uh, lips when they turn like blue or black as they get a convulsion? I know what is that one. Okay, so, um, this convulsion, how we can take stop? She will not do anything, we can't help the convulsion stop. No, no, no, she just sleep after. Okay, he stopped by himself? Yes. Okay, okay. She can't sleep after the convulsion? Yes. Okay, how long did she sleep? For about, I think, 1 hour. Yes, 1 hour. Okay, before she had this convulsion, when was the last time she ate any food? The convulsion happened in the morning, so like around that night. So let's say she chop like around that 7, 7:38 or so. Okay, so before she been start to get all those movement, she should ever complain she a neck depend on or a neck she no feel move them well? She no complain anything as such. Okay, say she run come out for light, say if light bright for house, say she run come out. No, no, no, no, no. Okay, she don't collect all her immunization finish? Yes, she didn't fully vaccinated. In fact, I bring the immunization card. Okay, all right, that's very good, ma. Okay, so she should get any discharge from her eyes or her mouth or her ear? I know she always scratch inside her ear. No, never happen. Okay, she use head Um, hit floor or hit anywhere? No, no, no, no. Okay, so should they display any kind abnormal behavior before this convulsion happen? No. Okay, she get any cough? No. Is she— they breathe, say they very noisy? No. Okay, and she no vomit? No, no, no, no. Okay, our pupils, you know, they watery? No. Okay, you don't notice any rash for her body? No, no, no, no, no. Okay, so you notice, say, if she de-piss, say she go de-cry, like saying the pain now? Yes. Okay, when that one starts? It starts yesterday morning. Okay, you see any blood for her wee-wee? No. Okay, so you get anything where you don't do for her since this convulsion happen? No, no, no, I wash her immediately, come hospital. Okay. So, um, has she had this kind of convulsions in the past? Never happened before. Do you know her blood group or genotype? Ah, I know. Okay. Have they done any surgeries on her before? No. Okay. When you did pregnant with her, now how many months you just carry the pregnancy? 9 months. Okay. Did you deliver her by yourself or you did CS? It was a normal delivery. Okay, and did she cry immediately or they had to beat her before she cried? She cried immediately. Okay, what was her weight? She was weighing like 3.3 kg. Okay, yes, 3.3 kg. Okay, was she discharged from the hospital the same day? No, no, no, I was discharged the next day, so as the baby. Okay, okay. Was there any time her eyes were yellow or her body was yellow and they had to admit her? No. No, no, no. Okay, okay. Um, how many months you take use give her only breast milk? 6 months. Okay, so waiting she can't chop now, so she eats the normal food we eat at home. Okay, so you get anybody for your family, we get this kind seizure with this convulsion, they worry before? No. Okay, okay. So she should live with you and her papa? Yes. Okay, and are they together? So how old are you, ma? I'm 38. Which work do you do? I'm a teacher. Okay, what about her dad? How old is he? Her dad is 42. Okay, what work does he do? He's a banker. Okay, which kind of housing are they living? They stay for 2-bedroom flats. Okay, she get any brother or any sister? Yes, she has 2 older siblings. One bowl, you won't drink. Okay, which kind of water are they drinking for house? They take tap water. Okay, so what kind of toilet do you use? We use water closets. Okay, does she go to school? She attends this daycare. Okay, okay. Do you know if any children in that daycare is sick? Would you know? No, no, no, none that you know about. I don't think about that. Okay, so I want to ask you some questions regarding the development of this child. I want to ask you when she started sitting by herself, how old was she? She started sitting at about 6 months. Yes. Okay, what about when she started walking? 1 year. Yes, she was 1, exactly 1. When she started to talk some kind small, small words like mama or daddy or water? So she began starting about 1 when she was 1 year 6 months. 1 year 6 months, yes. Okay, so she did on any medication or any drug when they give her? No, no, no. She get anything which she reacts to, where her body reacts to? No. All right, thank you very much for this information where you give us. Now waiting, we go use, um, know waiting they happen with this Peking. So I could just examine her now, and together with that, we will come to a diagnosis. So on examination, she's a young female toddler. She's conscious but drowsy. She's febrile with a temperature of 38.5 degrees Celsius. She's not pale. She's anicteric. She's not dehydrated. She is acyanosed. CNX examination: her neck was supple she no get any signs of meningeal irritation kernigs and brudzinski signs d negative. For chest examination: her respiratory rate now 24 cycles/min and when I listened to her chest now vesicular breath sounds with no added sounds. Her abdomen dey full, i dey soft, i dey move with respiration. She get slight suprapubic tenderness. She no get any palpable organ enlargement. So ma, based on this, um, history that we have gotten and this examination findings I've read, the likely diagnosis that she has is what we call a febrile convulsion. And this could be due to many things, but in this case, our major pointers are probably urinary tract infection or malaria or pneumonia. So to confirm this diagnosis, we would like to run some tests. We will take her blood samples, we will take her urine samples, we use them to run tests. She will do a chest x-ray, and they would also put a needle to— in her back and and they will collect some fluid also for testing to confirm our diagnosis. So as part of the treatment, if we would monitor her, we'll admit her, and if there is any seizures subsequently, we would abort. So when all those test results— when they don't ready, when we don't see the results, we'll continue with the right line of management and we'll be able to explain to you what in particular made her have this febrile convulsion. Do you understand all that, ma? Yes. So you get any other questions? No. All right, thank you very much, ma, for your time, and I wish her a speedy recovery. Thank you.","Good afternoon ma and welcome to our hospital today My name na Dr. Williams and na me go dey attend to you and dis pikin wey you bring come today. So first thing's first, I go like know how this pikin fit relates to you. She be my pikin she be my child Okay so na you be her mama? Yes wetin be the name of dis pikin? Her name na Esther olawale Okay how old she be ? She's 3 years. Okay which address una dey stay? We dey stay for 36 mukola road ekpe Okay which tribe una dey from? We're Yoruba. Okay, so I would like to know what happened to her that made you bring her to the hospital today. So, yesterday I noticed say her body dey hot she get high temperature naso I down come here Okay shey e get any other thing wey dey affect am wey you notice dis morning I notice say her two hands dey shake her leg too dey shake like say she dey convulse Okay so how many times dat one take happen? Im just happen once. Okay that temperature wey you talk say she dey run, shey e dey very high or you just touch her body see say e dey warm or you get anything wey you use check for house? her temperature dey very hot e dey very hot e dey continuous so I use thermometer wey dey for house check her temperature and the thing read 38.1 °C . Okay shey dis body wey dey hot, shey you notice say na anytime of the day im dey hot pass? Ahhh Im dey hot pass for night Okay so e get anything wey you do wey help bring this temperature down? I used towel I soaked am inside water I come dey use am mop her body Alright Okay That movement of her hand and leg, wey you dey talk, when dat one happen? Im start dis morning ooo early dis morning. Okay How many times e don happen since when im starts? Im happen once Okay Before she start to dey get all those kind movement, she complain say her stomach dey pain her abi shey she dey cry or anything wey you notice? She no complain of abdominal pain ooo but she dey cry for that movement of the hand and the leg. Okay that body wey she dey move, shey na both hands and both legs, or just one side of her body Dey move? She dey move both hands and the legs . Okay shey her eye they roll like say e dey go up when the thing happen? Yes Okay. So this convulsion wey you talk say she dey get, na how long she use do the convulsion? Im last for like about three minutes or so Okay, Okay So as she dey get the convulsion you dey tap am she she dey respond? She no dey respond at all. Okay shey piss or shit dey commot for her pampers or her kiniwe when she dey get that convulsion? No Okay. Shey you notice say her lips in dey turn like blue or black as she dey get that convulsion. I no noticed dat one . Okay. So this convulsion how e come take stop shey una do anything wey con help the convulsion stop. No no no she just sleep after Okay e stop by himself. Yes yes im stop by itself. Okay. Okay, code switch> shey she come sleep after di convulsion. Yes. Okay, how long did she sleep For about I think one hour. Yes, one hour. Before she had this convulsion, when was the last time she ate any food? The convulsion happen in the morning so like around that 9 so let's say she chop like around that 7-7:30, 8 or so okay so Before she been start to dey get all those movements shey she ever complain her shey neck dey pain am or her neck she no fit move am Wella ? E no complain anything at all. okay shey she dey run commot for light say if light bright for house say she dey run commot? No no no no . Okay shey she don collect all her immunization finish? yes she dey fully vaccinated in fact I bring her immunization card sef . Okay alright that's very good ma okay so shey she dey get any discharge from her eyes or her mouth or her ear. I no Okay shey she dey always scratch inside her ear ?. No e never happen Okay shey she use head hit floor or hit anywhere? No no no okay shey she dey display any kind abnormal behavior before dis convulsion happen? No okay she get any cough No if she dey breath shey e dey very noisy ? No Okay and she no vomit ? No no no Okay her poopoo to no dey watery ? No Okay you no notice any rash for her body? No no no . Okay shey you notice if she dey piss she go dey cry like say im dey pain am? Yes Okay when dat one starts? E start yesterday morning Okay you see any blood for her wee- wee? No. Okay. Shey e get anything wey you don do for am since this convulsion happened? No, no, no. I rush am come hospital. Okay, so has she had this kind of convulsions in the past? Im Never happened before. Do you know her blood group or genotype? Ahh I no sabi am ooo Okay, have you done any surgeries on her before? No. Okay when you dey pregnant with her, na how many months you use carry the pregnancy? 9 months. Okay Did you deliver her by yourself or you did CS? It was a normal delivery. Okay, and did she cry immediately or they had to beat her before she cried? She cried immediately Okay, what was her weight? She was weighing like 3.3 kg yes 3.3 kg . Okay, was she discharged from the hospital the same day? No, no, no. I was discharged the next day so I sleep there . Okay, was there any time her eyes were yellow or her body was yellow and they had to admit her? No, no, no. Okay How many months you take use give her only breast milk? Six months. Okay so wetin she come dey chop now? So she eats the normal food we eat at home. Okay shey e get anybody for your family wey get dis kind seizure abi dis convulsion dey worry before? No. Okay okay. So Shey she dey live with you and her papa? Yes. Okay una dey together together? Yes So how old are you now? I'm 28. Which work you dey do? I'm a teacher. Okay, what about her dad how old is he ? Her dad is 42 Okay, what work does he do? He's a banker Okay which kind house una dey live in? We dey stay for 2-bedroom flat Okay shey she get any brother or any sister? Yes she has two older siblings one boy one girl . Okay which kind water una dey drink for house? We dey take tap water. Okay, so what kind of toilet do you use? We use water closet. Okay, does she go to school? she attends kings daycare. Okay, okay, do you know if any children in that daycare is sick? Would you know? No, no, no. None that you know about. I don't know about that Okay. So I want to ask you some questions regarding the development of this child. I want to ask you when she started sitting by herself How old was she? she started sitting at about 6 months yes Okay, what about when she started walking? One year year she was one exactly one okay When she start to dey talk some kinds small small words like mama or daddy or water? She begin start am about when she was 1 yr 6 months . 1 year six months yes Okay. Shey she dey on any medication or any drug wey una dey give am? No no no Shey e get anything wey she dey react to where her body react to? No Alright thank you very much for this information wey you give us Na wetin we go use know wetin dey happen with dis pikin. So I go just examine her now and together with that we go come to a diagnosis. So On examination, she is a young female toddler She's conscious but drowsy. She's febrile with a temperature of 38.5 degrees Celsius. She's not pale. She's anicteric. She's not dehydrated. She's a cyanosed. CNS examination, her neck was supple. She no get any signs of meningeal irritation Dey negative. For chest examination, her respiratory rate na 24 cycles per minute and when I listen to her chest, na vesicular breath sounds with no added sounds. Her abdomen dey full e dey soft. E dey move with respiration. She gets slight suprapubic tenderness. She no get any palpable organ enlargement So ma, based on this history that we have gotten and these examination findings that I've read, the likely diagnosis that she has is what we call a febrile convulsion. And this could be due to many things, but in this case, our major pointers are probably a urinary tract infection or malaria or pneumonia. So to confirm this diagnosis, we would like to run some tests. We will take her blood samples. We will take her urine samples, use them to run tests. She will do a chest X-ray, and they will also put a needle tube up in her back, and they will collect some fluid also for testing to confirm our diagnosis. So as part of the treatment, we would monitor her. We will admit her. And if there is any seizures, Subsequently, we would abort. So when all the test results when they don ready, when we don see the results we will continue with the right line of management. I will be able to explain to you what in particular may have caused this febrile convulsion. Do you understand all that, ma? Yes. Shey you get any other questions? No. Alright, Thank you very much ma for your time and I wish her a speedy recovery Thank you..",15.676,0.2776,0.1558,0.4175,0.1874,
data/clips/pidgin_07.wav,pidgin-english,afriswitchcare,sahara-v2.5,,"Good afternoon. How are you doing? My name is Dr. Okenla. Welcome to the clinic today. Thank you very much Okay, so what's the name? Yeah I'm Ifeoluwa okay, What brought you to the clinic today? Yeah, I went for an outreach and they told me that my blood pressure was found to be elevated, so I was told to come to the clinic So what was the value they told you when you went for your outreach ? They told me it's about 170/100 Oh, that's quite high, That's quite high.l So what do you do? I'm a teacher. Are you married? Yes, I am Okay, Are you a Christian? Yeah, I'm a Christian Okay, so any history of, you know, headache? Yes, I started having headache some days ago Okay, Are you presently having headache? Yes, I am, but slight kind of Okay, Is it one-sided or generalized? Generalized actually mostly in my head And I also noticed that I do not sleep too as well, most times at night I find it alot difficult to sleep Ohh okay any is the headache throbbing or can you characterize how the headache is ? Is like I don't know even know how to characterize I just know my head use to pain me Okay any palpitations like do you hear your heartbeating loud while At sometimes when the headache gets severe I feel my heart beating a lot Ohh your heart beat fast Yeah Okay you also complained of poor sleeping you find it difficult to sleep too Yeah lately I have not been sleeping So any chest pain are you having any chest pain No my chest is not paining me not at all You are not any leg swelling have you noticed your legs have swollen up recently? No not at all they have not swollen up Any difficulty in breathing you find it difficult to breathe? No I breathe as Okay, What about calf pain? Pain around the leg? No Any cough? Are you coughing? No I'm not coughing. Now it's fine Okay And do you notice maybe while sleeping at night, you have to suddenly wake up to catch your breath? I didn't even sleep Okay, okay. You mentioned that too So, do you have any chronic illness? Are you hypertensive? Are you diabetic , asthmatic? No, I'm not hypertensive. I'm not diabetic. Okay. Any family history of hypertension in your patient In your family, rather? No. Yes I was told my mom, my mom had hypertension even My dad actually had it yes Okay, so your family is of hypertension and diabetes Yes yes Okay All right. So asides the elevated BP and the complaints I've mentioned, is there anything, other complaints you want to tell me? So not at all. Actually, So you are having Are you feeling dizzy? No am not Is your vision blurry? No not at all You've not convulse at at any point? And you've not lost consciousness as well No at all Okay. What about any abdominal pain? No, I don't have any Okay Any vomiting? Any diarrhea? No, not at all [Speaker ] Alright So I'll be examining you alright no problem alright so on general examination, the patient is middle-aged man not pale anicteric edema On cardiovascular examination, the pulse rate is 86 BPM is full and regular .The BP is 162/ 100 mmHg Heart sounds S1 and S2 only. On chest examination, respiratory rate is about 18 cycle per minute. Breath sounds are vesicular on all lung zones, no added sounds. On abdominal examination, no abnormalities detected. So based on these findings, based on the history you told me and the examination you told me, it is suggested that you have essential or primary hypertension, that is hypertension that does not have a secondary cause. It just happens on its own and you obviously have the risk factors. You mentioned you have your mom is hypertensive, so that can predispose you to being hypertensive as well too, So what we'll do is we'll run some basic investigations, full blood count, a profile, ECG, and echo. We'll also check your blood sugar as well to ensure that you're not diabetic. And then placed you on anti-hypertensive we'll start with calcium channel blockers and then an ACE inhibitors thats will preferably Amlodipine and isnopril You can start with 10 milligrams each, then as it goes, we let us know. You have a sphyg at home, right? Yes, I do. Okay, so you can monitor your blood pressure at home, check it yourself. Also lifestyle modification, reduce your salt intake. exercise, you don't drink, you don't smoke. Sometimes I usually drink ooo Okay now reduce that as well reduce fatty intake and yeah, with that we believe that your blood pressure should be well controlled, and when the results are out, we also review the results thank you very much alright thank you",,,,,,"Sahara upload failed for data/clips/pidgin_07.wav (status 400): {""data"":{},""message"":""insufficient balance to process the file"",""status"":""Error""}
"
data/clips/pidgin_07.wav,pidgin-english,afriswitchcare,whisper-large-v3-groq," Good afternoon, how are you doing? My name is Dr. Okinla. Welcome to the clinic today. Thank you very much. So, what's the name? Yeah, I'm a free follower. Okay. What brought you to the clinic today? Yeah, I went for an outreach and they told me it would be my blood pressure and it was found to be elevated so I was told to come to the clinic. Okay, so what was the value they told you it was when you went for your outreach? They told me it's about 1,700. Okay, that's quite high. So, what do you do? I'm a teacher. Are you married? Yes, I am. Okay. Are you a Christian? Yes, I'm a Christian. Okay. So, any history of, you know, edict? Yes, I started having edicts some days ago. Are you presently having a headache? Yes, I am but it's slight Is it one sided or generalized? It's generalized actually, mostly my head and my head I also notice that I cannot sleep too as well, most times I've slept and I find it a lot difficult to sleep Is the headache troubling or can you characterize how the headache is? I don't even know how to characterize it, I just know my head used to pain Any palpitations? Do you hear your heart beating while at rest? Sometimes when the headache gets severe I feel my heart beating a lot You also complained of poor sleep you find it difficult to sleep too al jate seri akman akve ap xok a seman Oh kap san a peny Ok jat also konpilnse mwen chan apan pou slipe E te mwen nan slipe akman mwen slipe A oray, anj rade chanpe? Nou, anj rade chanpe akman mwen slipe. Anj leg svelen? Chanpe hwen sil yon leg ap svelen me sase? Nou, nou atan mwen svelen. Anj lise mwen chanpe? Nou, anj lise mwen chanpe akman mwen sase. wò abòt tanèm panòk atèm? wò pou anè kèn di, anè kèp danè bi! anè kèp , anè kèp nan? wò, nan a kèp nan, anè ndò anè lom. anè do yo notise mèbi mwè apè kèm anè pòm anèm lòm mwen apè kèm pou ta kèp vèk? anè pou nè kèp wèk! O, ake! anè, menkèm anè. anè te ou anè kronik nè sè? anè apè tansif? anè anè anàpèm? nè wò, anè amòn apèm. any family shreve apatensyon in your patient in your family rada no yes my i was told my mom my mom had apatensyon and my dad actually has DMC so i think yes okay so you have family shreve apatensyon and diabetes yes yes okay all right so asides the elevated BP and the Ako menyon konplem? Ako menyon konplem anwen? Non akol Akol anwen konvemen akon Ok se anwen konvemen akon Anwen anwen Non anwen Mwenye vishyon anwen Non anwen avon zi So a yon avon a yon feeling dizi No am non Is yon visyon blore No not at all You not convulsed at any point And you've not lost consciousness as well? At all. Ok, what about any abdominal pain? No, I'm fine. Ok, ok. Any vomiting, any diarrhoea? No, not at all. Ok. Ok, so an genel examinasyon, patient is midiwaged man, not pale, aneterik, esayano, not dehydrated, no pediatri mat. On kardovaskular examinasyon, ne post rate is 86 beats per minute, is full and regular. Di BP is 162 hundred millimeter mercury. Out sounds S1 and S2 only. On chest examinasyon, respiratory rate is about 18 saccou per minute. Breast sounds are vascular or non-long zones, no added sounds. Abdominal examinasyon, nou abnormality deteted. So, bason dis finding, bason dis history yi koum me an, examinasyon yi koum me, it is suggesti dat yi ap esensyal ou primary hypertension As is hypertension that um um does not have a secondary cause it just happens on its own and you obviously have the risk factors you mentioned you have um your mom is a potential so that's can be closer to being a potential as well so so um so what we'll do is we'll run some basic investigations a full blood count a fast in a peak profile ecg and echo we also check your blood sugar so to be sure that you're not diabetic and then place you on an anti-hypertensive we'll start with um um we'll start with them cash on channel blockers and then and their sandwiches that's probably i'm not the pain and this you know you can start with 10 milligram each and as it goes you let us know you are this figure at home right yes i do okay so you can monitor your block result on checking yourself also lifestyle modification reduce your salts lloge, ndante, trachea, atlanta, tonulue. Share masumate, do not drink? Sosnwep bise fukare. Sifari oman dange dito a sanye, dana nyiri di yo, a man nyiri lukor lukor, dante sewa oklon dina biwara dito, auf hudu bie ndante ziyu hudu fiyaro. Sifari mariyan!","Good afternoon. How are you doing? My name is Dr. Okenla. Welcome to the clinic today. Thank you very much Okay, so what's the name? Yeah I'm Ifeoluwa okay, What brought you to the clinic today? Yeah, I went for an outreach and they told me that my blood pressure was found to be elevated, so I was told to come to the clinic So what was the value they told you when you went for your outreach ? They told me it's about 170/100 Oh, that's quite high, That's quite high.l So what do you do? I'm a teacher. Are you married? Yes, I am Okay, Are you a Christian? Yeah, I'm a Christian Okay, so any history of, you know, headache? Yes, I started having headache some days ago Okay, Are you presently having headache? Yes, I am, but slight kind of Okay, Is it one-sided or generalized? Generalized actually mostly in my head And I also noticed that I do not sleep too as well, most times at night I find it alot difficult to sleep Ohh okay any is the headache throbbing or can you characterize how the headache is ? Is like I don't know even know how to characterize I just know my head use to pain me Okay any palpitations like do you hear your heartbeating loud while At sometimes when the headache gets severe I feel my heart beating a lot Ohh your heart beat fast Yeah Okay you also complained of poor sleeping you find it difficult to sleep too Yeah lately I have not been sleeping So any chest pain are you having any chest pain No my chest is not paining me not at all You are not any leg swelling have you noticed your legs have swollen up recently? No not at all they have not swollen up Any difficulty in breathing you find it difficult to breathe? No I breathe as Okay, What about calf pain? Pain around the leg? No Any cough? Are you coughing? No I'm not coughing. Now it's fine Okay And do you notice maybe while sleeping at night, you have to suddenly wake up to catch your breath? I didn't even sleep Okay, okay. You mentioned that too So, do you have any chronic illness? Are you hypertensive? Are you diabetic , asthmatic? No, I'm not hypertensive. I'm not diabetic. Okay. Any family history of hypertension in your patient In your family, rather? No. Yes I was told my mom, my mom had hypertension even My dad actually had it yes Okay, so your family is of hypertension and diabetes Yes yes Okay All right. So asides the elevated BP and the complaints I've mentioned, is there anything, other complaints you want to tell me? So not at all. Actually, So you are having Are you feeling dizzy? No am not Is your vision blurry? No not at all You've not convulse at at any point? And you've not lost consciousness as well No at all Okay. What about any abdominal pain? No, I don't have any Okay Any vomiting? Any diarrhea? No, not at all [Speaker ] Alright So I'll be examining you alright no problem alright so on general examination, the patient is middle-aged man not pale anicteric edema On cardiovascular examination, the pulse rate is 86 BPM is full and regular .The BP is 162/ 100 mmHg Heart sounds S1 and S2 only. On chest examination, respiratory rate is about 18 cycle per minute. Breath sounds are vesicular on all lung zones, no added sounds. On abdominal examination, no abnormalities detected. So based on these findings, based on the history you told me and the examination you told me, it is suggested that you have essential or primary hypertension, that is hypertension that does not have a secondary cause. It just happens on its own and you obviously have the risk factors. You mentioned you have your mom is hypertensive, so that can predispose you to being hypertensive as well too, So what we'll do is we'll run some basic investigations, full blood count, a profile, ECG, and echo. We'll also check your blood sugar as well to ensure that you're not diabetic. And then placed you on anti-hypertensive we'll start with calcium channel blockers and then an ACE inhibitors thats will preferably Amlodipine and isnopril You can start with 10 milligrams each, then as it goes, we let us know. You have a sphyg at home, right? Yes, I do. Okay, so you can monitor your blood pressure at home, check it yourself. Also lifestyle modification, reduce your salt intake. exercise, you don't drink, you don't smoke. Sometimes I usually drink ooo Okay now reduce that as well reduce fatty intake and yeah, with that we believe that your blood pressure should be well controlled, and when the results are out, we also review the results thank you very much alright thank you",7.0,0.5566,0.3682,0.6618,0.3971,
data/clips/pidgin_07.wav,pidgin-english,afriswitchcare,assemblyai-universal,"Um, good afternoon. How are you doing? My name is Dr. Okinla. Welcome to the clinic today. Thank you very much. Okay, so what's the name? Yeah, um, okay. Um, what brought you to the clinic today? Yeah, I went for an outreach and they told me they did my blood pressure and it was found to be elevated, so I was told to come to the clinic. Oh, okay. So what was the value they told you it was when you went for your outreach? Uh, they told me it's about 1,700. Okay, that's quite high. That's quite high. So, um, what do you do? I'm a teacher. Are you married? Yes, I am. Okay, well, are you a Christian? Yeah, I'm a Christian. Okay, so any history of, you know, headache? Yes, I started having headaches some days ago. Are you presently having headache? Yes, I am. But slight kind of. Is it one-sided or generalized? Generalized, actually. It's mostly my head. I also noticed that I could not sleep too as well. Most times I find it a lot difficult to sleep. Oh, okay. Any, um, is the headache throbbing, or can you characterize how the headache is? I don't even know how to characterize it. I just know my head used to pain me. Oh, okay. Any palpitations, like do Do you hear your heart beating loud while at rest? Sometimes when headache gets severe, like, I feel my heart beating a lot. Oh, you have a bit fast. Okay, okay. Also complained of, um, poor sleep. You find it difficult to sleep too? Yeah, it's immediately that I'm normally sleeping. All right, so any chest pain? Are you having any chest pain? No, my chest is okay. You are not— any leg swelling? Have you noticed your leg have swollen of recent? No, not at all. Any difficulty in breathing? You find it difficult to breathe? Okay. What about, um, calf pain? Pain around the leg? No, I get a hot water bag. Any cough? Are you coughing? No, I'm not coughing. That is fine. It is fine there. Oh, okay. And do you notice maybe while sleeping at night you have to suddenly wake up to catch your breath? I do not sleep. Oh, okay, okay. You mentioned that too. So do you have any chronic illness? Are you hypertensive? Are you diabetic? No, I'm not asthmatic. I'm not diabetic. Oh, okay. Any family history of hypertension in your patients— in your family rather? No. Um, yes, my— I was told my mom, my mom had hypertension, and I think my dad actually has DM too. So I think yes. Oh, okay. So you have families of hypertension and diabetes? Yes. Okay, all right. So asides the elevated BP and the complaint I've mentioned, is there anything other complaint you want to tell me? No, not at all. Actually, I wouldn't have come if they didn't tell me to come for meeting. So are you having— are you feeling dizzy? No, I'm not. Is your vision blurry? No, not at all. You've not convulsed at any point? And you've not lost consciousness as well? Okay, okay. What about any abdominal pain? Any— okay, okay. Any vomiting? Any diarrhea? No, not at all. Okay. All right, so I will be examining you. All right, all right. So on general examination, patient is a middle-aged man, not Pale, anicteric, cyanosed, not dehydrated, no pedal edema. On cardiovascular examination, the pulse rate is 86 beats per minute, is full and regular. The BP is 160/100 mmHg. Heart sounds S1 and S2 only. On chest examination, respiratory rate is About 18 cycles per minute. Breath sounds are vesicular on all lung zones, no added sounds. An abdominal examination, no abnormalities detected. So based on these findings, based on the history you told me and the examination you told me, um, it is, it is suggested that you have essential or primary hypertension. That is hypertension that, um, um, does not have a secondary cause. It just happens on its own. And you obviously have the risk factors you mentioned. You have, um, your mom is hypertensive, so that can predispose you to being hypertensive as well. So, so, um, So what we'll do is we'll run some basic investigations, a full blood count, a fasting lipid profile, ECG, an echo. We'll also check your blood sugar as well to be sure that you're not diabetic, um, and then place you on an antihypertensive. We'll start with, um, um, we'll start with calcium channel blockers and then and ACE inhibitors. That's preferably amlodipine and lisinopril. You can start with 10 milligrams each, then as it goes, you let us know. You have a sphygmomanometer at home, right? Yes, I do. Okay, so you can monitor your blood pressure at home, checking your sphygmo. Also, lifestyle modification— reduce your salt intake, exercise. Um, you don't drink, you don't smoke? Uh, sometimes I usually drink. Okay, you can reduce that as well, reduce fatty intake. And yeah, with that, we believe that your blood pressure should be well controlled. And when the results are out, we also review the results. Thank you very much. All right, thank you.","Good afternoon. How are you doing? My name is Dr. Okenla. Welcome to the clinic today. Thank you very much Okay, so what's the name? Yeah I'm Ifeoluwa okay, What brought you to the clinic today? Yeah, I went for an outreach and they told me that my blood pressure was found to be elevated, so I was told to come to the clinic So what was the value they told you when you went for your outreach ? They told me it's about 170/100 Oh, that's quite high, That's quite high.l So what do you do? I'm a teacher. Are you married? Yes, I am Okay, Are you a Christian? Yeah, I'm a Christian Okay, so any history of, you know, headache? Yes, I started having headache some days ago Okay, Are you presently having headache? Yes, I am, but slight kind of Okay, Is it one-sided or generalized? Generalized actually mostly in my head And I also noticed that I do not sleep too as well, most times at night I find it alot difficult to sleep Ohh okay any is the headache throbbing or can you characterize how the headache is ? Is like I don't know even know how to characterize I just know my head use to pain me Okay any palpitations like do you hear your heartbeating loud while At sometimes when the headache gets severe I feel my heart beating a lot Ohh your heart beat fast Yeah Okay you also complained of poor sleeping you find it difficult to sleep too Yeah lately I have not been sleeping So any chest pain are you having any chest pain No my chest is not paining me not at all You are not any leg swelling have you noticed your legs have swollen up recently? No not at all they have not swollen up Any difficulty in breathing you find it difficult to breathe? No I breathe as Okay, What about calf pain? Pain around the leg? No Any cough? Are you coughing? No I'm not coughing. Now it's fine Okay And do you notice maybe while sleeping at night, you have to suddenly wake up to catch your breath? I didn't even sleep Okay, okay. You mentioned that too So, do you have any chronic illness? Are you hypertensive? Are you diabetic , asthmatic? No, I'm not hypertensive. I'm not diabetic. Okay. Any family history of hypertension in your patient In your family, rather? No. Yes I was told my mom, my mom had hypertension even My dad actually had it yes Okay, so your family is of hypertension and diabetes Yes yes Okay All right. So asides the elevated BP and the complaints I've mentioned, is there anything, other complaints you want to tell me? So not at all. Actually, So you are having Are you feeling dizzy? No am not Is your vision blurry? No not at all You've not convulse at at any point? And you've not lost consciousness as well No at all Okay. What about any abdominal pain? No, I don't have any Okay Any vomiting? Any diarrhea? No, not at all [Speaker ] Alright So I'll be examining you alright no problem alright so on general examination, the patient is middle-aged man not pale anicteric edema On cardiovascular examination, the pulse rate is 86 BPM is full and regular .The BP is 162/ 100 mmHg Heart sounds S1 and S2 only. On chest examination, respiratory rate is about 18 cycle per minute. Breath sounds are vesicular on all lung zones, no added sounds. On abdominal examination, no abnormalities detected. So based on these findings, based on the history you told me and the examination you told me, it is suggested that you have essential or primary hypertension, that is hypertension that does not have a secondary cause. It just happens on its own and you obviously have the risk factors. You mentioned you have your mom is hypertensive, so that can predispose you to being hypertensive as well too, So what we'll do is we'll run some basic investigations, full blood count, a profile, ECG, and echo. We'll also check your blood sugar as well to ensure that you're not diabetic. And then placed you on anti-hypertensive we'll start with calcium channel blockers and then an ACE inhibitors thats will preferably Amlodipine and isnopril You can start with 10 milligrams each, then as it goes, we let us know. You have a sphyg at home, right? Yes, I do. Okay, so you can monitor your blood pressure at home, check it yourself. Also lifestyle modification, reduce your salt intake. exercise, you don't drink, you don't smoke. Sometimes I usually drink ooo Okay now reduce that as well reduce fatty intake and yeah, with that we believe that your blood pressure should be well controlled, and when the results are out, we also review the results thank you very much alright thank you",15.178,0.2509,0.1596,0.4121,0.1984,
data/clips/pidgin_08.wav,pidgin-english,afriswitchcare,sahara-v2.5,,"Good morning ma and welcome to our clinic today My name na Dr. Arangsomwa and na me go dey attend to you today. So, wetin be your name madam? I'm Agnes Okoro Okay Mrs. Agnes welcome. How old are you, ma? I'm 58 years. Okay what do you do for work ma? I dey work for traffic I dey help for dis traffic warden Okay so you be traffic warden yes Alright ma so you don marry? Yeah am married. Okay any children? Yes Okay ma Okay, which address you dey stay ? I dey stay for 44 Ogbaloba Street, Ekpe. Okay You be Christian, Muslim or which religion you dey practice? I be christian Okay which tribe you dey from? I be Igbo ooo Alright Okay thank you very much ma. So what brings you to the hospital today? Um, I dey feel this knee pain na why I come here come reports Okay you say you dey feel this knee pain. This knee pain wey you dey feel, when e start? About two, yeah, two weeks ago. Okay do you noticed it on both knees? Yes yes Okay E first start for the right knee before e now move to the left one Okay, okay. How e take start? Shey e just start suddenly abi you start to dey notice am over some time? it was suddenly, just suddenly it just starts. Okay dis pain we dey do you, how you go describe the pain? Is it aching? Is it peppery? Is it itchy? Is it burning? Is aching yes the pain is aching always paining okay I say make you score this pain on a scale of 0 to 10 . 0 means say e no dey pain you at all 10 means say, the pain dey very, very, very painful say you no feel hold am Which score you go give am? I go give am like 6/10 Okay alright sorry about that so You get any other part of your body wey dey pain you? Okay. You get anything wey you dey do wey dey make dis pain worse? Dey always worse when I dey Waka l I dey work or I dey run that's when the pain becomes intense Okay you get anything wey you dey do wey dey give you any form of relief? No Okay. Shey e get anytime of the day wey dis pain dey worse ? Yes, for early morning morning time. Okay alright sorry about that ma Okay do you hear any cracking sounds maybe when you move your knee? Not frequently, just occasionally. Okay okay You fall, you use dat leg fall or something hit you for dat leg? No Okay you notice any swelling or say your leg no dey as it take be before? No no no Okay have you noticed any redness over the area of your knee? No Okay alright ma so have you noticed any fever? No No Okay any headache? No Okay since wen dis pain start e get any drug wey you dey use? I use, I dey use ibu Ibuprofen? Ibuprofen Yes Okay Has that been helpful? Little relief Okay alright ma so you get hypertension before dey don ever tell you say your BP go high? Yes. Okay na how many years you don get dis hypertension? 10 years now. Okay so you get any drug wey you dey use? Dem prescribe Amlodipine so na wetin I dey use everytime be dat okay so dis amlodipine wey you dey use shey na 5 milligram or 10 milligrams 10 10 mg Okay you dey always check your BP every day for house Yes Okay like wetin e dey always read? Sometimes 120/80, sometimes 130/70. Okay alright do you drink or smoke ma? No, I don't. Okay are you diabetic? No, I'm not. Okay, do you have ulcer? No. Okay, so you no dey drink alcohol at all? No I don't take alcohol And you no dey smoke? Okay what of herbs all dis agbo you dey always dey take those ones ? I dey take dat one once in a while sha not everytime Okay alright say you get any other thing wey you want complain about? No. Okay so on examination, she's conscious, she's not in obvious painful distress. She's afebrile with a temperature of 37.2 degrees Celsius She's not pale, she's anicteric, she's acynosed, she's not dehydrated. Her blood pressure na 120/80 millimeters of mercury. Her heart rate now 90 beats per minute. Her height na 1.56 meters and her weight na 70 kg On musculoskeletal examination, there were no obvious swellings or deformities. There was mild tenderness On the knees, bilaterally with crepitations and also reduced range of motion. So madam, based on these questions wey we don ask you and all the questions wey we don ask you, we get feeling say the likely diagnosis na arthritis, wetin we dey call osteoarthritis. So but to confirm the diagnosis and to rule out other differentials, we go like do some tests So I go send you now, you go go do some particular blood tests. Some of these blood tests include full blood count, some include some antibodies, wey go really help us know if na really osteoarthritis you get. Then you go also do X-rays of the knee, wey we see the knee wey dey pain you wella. Okay So after that, you come back to us and the treatment we will be able to give you both treatments that involve drugs and the ones that don't involve drugs. The ones that don't involve drugs will be more with exercises and some therapy that you can use, while the ones that involve drugs will be mostly for the around pain relief. So do you have any question now ? no I don't Doctor Alright, so thank you very much for your timeand bye-bye ma",,,,,,"Sahara upload failed for data/clips/pidgin_08.wav (status 400): {""data"":{},""message"":""insufficient balance to process the file"",""status"":""Error""}
"
data/clips/pidgin_08.wav,pidgin-english,afriswitchcare,whisper-large-v3-groq," Good morning ma, and welcome to our clinic today. My name is Dr. Aarang Sonwa, and I'm going to attend to you today. So, what can be your name, madam? Hi, I'm Agnes Okoro. Okay, Mrs. Agnes, welcome. How old are you now? I'm 58 years. Okay, what do you do for work now? I work for traffic. I do health paradise traffic, traffic ward. Ok, so you'll be traffic warden? Yes. Alright, ma. So you don't marry? Yes, I'm married. Ok. Any children? Still with kids. Ok, ma. Ok, which address you will stay? I will stay for 44 Obaloba Street, Ekme. Ok. You'll be Christian, Muslim, or which religion you will practice? I'll be Christian. Ok. Which tribe you will stay from? I'll be Igbo. Alright. Ok, thank you very much, ma. So what brings you to the hospital today? I feel this knee pain. Now why I come with? You say you did feel this knee pain. This knee pain how you did feel? When you started? About two weeks ago. Ok. Do you notice it on both knees? Yes. It first start for the right knee. Before you start the left one. As can you start? Here you just start suddenly, you will then notice that I am over. Just suddenly. Just start. How would describe the pain Is it aching Is it peppery Is it itchy Is it burning It is aching yes The pain is aching pain is aching if i say you score this pain on a scale of zero to ten zero means say you know the pain you are at ten means say the pain the very very very painful say you know if you hold down which score you will give him i will give him like six six over ten okay all right sorry about that so you get any other part of your body with the pain you okay again it's a way to do it they make this pain worse they always was when i do work out and you walk or i do know that's when you think it comes intense okay and again it's already do we didn't give you any form of relief okay should you get any time of the day with this pain the worst yes for early morning morning time okay all right sorry about that okay do you hear any um cracking sound maybe when you move your knee not frequently just occasionally okay okay you fall use that leg fall or something can hit you for that leg okay you notice any swelling or say your leg not there as it did before okay have you noticed any redness over the area of your knee okay all right ma so have you noticed any fever okay any headache okay since when this pain starts you get any drug where you use I use ibuprofen Has that been helpful alright so em you get a hypertension before they don't ever tell you say your BP go high yes okay now how many years you don't get this hypertension 10 years now so you get any drug we do use prescribe okay this under the pin will they use in a 5 milligram or 10 milligram okay they always check your bp every day for us yes like what's in it you always read sometimes 120 over 80 sometimes alright do you drink or smoke I eat a bit sick okay do you have also okay so you know they drink a whole alcohol no i didn't take alcohol no you know this one okay what of herbs or this apple you always take those ones not every time okay all right so you get any other thing we won't complain about okay so on examination she's conscious she's not in obvious painful distress she's afebrile with a temperature of 37 degrees Celsius She not pure She an ecteric She asymptomatic She not dehydrated Her blood pressure is now 120 more than 28 millimetres of mercury and her heart rate is now 90 beats per minute Her height is now 1.56 metres, and her weight is now 70 kg. ਸੋ mė ʌda, ɖɎ ʌ ɔ ɦɑn ɟɟɴɪɨ, ɾɦ ɭɔ ɢɜɴ ɾɫ ɥে ɧɟɚ ɲɔ ɪ ə ɧɟɪɨ ɥɧ ɥɧ ɪ ɭɪ n ɪ ɛ ɪ ɛ ɛ ɨ ɡɨ ɪ ɪ ɪ ɪ ɨ ɑ ɪ ɪ ɪ ɑ ɪ ɪ ɪ ɦ ɪ ɪ ɓ ɪ ɪ ɪ ɪ ɪ ɪ ɪ ɪ ɪ ɪ ɪ  vieng throi ofkikorru mari dan w e mi mwen a re taw riy di kukro lini prio maje ki w nte nasikam piua ke ce li te kiongo aga ia ni ju janu a nuk u riy minion o nuk matke ni fina batoi ndaroi mu pio bilw, gwerith, tbh si kikikorru si kichgo chwe So do you have any question ma? No I don't Alright so thank you very much for your time And bye bye ma","Good morning ma and welcome to our clinic today My name na Dr. Arangsomwa and na me go dey attend to you today. So, wetin be your name madam? I'm Agnes Okoro Okay Mrs. Agnes welcome. How old are you, ma? I'm 58 years. Okay what do you do for work ma? I dey work for traffic I dey help for dis traffic warden Okay so you be traffic warden yes Alright ma so you don marry? Yeah am married. Okay any children? Yes Okay ma Okay, which address you dey stay ? I dey stay for 44 Ogbaloba Street, Ekpe. Okay You be Christian, Muslim or which religion you dey practice? I be christian Okay which tribe you dey from? I be Igbo ooo Alright Okay thank you very much ma. So what brings you to the hospital today? Um, I dey feel this knee pain na why I come here come reports Okay you say you dey feel this knee pain. This knee pain wey you dey feel, when e start? About two, yeah, two weeks ago. Okay do you noticed it on both knees? Yes yes Okay E first start for the right knee before e now move to the left one Okay, okay. How e take start? Shey e just start suddenly abi you start to dey notice am over some time? it was suddenly, just suddenly it just starts. Okay dis pain we dey do you, how you go describe the pain? Is it aching? Is it peppery? Is it itchy? Is it burning? Is aching yes the pain is aching always paining okay I say make you score this pain on a scale of 0 to 10 . 0 means say e no dey pain you at all 10 means say, the pain dey very, very, very painful say you no feel hold am Which score you go give am? I go give am like 6/10 Okay alright sorry about that so You get any other part of your body wey dey pain you? Okay. You get anything wey you dey do wey dey make dis pain worse? Dey always worse when I dey Waka l I dey work or I dey run that's when the pain becomes intense Okay you get anything wey you dey do wey dey give you any form of relief? No Okay. Shey e get anytime of the day wey dis pain dey worse ? Yes, for early morning morning time. Okay alright sorry about that ma Okay do you hear any cracking sounds maybe when you move your knee? Not frequently, just occasionally. Okay okay You fall, you use dat leg fall or something hit you for dat leg? No Okay you notice any swelling or say your leg no dey as it take be before? No no no Okay have you noticed any redness over the area of your knee? No Okay alright ma so have you noticed any fever? No No Okay any headache? No Okay since wen dis pain start e get any drug wey you dey use? I use, I dey use ibu Ibuprofen? Ibuprofen Yes Okay Has that been helpful? Little relief Okay alright ma so you get hypertension before dey don ever tell you say your BP go high? Yes. Okay na how many years you don get dis hypertension? 10 years now. Okay so you get any drug wey you dey use? Dem prescribe Amlodipine so na wetin I dey use everytime be dat okay so dis amlodipine wey you dey use shey na 5 milligram or 10 milligrams 10 10 mg Okay you dey always check your BP every day for house Yes Okay like wetin e dey always read? Sometimes 120/80, sometimes 130/70. Okay alright do you drink or smoke ma? No, I don't. Okay are you diabetic? No, I'm not. Okay, do you have ulcer? No. Okay, so you no dey drink alcohol at all? No I don't take alcohol And you no dey smoke? Okay what of herbs all dis agbo you dey always dey take those ones ? I dey take dat one once in a while sha not everytime Okay alright say you get any other thing wey you want complain about? No. Okay so on examination, she's conscious, she's not in obvious painful distress. She's afebrile with a temperature of 37.2 degrees Celsius She's not pale, she's anicteric, she's acynosed, she's not dehydrated. Her blood pressure na 120/80 millimeters of mercury. Her heart rate now 90 beats per minute. Her height na 1.56 meters and her weight na 70 kg On musculoskeletal examination, there were no obvious swellings or deformities. There was mild tenderness On the knees, bilaterally with crepitations and also reduced range of motion. So madam, based on these questions wey we don ask you and all the questions wey we don ask you, we get feeling say the likely diagnosis na arthritis, wetin we dey call osteoarthritis. So but to confirm the diagnosis and to rule out other differentials, we go like do some tests So I go send you now, you go go do some particular blood tests. Some of these blood tests include full blood count, some include some antibodies, wey go really help us know if na really osteoarthritis you get. Then you go also do X-rays of the knee, wey we see the knee wey dey pain you wella. Okay So after that, you come back to us and the treatment we will be able to give you both treatments that involve drugs and the ones that don't involve drugs. The ones that don't involve drugs will be more with exercises and some therapy that you can use, while the ones that involve drugs will be mostly for the around pain relief. So do you have any question now ? no I don't Doctor Alright, so thank you very much for your timeand bye-bye ma",13.166,0.5361,0.381,0.6518,0.4064,
data/clips/pidgin_08.wav,pidgin-english,afriswitchcare,assemblyai-universal,"Good morning, ma, and welcome to our clinic today. My name now Dr. Aransongwa, and I'm going to attend to you today. So what be your name, madam? I am Agnes Okoro. Okay, Mrs. Agnes, welcome. How old are you now? I'm 58 years. Okay, what do you do for work now? Uh, they work for traffic I did traffic. Okay, okay, so you'll be traffic warden? Yes. All right, so you don't marry? Yeah, I'm married. Okay, any children? 3 kids. Okay, okay. Which address do they stay? I stay for 44 Obaloba Street. Okay, you be Christian, Muslim, or which religion do you practice? I be Christian. Okay, which tribe you from? I be Igbo. All right, okay, thank you very much, Matt. So what brings you to the hospital today? Um, I feel this knee pain. Now when I come here, come report. Okay, you say you feel this knee pain. This knee pain, where you feel? When it starts? About 2— yeah, 2 weeks ago. Okay, do you notice it on both knees? Yes, yes. Okay, first start for the right knee before you now move to the left one. Okay, okay. How you take start here? You just start suddenly? I'll be— you start, they notice I'm over sometimes. Suddenly, just suddenly, just start. Okay. This pain, where they do you, how you go describe the pain? Is it aching? Is it peppery? Is it itchy? Is it burning? It's aching. Yes, the pain is aching. If I say, may you score this pain on a scale of 0 to 10? 0 means say You know the pain you at all? 10 means say the pain, they very, very, very painful. So you know, feel hold down. Which score you go give him? I go give him like 6, 6 over 10. Okay. All right, sorry about that. So you get any other part of your body with the pain you? Okay. You get anything where they do it, they make this pain worse? They always worse when I work out, I walk, or I do run. That's when the pain becomes intense. Okay. Um, is there anything where they do— where they give you any form of relief? Okay. So you get any time of the day with this pain the worst? Yes, for early morning, morning time. Okay. All right, sorry about that. Okay. Do you hear any, um, cracking sounds maybe when you move your knee? Not frequently, just Occasionally. Okay, okay. You fall, use that leg fall, or something hits you for that leg? Okay. You notice any swelling, or say your leg not there as it take before? No, no, no. Okay. Have you noticed any redness over the area of your knee? No. Okay. All right, ma. So have you noticed any fever? No, no. Okay. Any headache? No. Okay. Since when this pain starts? You get any drug where they use? Um, I use, I use, um, ibuprofen. Ibuprofen? Yes. Okay. Has that been helpful? Um, so I need to redo. Okay. All right, ma. So, um, You get, um, hypertension before? They don't ever tell you, say your BP go high? Yes. Okay, now how many years you don't get this hypertension? 10 years now. Okay, so, um, you get any drug where they use? Then prescribe, um, amlodipine. So now it's like, now within like Okay, this amlodipine, where they use? Say now 5 milligrams or 10 milligrams? 10. Okay, they always check your BP every day for us? Yes. Okay, like waiting, they always read? Sometimes 120 over 80, sometimes 130 over 70. Okay, all right. Do you drink or smoke, ma? No, I don't. Okay, are you diabetic? No, I'm not. Okay, do you have ulcer? No. Okay, so you know they drink alcohol at all? No, I didn't take alcohol. I know this one. Okay, what of herbs or this agbo? They always take those ones once in a while, not every time. Okay, all right, so you get any other thing we won't complain about? No. Okay, so on examination, she's conscious. She is not in obvious painful distress she is afebrile with a temp of 37.2 degree Celsius she is not pale she is anicteric she is acyanosed she is not dehydrated her BP now 120/80 mmHg her HR now 90 bpm her height now 1.56 meters. And her weight now seventy kg. On musculoskeletal examination, there were no obvious swellings or deformities. There was mild tenderness on the knees bilaterally with crepitations and also reduced range of motion. So, madam, based on these questions where we don't ask you and all the questions where we don't. Ask you, um, we get feeling say the likely diagnosis now, um, arthritis, which they call osteoarthritis. Um, so but to confirm the diagnosis and to rule out other differentials, we could like do some tests. So I will send you now, you could go do some particular blood tests. Some of those blood tests include full blood count, some include some antibodies which will help us know if not really osteoarthritis, you get. And then, um, we also do x-ray of the knee where we see the knee where the pain is. So after that, you come back to us and the treatments will be able to give you both, um, treatments that involve drugs and the ones that don't involve drugs. The ones that don't involve drugs will be more of weight loss, exercising, and some therapy that you can use, while the one that involves drugs will be mostly whether they're around pain relief. So do you have any question, ma'am? No, I don't, doctor. All right, so thank you very much for your time and bye-bye, ma'am.","Good morning ma and welcome to our clinic today My name na Dr. Arangsomwa and na me go dey attend to you today. So, wetin be your name madam? I'm Agnes Okoro Okay Mrs. Agnes welcome. How old are you, ma? I'm 58 years. Okay what do you do for work ma? I dey work for traffic I dey help for dis traffic warden Okay so you be traffic warden yes Alright ma so you don marry? Yeah am married. Okay any children? Yes Okay ma Okay, which address you dey stay ? I dey stay for 44 Ogbaloba Street, Ekpe. Okay You be Christian, Muslim or which religion you dey practice? I be christian Okay which tribe you dey from? I be Igbo ooo Alright Okay thank you very much ma. So what brings you to the hospital today? Um, I dey feel this knee pain na why I come here come reports Okay you say you dey feel this knee pain. This knee pain wey you dey feel, when e start? About two, yeah, two weeks ago. Okay do you noticed it on both knees? Yes yes Okay E first start for the right knee before e now move to the left one Okay, okay. How e take start? Shey e just start suddenly abi you start to dey notice am over some time? it was suddenly, just suddenly it just starts. Okay dis pain we dey do you, how you go describe the pain? Is it aching? Is it peppery? Is it itchy? Is it burning? Is aching yes the pain is aching always paining okay I say make you score this pain on a scale of 0 to 10 . 0 means say e no dey pain you at all 10 means say, the pain dey very, very, very painful say you no feel hold am Which score you go give am? I go give am like 6/10 Okay alright sorry about that so You get any other part of your body wey dey pain you? Okay. You get anything wey you dey do wey dey make dis pain worse? Dey always worse when I dey Waka l I dey work or I dey run that's when the pain becomes intense Okay you get anything wey you dey do wey dey give you any form of relief? No Okay. Shey e get anytime of the day wey dis pain dey worse ? Yes, for early morning morning time. Okay alright sorry about that ma Okay do you hear any cracking sounds maybe when you move your knee? Not frequently, just occasionally. Okay okay You fall, you use dat leg fall or something hit you for dat leg? No Okay you notice any swelling or say your leg no dey as it take be before? No no no Okay have you noticed any redness over the area of your knee? No Okay alright ma so have you noticed any fever? No No Okay any headache? No Okay since wen dis pain start e get any drug wey you dey use? I use, I dey use ibu Ibuprofen? Ibuprofen Yes Okay Has that been helpful? Little relief Okay alright ma so you get hypertension before dey don ever tell you say your BP go high? Yes. Okay na how many years you don get dis hypertension? 10 years now. Okay so you get any drug wey you dey use? Dem prescribe Amlodipine so na wetin I dey use everytime be dat okay so dis amlodipine wey you dey use shey na 5 milligram or 10 milligrams 10 10 mg Okay you dey always check your BP every day for house Yes Okay like wetin e dey always read? Sometimes 120/80, sometimes 130/70. Okay alright do you drink or smoke ma? No, I don't. Okay are you diabetic? No, I'm not. Okay, do you have ulcer? No. Okay, so you no dey drink alcohol at all? No I don't take alcohol And you no dey smoke? Okay what of herbs all dis agbo you dey always dey take those ones ? I dey take dat one once in a while sha not everytime Okay alright say you get any other thing wey you want complain about? No. Okay so on examination, she's conscious, she's not in obvious painful distress. She's afebrile with a temperature of 37.2 degrees Celsius She's not pale, she's anicteric, she's acynosed, she's not dehydrated. Her blood pressure na 120/80 millimeters of mercury. Her heart rate now 90 beats per minute. Her height na 1.56 meters and her weight na 70 kg On musculoskeletal examination, there were no obvious swellings or deformities. There was mild tenderness On the knees, bilaterally with crepitations and also reduced range of motion. So madam, based on these questions wey we don ask you and all the questions wey we don ask you, we get feeling say the likely diagnosis na arthritis, wetin we dey call osteoarthritis. So but to confirm the diagnosis and to rule out other differentials, we go like do some tests So I go send you now, you go go do some particular blood tests. Some of these blood tests include full blood count, some include some antibodies, wey go really help us know if na really osteoarthritis you get. Then you go also do X-rays of the knee, wey we see the knee wey dey pain you wella. Okay So after that, you come back to us and the treatment we will be able to give you both treatments that involve drugs and the ones that don't involve drugs. The ones that don't involve drugs will be more with exercises and some therapy that you can use, while the ones that involve drugs will be mostly for the around pain relief. So do you have any question now ? no I don't Doctor Alright, so thank you very much for your timeand bye-bye ma",14.919,0.3042,0.1599,0.4636,0.2015,
data/clips/pidgin_09.wav,pidgin-english,afriswitchcare,sahara-v2.5,,"So Good afternoon ma and welcome to our hospital today my name na Dr. Adams and na me go dey attend to you today. So, madam what's your name ma? My name na favour Bassey. Okay How old are you ma? Am 28 years. Okay What do you do for work, ma? I be makeup artist. Okay Are you married? No am single. Okay Which address you dey live? I stay at 44 Mokola Street, Ekpe. Okay Which religion you dey practice? I be Christian. Okay Which tribe you dey from? I be ijaw. Ijaw Alright, thank you ma. So what brings you to the hospital today? I dey experience dis pain for my lower abdomen. Okay, lower abdominal pain, When did this pain start, ma? About 3 days ago yes 3 days ago. Okay alright ma. So when dis pain start, she im just start suddenly ni, abi you start to dey notice am small small ? Im starts suddenly. Okay Dis pain shey e dey ache you, abi it dey burn you abi pepper you? How you go describe dis pain? The Pain dey ache me. Okay Im dey ache you yes Okay if I say make you score this pain, say 0 na say make you know dey feel this pain at all, 10 be say you dey feel am con so they e dey disturb you which score you go give am? I go give am like 8 yes 8/10. Okay this pain wey you dey feel, you dey feel am for any other part of your body? No no no. Okay you get anything wey you dey do wey dey worsen dis pain?No okay E get anything wey you dey do wey dey relief the pain? No, no, no. Okay E get any part of the day wey you dey feel dis pain pass the usual? No. Okay Your body dey usually hot? Yes, I dey get dis kind fever But no be say e high like that ooo na just one kind low fever like that. Okay this temperature wey you dey get, shey na throughout the day the temperature go dey abi sometimes it will go up e go come down go go up e go come down? Errrhh im no dey static e go come e go go again Okay. Any nausea or vomiting? No, no, no. Okay. Any stooling? No. Okay You don notice say if you dey piss the pain e go dey pain you abi e go dey pepper you abi e go dey burn you as you dey piss ? No. Okay You don notice any abnormal vaginal discharge? Yes. Okay. When did you notice that one? 5 days ago, because I calculate am 5 days ago. Okay Wetin be the color of this discharge wey you notice? Mm, it be like green na Green color, yes. Greenish. Okay The discharge shey e dey smell? Yes e dey smell. Okay. Have you noticed any vaginal bleeding? No, no, no. I've not noticed it Okay. Okay. Shey e get any time wey you dey sleep with men wey you no use condom? Yes. Okay e get like how many men you dey follow sleep with before this thing start? About 3 to 5 Okay You don ever get the thing wey Dem dey call sexually transmitted infection before? No. Okay. Has there ever been a time where you used to insert maybe soap or sponge to wash inside your vagina? No. Okay you don ever use this things wey we dey call contraceptive before? No, I've not. Dey don ever insert any family planning for inside your vagina before? No. Okay You don do any abortion wey dey insert something inside your vagina before? No. Okay. So when was your last menstrual period? It was on 25th of February, dis year 2026 Okay you don hear wetin Dem dey call pap smear before? No. Okay you mean say dem never do pap smear for you before. No. Okay since dis symptoms wey you dey get start you don use anything? No. Okay Alright. So you get any other thing wey you want complain on about, apart from this lower abdominal pain? No. Okay Alright. So are you hypertensive? No, I'm not. Okay. Are you diabetic? No, I'm not. Okay, what about asthma? No, I'm not. Okay. What about peptic ulcer? No, I'm not. Okay. E don do any surgery for you before? No. Okay, do you drink alcohol? Yes, I take alcohol one or two bottles per Okay. Alright. What kind of alcohol do you take? I take beer. Okay. Alright. Do you smoke? No, I don't. Okay, what about herbal concoctions,agbo? Ahh I dey take am ooo Okay how you dey take that one? Like every three months sha once every three months. Alright. On examination she's a young female conscious and alert, febrile with a temperature of 38.2 degrees Celsius. She's not pale and anicteric is acyanosed not dehydrated no pedal edema. On abdominal examination the abdomen is dey full e dey move with respiration, there is tenderness in the right iliac fossa, but e no get any palpable organ enlargement. For speculum examination, I see say e get presence of mucopurulent discharge. For vaginal examination, she get cervical excitation tenderness and myoglobin finger dey stained with greenish discharge. So madam, based on all these questions wey we ask you wey I don ask you now, the likely diagnosis of wetin dey worry you na likely wetin Dem dey call pelvic inflammatory disease . But it fit also be appendicitis, it fit also be UTI, it fit also be vaginitis. So because of this, I go send you go do some tests. They go collect your blood sample. Them go collect your urine sample. They go collect samples from inside your vagina too. May we use use am do tests. Maybe see wetin dey cause the infection and the kind drugs wey we go use treat am. So after that, you go come back. We go use the results prescribe all the medications wey we need prescribe for you Okay, so do you understand that ma? Yes I do. Alright ma so thank you very much. Do you have any other questions? No, doctor. Alright, thank you very much. Thank you",,,,,,"Sahara upload failed for data/clips/pidgin_09.wav (status 400): {""data"":{},""message"":""insufficient balance to process the file"",""status"":""Error""}
"
data/clips/pidgin_09.wav,pidgin-english,afriswitchcare,whisper-large-v3-groq," So, good afternoon ma, and welcome to our hospital today. My name is Dr. Adams, and I'm going to attend to you today. So, madam, what's your name ma? My name is Fivo Basi. How old are you ma? I'm 28 years. What do you do for work ma? I'm a makeup artist. Are you married? No, I'm single. Which address do you live? I stay at 44 Mokola Street, Ekme. Okay. Which religion you did practice? I did Christian. Okay. Which tribe? I did Jew. Jew. Alright. Thank you ma. So what brings you to the hospital today? I experienced this pain for my lower abdomen. Okay. Lower abdominal pain. Okay. When did this pain start ma? About three days ago. Yes, three days ago. Okay, alright ma. So, when this pain starts, shey in just starts swadding the knee. Abii, shey start to notice I'm small, small. In start to swadding the knee. Okay. This pain, shey i dey ache you, abii i dey burn you, abii i dey pepper you. How you go describe this pain? The pain dey ache me. Okay, in dey ache you. Yes. Okay. I have to rate it around 8 out of 10. Do you feel it somewhere else, in your body? No, no Did you get any cream that made it worse No do with the wasn the spin no okay again it a way they do with the relief the pen no no no okay again the time of the day where you they feel this pain past the usual no okay your body they usually hurts yes and they get this time and fever but nobody say i like that too ... OK, it's because of the temperature of the food in this bag. We always taste, if the temperature is good. the heat goes up and goes down. Not enough? I will be back to normal level. Have we any nausea? or vomiting? No Stooling? No OK You don't notice if you did pierce equal the paper? No You do not notice any abnormal vaginal discharge? Yes When did you noticed that one? 5 days ago because I circulate five days ago What is the color of this discharge did not you notice? ན ཆ ༌ં? ང? see again if the way the sleep with men we you know use condo yes okay you can like a minimum you the photo take with before distance that's about three to five okay you don never get it already dijo sexually transmitted any family planning for inside your vagina before okay you don't do any abortion with the insert something inside your vagina before okay so when was your last menstrual period it was on the 25th of february this year okay okay you don't hear everything that they call pap smear before 傍or., okey, it means that they have never smear for you before, oh yes, the symptoms are really good that you don't use anything Oh okay all right see again a item we open the belt a path from this load of the nothing okay Alright. So, are you hypertensive? No, I'm not. Okay. Are you diabetic? No, I'm not. Okay. What about asthma? No, I'm not. Okay. What about peltic ulcer? No, I'm not. Okay. We don't do any surgery for you before? No. Okay. Do you drink alcohol? I take alcohol, one or two bottles per week. Okay. What kind of alcohol do you take? I take beer. Okay. Do you smoke? No, I don't. Okay What about hairball concoctions The ones they take I don smoke How do they take that one Like every three months yeah Once every three months Alright kono se o taroko do ki ye la tansafi o yo nyazor koro tsade ni a yon mika the yo yo te nio ya si ndiagetat and no pedal edema. On abdominal examination, the abdomen is full. It is moved with respiration. There is a tenderness in the right iliac fossa but you don't get any palpable organ enlargement. For speculum examination, we see, ICC, you get presence of mucoprurulent discharge. the condition of the dentist. For a vaginal examination, she received cervical excitation tenderness and my thinned finger with bruising. So Madam, based on these questions, they asked you, I won't ask now, the likely diagnosis of pain in the doctor's wrist, nd their recommended pelvic inflammatory disease. Well, may also also be appendicitis, ith yaw also be UTI, ith yaw also be vaginitis. So because of this I go send you go do some tests. They go collect your blood sample. They go collect your urine sample. They go collect sample from inside your vagina too. May we use a drug test. May we see what thing they cause the infection and the kind drugs where we go use through time. So after that we will come back. We will use the result prescribed or the medications where we need prescribed for you. বে বে বে বে বে","So Good afternoon ma and welcome to our hospital today my name na Dr. Adams and na me go dey attend to you today. So, madam what's your name ma? My name na favour Bassey. Okay How old are you ma? Am 28 years. Okay What do you do for work, ma? I be makeup artist. Okay Are you married? No am single. Okay Which address you dey live? I stay at 44 Mokola Street, Ekpe. Okay Which religion you dey practice? I be Christian. Okay Which tribe you dey from? I be ijaw. Ijaw Alright, thank you ma. So what brings you to the hospital today? I dey experience dis pain for my lower abdomen. Okay, lower abdominal pain, When did this pain start, ma? About 3 days ago yes 3 days ago. Okay alright ma. So when dis pain start, she im just start suddenly ni, abi you start to dey notice am small small ? Im starts suddenly. Okay Dis pain shey e dey ache you, abi it dey burn you abi pepper you? How you go describe dis pain? The Pain dey ache me. Okay Im dey ache you yes Okay if I say make you score this pain, say 0 na say make you know dey feel this pain at all, 10 be say you dey feel am con so they e dey disturb you which score you go give am? I go give am like 8 yes 8/10. Okay this pain wey you dey feel, you dey feel am for any other part of your body? No no no. Okay you get anything wey you dey do wey dey worsen dis pain?No okay E get anything wey you dey do wey dey relief the pain? No, no, no. Okay E get any part of the day wey you dey feel dis pain pass the usual? No. Okay Your body dey usually hot? Yes, I dey get dis kind fever But no be say e high like that ooo na just one kind low fever like that. Okay this temperature wey you dey get, shey na throughout the day the temperature go dey abi sometimes it will go up e go come down go go up e go come down? Errrhh im no dey static e go come e go go again Okay. Any nausea or vomiting? No, no, no. Okay. Any stooling? No. Okay You don notice say if you dey piss the pain e go dey pain you abi e go dey pepper you abi e go dey burn you as you dey piss ? No. Okay You don notice any abnormal vaginal discharge? Yes. Okay. When did you notice that one? 5 days ago, because I calculate am 5 days ago. Okay Wetin be the color of this discharge wey you notice? Mm, it be like green na Green color, yes. Greenish. Okay The discharge shey e dey smell? Yes e dey smell. Okay. Have you noticed any vaginal bleeding? No, no, no. I've not noticed it Okay. Okay. Shey e get any time wey you dey sleep with men wey you no use condom? Yes. Okay e get like how many men you dey follow sleep with before this thing start? About 3 to 5 Okay You don ever get the thing wey Dem dey call sexually transmitted infection before? No. Okay. Has there ever been a time where you used to insert maybe soap or sponge to wash inside your vagina? No. Okay you don ever use this things wey we dey call contraceptive before? No, I've not. Dey don ever insert any family planning for inside your vagina before? No. Okay You don do any abortion wey dey insert something inside your vagina before? No. Okay. So when was your last menstrual period? It was on 25th of February, dis year 2026 Okay you don hear wetin Dem dey call pap smear before? No. Okay you mean say dem never do pap smear for you before. No. Okay since dis symptoms wey you dey get start you don use anything? No. Okay Alright. So you get any other thing wey you want complain on about, apart from this lower abdominal pain? No. Okay Alright. So are you hypertensive? No, I'm not. Okay. Are you diabetic? No, I'm not. Okay, what about asthma? No, I'm not. Okay. What about peptic ulcer? No, I'm not. Okay. E don do any surgery for you before? No. Okay, do you drink alcohol? Yes, I take alcohol one or two bottles per Okay. Alright. What kind of alcohol do you take? I take beer. Okay. Alright. Do you smoke? No, I don't. Okay, what about herbal concoctions,agbo? Ahh I dey take am ooo Okay how you dey take that one? Like every three months sha once every three months. Alright. On examination she's a young female conscious and alert, febrile with a temperature of 38.2 degrees Celsius. She's not pale and anicteric is acyanosed not dehydrated no pedal edema. On abdominal examination the abdomen is dey full e dey move with respiration, there is tenderness in the right iliac fossa, but e no get any palpable organ enlargement. For speculum examination, I see say e get presence of mucopurulent discharge. For vaginal examination, she get cervical excitation tenderness and myoglobin finger dey stained with greenish discharge. So madam, based on all these questions wey we ask you wey I don ask you now, the likely diagnosis of wetin dey worry you na likely wetin Dem dey call pelvic inflammatory disease . But it fit also be appendicitis, it fit also be UTI, it fit also be vaginitis. So because of this, I go send you go do some tests. They go collect your blood sample. Them go collect your urine sample. They go collect samples from inside your vagina too. May we use use am do tests. Maybe see wetin dey cause the infection and the kind drugs wey we go use treat am. So after that, you go come back. We go use the results prescribe all the medications wey we need prescribe for you Okay, so do you understand that ma? Yes I do. Alright ma so thank you very much. Do you have any other questions? No, doctor. Alright, thank you very much. Thank you",13.524,0.5404,0.3808,0.6366,0.4038,
data/clips/pidgin_09.wav,pidgin-english,afriswitchcare,assemblyai-universal,"So good afternoon, ma, and welcome to our hospital today. My name now, Dr. Adams, and I'm going to attend to you today. So madam, what's your name? My name is— okay, how old are you, ma? I'm 28 years. Okay, what do you do for work, ma? I be makeup artist. Okay, are you married? No, I'm single. Okay. Which address you dey live? I stay at 44 Mokola Street, Ekpe. Okay, which religion you dey practice? I dey Christian. Okay, which tribe you dey from? I dey Ijaw. Ijaw. All right, thank you, ma. So what brings you to the hospital today? I experience this pain for my lower abdomen. Okay, lower abdominal pain. Okay. When did this pain start, ma? About three days ago. Yes, three days ago. Okay, all right, ma. So when this pain starts, she just starts suddenly knee. Abi, you start today notice some small small. It starts to suddenly. Okay, this pain, she i de aq. Abi i de burn you. Abi de pepper you. How you go describe this pain? The pain, they ache me. Okay, and they ache you? Yes. Okay, if I say make you score this pain, say 0, now say make you know they feel this pain at all, then they say they feel them gone, so they disturb you, which score you could give them? Um, I will give them like 8. Yes, 8 over 10. Okay, this pain, where they feel You feel them for any other part of your body? No, no, no. Okay. You get anything where they do with the worsen this pain? No. Okay. You get anything where they do where they relieve the pain? No, no, no. Okay. You get any time of the day where you feel this pain past the usual? No. Okay. Your body, they usually hurts? Yes. Fever. But no be say high like that though, just one kind low fever like that. Okay. This temperature where they get? She natural they did the temperature good day. I be sometimes it go go, it go go up, it go calm down, it go go up, it go calm down. You know they static. They go come go go again. Okay. Any nausea or vomiting? No, no, no. Okay. Any stooling? No. Okay. You don't notice if you the piss, the pain, it go de pain you, abi go de pepper you, abi go de burn you as you de piss? No. Okay. You don't notice any abnormal vaginal discharge? Yes. Okay. When did you notice that one? Five days ago because I calculated them. 5 days ago. Okay, um, what's gonna be the color of this discharge? We notice it'd be like green, green color, I guess greenish. Okay, the discharge, say the smell. Yes, the smell. Okay, um, have you noticed any vaginal bleeding? No, no, no, no, no. Okay, so you get any time where you sleep with men where you no use condom? Yes. Okay, you get like how many men you follow sleep with before this thing starts? About 3 to 5. Okay, um, you don't ever get the thing where they call sexually transmitted infection before? No. Okay, has there ever been a time where you used to insert maybe soap or sponge to wash inside your vagina? No. Okay, you don't ever use, and these things where they call contraceptive before? No, I've not. They don't ever insert any family planning for inside your vagina before? No. Okay, you don't do any abortion where they insert something inside your vagina before? Okay, so when was your last menstrual period? It was on the 25th of February this year. Okay, okay. You don't hear anything that they call pap smear before? No. Okay, it means they never do pap smear for you before? No. Okay, since these symptoms where you get start, you don't use anything? No. Okay. All right, so you get any other thing where you won't complain about apart from this lower abdominal pain? No. Okay, all right. So are you hypertensive? No, I'm not. Okay, are you diabetic? No, I'm not. Okay, what about asthma? No, I'm not. Okay, what about peptic ulcer? No, I'm not. Okay, you don't do any surgery for you before? No. Okay, um, do you drink, um, alcohol? Um, yes, I think I bought one or two bottles per week. Okay, all right. What kind of alcohol do you take? I take beer. Okay, all right. Do you smoke? No, I don't. Okay, what about, um, herbal concoctions? Okay, how you think they take that one? Like every 3 months, once every 3 months. All right, so on examination, she's a young female, conscious and alert, febrile with a temperature of 38.2 degrees Celsius. She's not pale, anicteric, acyanosed, not dehydrated, and no pedal edema. On abdominal examination, the abdomen, they full, they move with respiration. There is a tenderness in the right iliac fossa, but you don't get any palpable organ enlargement. For speculum examination, we see— I see, say You get presence of mucopurulent discharge. For vaginal examination, she gets cervical excitation tenderness, and my gloved finger distained with greenish discharge. So, madam, based on all these questions where we ask you— where I don't ask you now, uh, the likely diagnosis of waiting, they worry you now, likely What did they call pelvic inflammatory disease? But it also be appendicitis, it will also be UTI, it will also be vaginitis. So because of this, I go send you go do some tests. They go collect your blood sample, they go collect your urine sample, they go collect sample from inside your vagina too. Maybe use them do test, maybe see what thing they cause the infection and the kind drugs where we go use. Treat them. So after that, you will come back, we will use the results, prescribe, um, all the medications where we need prescribed for you. Okay, so do you understand that, ma? Yes, I do. All right, ma, so thank you very much. Do you have any other questions? No, doctor. All right, thank you very much. Thank you, sir.","So Good afternoon ma and welcome to our hospital today my name na Dr. Adams and na me go dey attend to you today. So, madam what's your name ma? My name na favour Bassey. Okay How old are you ma? Am 28 years. Okay What do you do for work, ma? I be makeup artist. Okay Are you married? No am single. Okay Which address you dey live? I stay at 44 Mokola Street, Ekpe. Okay Which religion you dey practice? I be Christian. Okay Which tribe you dey from? I be ijaw. Ijaw Alright, thank you ma. So what brings you to the hospital today? I dey experience dis pain for my lower abdomen. Okay, lower abdominal pain, When did this pain start, ma? About 3 days ago yes 3 days ago. Okay alright ma. So when dis pain start, she im just start suddenly ni, abi you start to dey notice am small small ? Im starts suddenly. Okay Dis pain shey e dey ache you, abi it dey burn you abi pepper you? How you go describe dis pain? The Pain dey ache me. Okay Im dey ache you yes Okay if I say make you score this pain, say 0 na say make you know dey feel this pain at all, 10 be say you dey feel am con so they e dey disturb you which score you go give am? I go give am like 8 yes 8/10. Okay this pain wey you dey feel, you dey feel am for any other part of your body? No no no. Okay you get anything wey you dey do wey dey worsen dis pain?No okay E get anything wey you dey do wey dey relief the pain? No, no, no. Okay E get any part of the day wey you dey feel dis pain pass the usual? No. Okay Your body dey usually hot? Yes, I dey get dis kind fever But no be say e high like that ooo na just one kind low fever like that. Okay this temperature wey you dey get, shey na throughout the day the temperature go dey abi sometimes it will go up e go come down go go up e go come down? Errrhh im no dey static e go come e go go again Okay. Any nausea or vomiting? No, no, no. Okay. Any stooling? No. Okay You don notice say if you dey piss the pain e go dey pain you abi e go dey pepper you abi e go dey burn you as you dey piss ? No. Okay You don notice any abnormal vaginal discharge? Yes. Okay. When did you notice that one? 5 days ago, because I calculate am 5 days ago. Okay Wetin be the color of this discharge wey you notice? Mm, it be like green na Green color, yes. Greenish. Okay The discharge shey e dey smell? Yes e dey smell. Okay. Have you noticed any vaginal bleeding? No, no, no. I've not noticed it Okay. Okay. Shey e get any time wey you dey sleep with men wey you no use condom? Yes. Okay e get like how many men you dey follow sleep with before this thing start? About 3 to 5 Okay You don ever get the thing wey Dem dey call sexually transmitted infection before? No. Okay. Has there ever been a time where you used to insert maybe soap or sponge to wash inside your vagina? No. Okay you don ever use this things wey we dey call contraceptive before? No, I've not. Dey don ever insert any family planning for inside your vagina before? No. Okay You don do any abortion wey dey insert something inside your vagina before? No. Okay. So when was your last menstrual period? It was on 25th of February, dis year 2026 Okay you don hear wetin Dem dey call pap smear before? No. Okay you mean say dem never do pap smear for you before. No. Okay since dis symptoms wey you dey get start you don use anything? No. Okay Alright. So you get any other thing wey you want complain on about, apart from this lower abdominal pain? No. Okay Alright. So are you hypertensive? No, I'm not. Okay. Are you diabetic? No, I'm not. Okay, what about asthma? No, I'm not. Okay. What about peptic ulcer? No, I'm not. Okay. E don do any surgery for you before? No. Okay, do you drink alcohol? Yes, I take alcohol one or two bottles per Okay. Alright. What kind of alcohol do you take? I take beer. Okay. Alright. Do you smoke? No, I don't. Okay, what about herbal concoctions,agbo? Ahh I dey take am ooo Okay how you dey take that one? Like every three months sha once every three months. Alright. On examination she's a young female conscious and alert, febrile with a temperature of 38.2 degrees Celsius. She's not pale and anicteric is acyanosed not dehydrated no pedal edema. On abdominal examination the abdomen is dey full e dey move with respiration, there is tenderness in the right iliac fossa, but e no get any palpable organ enlargement. For speculum examination, I see say e get presence of mucopurulent discharge. For vaginal examination, she get cervical excitation tenderness and myoglobin finger dey stained with greenish discharge. So madam, based on all these questions wey we ask you wey I don ask you now, the likely diagnosis of wetin dey worry you na likely wetin Dem dey call pelvic inflammatory disease . But it fit also be appendicitis, it fit also be UTI, it fit also be vaginitis. So because of this, I go send you go do some tests. They go collect your blood sample. Them go collect your urine sample. They go collect samples from inside your vagina too. May we use use am do tests. Maybe see wetin dey cause the infection and the kind drugs wey we go use treat am. So after that, you go come back. We go use the results prescribe all the medications wey we need prescribe for you Okay, so do you understand that ma? Yes I do. Alright ma so thank you very much. Do you have any other questions? No, doctor. Alright, thank you very much. Thank you",9.607,0.2759,0.145,0.4279,0.1799,
data/clips/pidgin_10.wav,pidgin-english,afriswitchcare,sahara-v2.5,,"test clip, SKIP SKIP SKIP",,,,,,"Sahara upload failed for data/clips/pidgin_10.wav (status 400): {""data"":{},""message"":""insufficient balance to process the file"",""status"":""Error""}
"
data/clips/pidgin_10.wav,pidgin-english,afriswitchcare,whisper-large-v3-groq," ཚཎ Қēnlát David.ནཛྷྲྀཆ, shë! ཧཎ ྴlẹ, ཛçẹ oynþ. o, ༓ ༆i ଟギ ës തə ʒg ɹat pwɔʊ. ฏ êt, brə. ok ok okey okey okey okey okey okey okey okey so what's an bring you containing today let's bring you and i don't want to me today is this ever happen before never happen at all before ok so when this thing take I was there for about four hours before I got there. How did everything happen? We were watching football after the final together with the family. We noticed that Winfield was on the right side of his body. Did you notice that he was on the left side of his body? Yes. Asay se yi nyo fin li kwen yon side o jibodi, anything wey sti apon tu an, be yi fito mi? E, bi shay amuti se yon obe yi sodi ni, nio just start yi dey fayn damaz, ne yi tok. O, okey, a kan also se se yon pat o bi se mout yin dey drip. Yes, exactly. O okey okey An bi for dis ti n se yin komple se yin get edik wey strong an Nici Ako nini ahiran Ako ahiran Ambilan Ambilan Ako ahiran Ambilan Niki kwenye yon kwa kwa a yon yon yon yon yon yon yon yon yon yon yon yon yon a, okey di di konvols, di di fowl down any loss of vision? nou, nou nou nou not atol yon si de si propaly a, yon si de si propaly nou nou konvols okey okey okey so Che, Baba get any Apatensyon, diabetes Yon gen apatensyon Yon gen apatensyon Ok Yon gen apatensyon Yon gen apatensyon Yon gen apatensyon Wow, ok, ok Anche yon baba dey use yon drug regulari? Yon nou dey use yon drug Anye doeson kom to klen ek regulari So aswel Anye nou dey use akon klinik Anye nou dey use akon klinik Akor ou tak akor ou smok sigret? Nye, akor ou tak akor ou smok sigret? Akor ou tak akor? Akor ou tak akor ou sak sigret? Sè anibodi dey fò yon fèmili wey don get atatak befo? E ton mi dey nou dat is fàra dayd of atatak. Besan dan wè an nou sabi anwen da peyon. Ok, ok, ok. Sò orayt. Is de any drug we wawade use regulari? Asay ze is regular anti-patensiv drug. No, no patensiv. Ose on any drug, and you no get any allergy? No, no get any allergy. No, ok. Ok so the next thing now I going to examine Bamba So on general examination patient is conscious not pale anecteric asian nose afebrile with a temperature of 36 degrees Celsius, not dehydrated, no pitta edema. On CNS examination, he is conscious of the GCS of high response of 5, verbal response of five motor response in the um right um um upper and lower limb is about three the rest of the limbs are five um i am about to function is normal there is um cranial nerve seven facial pulsing evidenced by dripping of the of the um mouth um okay all other examinations are normal there's also um the power is four by five not three over five um okay blood pressure um one sixty hundred the pulse rate is um is um 80 bits per minute respiratory rate is 12 seconds per minute breath sounds are vascular um you know on all long zones sp02 of 98 percent okay so um from the history and examination so far i think sivaba gets stroke really okay stroke ultimately cause stroke now cerebrovascular aspects that aspect and our own medical family that so and the and the issue is from the brain so you will need to do an urgent more contrast city scan as i stroke so if you they consider say about figure there with tumor a brain tumor because the brain too much so you can present this way so we'll do an urgent knock on the system to know exactly what is causing it and it also tells us the kind of stroke baba has because we get to we get different types of stroke two most common types are the hemorrhagic and the skin memorizing we say baba they bleed from inside brain escaping we say blood nourish the brain weather and even our tumor baba get this is this kind of job we also run some basic investigations to go do full blood count to know how about blood count we do is a lipid profile to check to do is electrician to check his kidney function as well so all these investigations will help us direct on what um next step of action should be so after this based on the results we We will start him on anti-pertensive, we will control his BP and then when the results are out, we will know the next line of action. But most importantly, we will have to control his BP now. And that's it. Do you have any questions? No, not at all. I can't understand what you said. No, okay. Alright, thank you very much. Alright.","test clip, SKIP SKIP SKIP",8.846,172.0,174.0,172.2,170.72,
data/clips/pidgin_10.wav,pidgin-english,afriswitchcare,assemblyai-universal,"Um, good afternoon. Um, I'm Dr. Kinla David. Welcome to our clinic. Yeah, thank you very much. I'm, I'm feeling full of water. I brought my dad to clinic today. Oh, okay. So, um, you are his son, right? Yes, Mama. I saw you before. Oh, okay, okay, okay. So what thing bring you come clinic today? Let me bring you and your dad come clean today. I don't lie, I just notice, um, say one side of his body, one side of his body just started getting weak. Has this ever happened before? Um, it has not happened before, not at all. Never happened at all before? Not at all. Okay, so when this thing take happen? Yeah, it actually happen 4 hours, just 4 hours before we got here. So if you give me how everything take happen. Yeah, we're actually watching football, um, after After final, together as a family, where we just notice weakness on his right side of his body. Oh, okay. Just notice, say, you know, feel lift one side of his body. Yes, exactly. Okay. Aside saying, you know, feel lift one side of the body, anything waste happen to him? We shall notice, say, all of a sudden, you know, just start to define them as me talk. Oh, okay. I can also say, say one part of his mouth in the droop. Yes, exactly. Oh, okay, okay. And before this thing Say he complain, say he get headache way stronger. Ah yes, so he talk, he talk before we start the match. Like the first time, he talk say he heard the bang. Okay, um, did he convulse? Did he fall down? Any loss of vision? No, not, not, not at all, not at all. You see, they see properly? Yeah, you see. And you know convulse? No, no convulse. No. Okay, okay. Okay, so she and Baba get any comorbidity like hypertension, diabetes? You know, get diabetes, but hypertension. Okay, so you don't reach how many years Baba don't get hypertension? Never pass 10 years. Wow, okay, okay. And she Baba, they use this drug regularly? You know, they use any drug, you know, they use. And he does not come to clinic regularly as well? I know they bring alcohol to me. I mean, nobody bring alcohol to me. Okay. Does he take alcohol? Does he smoke cigarettes? Ah, now when he smoke, he takes it a lot. Wow. Alcohol too? To take alcohol every day, I don't go like. So anybody there for your family where don't get heart attack before or where get something like this before? He told me then that his father died of heart attack. Aside that one, I know another person. Okay, it's all right. Um, is there any drug wherever they use regularly besides this, um, regular antihypertensive? No, not at all. He's on any drug and you don't get any allergy? No. Okay, okay. So the next thing now, I'm going to examine, um, Baba. So on general examination, patient is conscious. Not pale and icteric, acyanosed, afebrile with a temperature of 36 degrees Celsius, not dehydrated, no pedal edema. On CNS examination, his conscience with a GCS of eye response of 5, verbal response of 5, motor response in the right Um, upper and lower limb is about 3. The rest of the limbs are 5. Um, higher motor function is normal. There's, um, cranial nerve 7 facial palsy evidenced by drooping of the, of the mouth. Um, okay, all other examinations are normal. There's also, um, the power is 4/5, not 3/5. Um, okay, blood pressure, um, 160/100. The pulse rate is, um, is, um, 80 beats per minute. Respiratory rate is 12 cycles per minute. Breath sounds are vesicular, um, in all, on all lung zones. SpO2 of, um, 96. 8%. Okay, so, um, from the history and examination so far, I think see Baba get stroke. Really? Okay, no problem. Stroke, they call stroke now cerebrovascular accident, might be our own medical term in that. So the issue is from the brain, so you will need to do an urgent non-contrast CT scan. Aside stroke too, if they consider say Baba figure a tumor, a brain brain tumor, because the brain tumors too can present this way. So we'll do an urgent non-contrast scan to know exactly what is causing it, and it also tells us the kind of stroke Baba has, because we get to— we get different types of stroke. The 2 most common types are hemorrhagic and ischemic. Hemorrhagic, we say Baba dey bleed for inside brain. Ischemic, we say blood no reach the brain well. And if na tumor Baba get, this is this kind they do. We also run some basic investigations to go do full blood count to know how Baba full blood We'll do his lipid profile to check. We'll do his electrolyte rehydration to check his kidney function as well. So all these investigations will help us direct on what next step of action should be. So after this, based on the results, we'll start him on antihypertensive, we'll control his BP, and then when the results are out, we'll know the next line of action. But most importantly, we have to control his BP. Now. And, uh, yeah, and that's it. So do you have any question? No, not at all. I actually understand what you said. No? Okay. All right, thank you very much. All right.","test clip, SKIP SKIP SKIP",14.887,183.8,192.875,183.8,195.68,
data/clips/pidgin_11.wav,pidgin-english,afriswitchcare,sahara-v2.5,,"Good afternoon ma Welcome to the clinic today. My name na Dr. Williams and and na me go dey attend to you today. So wetin be your name? I am Deborah Enoh Okay How old are you ma? 35 years. Okay are you married? I'm not. Okay Which work you dey do? I be chef. Okay Where you dey stay? I stay at 33 Obafemi road, Oka. Okay What religion do you practice? I'm a Christian. Okay What tribe are you from? I'm Yoruba. Alright Miss Deborah, So wetin bring you come hospital today? I get cough frequent cough ooo . Okay. So this cough, since when you don notice am? Like 3 months ago or there about. Okay Apart from this cough shey e get any other thing wey dey do you? I also dey experience weight loss. Okay Since when you notice say you dey lose weight? One month, yes, one month ago. Yes. Okay So this cough wey you get wey start 3 months ago shey na gradually e start dey notice the cough abi suddenly you just start to dey cough. It has been gradual. Okay Since when e start, it don reduce abi e dey increase? E dey increase. Okay. So when you cough, does anything come out? Yes, this yellow yellow fluid Yes Okay am only seeing this yellow fluid Okay this yellowish thing wey you dey see E dey always smell? No, no, no. Okay, apart from this yellowish thing wey you cough commot you don cough out any other thing? I remember there was a time I saw blood in it I've observed Okay This cough wey you dey get, shey e get any time of the day wey the cough dey always worse pass? Ahh is always worse around that night, that night period, that night time. Okay have you noticed any chest pain? Yes. Yes. Okay. Is there anything you do that makes this chest pain worse? Immediately I cough or shortly after I cough, that's when it's always Okay You don notice say your body dey always hot at any time? Yes. Okay temperature. Okay, this temperature wey you dey get shey na very high temperature or you just notice say your body dey warm pass the usual? It's not very high just there Okay If you sleep for night you dey always sweat excessively? Ah, I dey always sweat ooo infact bed dey always soak as soon as I wake up Okay So this weight loss how you take sabi say you dey lose weight? You dey always check your weight? Abi how you take sabi. I no dey check my weight ooo but I notice say the clothes wey tight me before as I dey wear am before e come dey e no come no get fitting for my body again. Okay You dey always or you don ever drink milk wey they no process well or wey they no package well? Ah, I've never drank that. Okay so shey you fit remember whether them fully immunize when you dey small for pikin? I don't know about that. I don't about that. I can't say Okay Shey you don notice any headache? Not at all. Okay Dey always get neck pain or neck stiffness? Not at all. Okay E get anytime wey you dey get difficulty in breathing, or shey your breath dey always dey short. Yes. It happens. Okay. Shey e get anytime wey if you piss e go dey pain you as you dey piss or you they see blood for your piss. No, no, no. Okay. Have you noticed any abdominal pain or swelling? No, I've not experienced that. Okay. So, have they ever told you that you're hypertensive or diabetic? No, no, no. I'm not. Okay Have you been admitted before? No. They never admit you before? Okay. I have not been admitted. Shey you don use any drug for tuberculosis before? No. I have not I don't use any drug Okay They don do any surgery for you before? No. Okay When last you see your period? When did the first day wey you do your last period? On the 3rd of this month of February na when I see am. Na when you start your period be that yes. Okay E get any body for your family wey don get tuberculosis before? No. No. Okay shey na only you dey stay where you dey live? I stay alone yes. Okay Which kind house you dey live in? I dey stay for this room and parlour self contain Okay The room wey you dey sleep Gon gon how many windows dey that room? Two. Okay. Two opposite windows when you dey cook for house or when you they cook for all those your party which kind of equipment you dey use cook?shey na firewood or stove or gas? We dey use gas. Okay. So you no dey exposed to smoke from kerosene stove or firewood or anything like that. at all na gas we dey use . Okay Shey you don travel go anywhere recently? I traveled last week for a party And I was the one that catered for them. Okay For that party shey e get anybody wey dey cough wey you dey exposed to. because I stayed at different place so we stayed alone and the girl was coughing Okay But do you know if she was on any medication? No, no, no. Okay You dey always smoke anything? Ah, I dey smoke Yes. I dey smoke cigarette. Cigarettes Okay So for this cigarette wey you dey smoke like how many sticks you dey smoke per day ? If I can calculate it about 10 or so. Okay And you don reach how long wey you don dey smoke? About 10 years. 10 years from now. Okay Shey you dey always drink alcohol? Not really except when I just go for parties and social gatherings that's when I drink. Okay Okay Do you also take all these herbal mixtures like agbo? Ahh I take that frequently. Okay ma so are you currently on any drugs that you using No no any antibiotics that you are using? No Okay, is there any food, drug, or any substance that you are allergic to? No no no Okay alright, so thank you very much for your response all these questions wey I been dey asked you na to determine wetin the probable cause and probable diagnosis of wetin dey do you But before I examine you I want make you ask any questions dey wey you want ask me Ask me or any clarification or anything. I no get any question to ask. Alright Alright thank you very much. So on examination, na young female, she dey acutely ill-looking She no dey pale. Her temperature dey mildly elevated. Her temperature wey we measured with thermometer na 37.8 degrees Celsius. She no dey cyanosed. She no dey dehydrated. She no get finger clubbing. For the CNS examination, the neck dey supple dey negative. On chest examination, her respiratory rate was 20 cycles per minute. She had no chest wall deformities. They was symmetrical chest movement. The trachea was central and chest expansion was equal on both sides. The chest was dull to percussion and I heard crepitations on the upper zones of the lung bilaterally. So based on this examination finding wey I don do, and the history wey I don get from you the most likely diagnosis na pulmonary tuberculosis and we also get the differentials of pneumonia and chronic obstructive pulmonary disease. But to confirm this diagnosis, I'll be sending you for some tests. Some of them will require you to submit your saliva for them to test. You'll also do an X-ray, a chest X-ray, and they will take your blood also for some tests. So after this, we'll be able to see with the results to confirm if the diagnosis we have here is what you truly have. And after that, we'll be able to commence you on some medications that you'll be using for a period of time. So do you understand all this ma? I understand. Alright ma. Thank you very much for your time, and have a nice day, ma. Thank you",,,,,,"Sahara upload failed for data/clips/pidgin_11.wav (status 400): {""data"":{},""message"":""insufficient balance to process the file"",""status"":""Error""}
"
data/clips/pidgin_11.wav,pidgin-english,afriswitchcare,whisper-large-v3-groq," Good afternoon ma, welcome to the clinic today. My name is Dr. Williams and I am going to attend to you today. So what is your name? I am Deborah Ino. Okay. How old are you ma? 35 years. Okay. Are you married? I am not. Okay. Which work do you do? I am a chef. Okay. Where do you stay? I stay at 33 Obafemi Road, Boka. Okay. What religion do you practice? I'm a Christian. Okay. What tribe are you from? I'm Yoruba. Alright, Miss Deborah. So, what's in bringing you come hospital today? I get cough, frequent cough. Okay. So, this cough, since when you don't notice it? About three months ago and apart from this cough say you get another thing when they do you. I also experience weight loss. okay since when you notice that you lose weight? one month yes one month ago. yes okay so this coffee you get will start three months ago ਹোੰোੰোੰੰোੰোੰੋੰোੰোੰোরোੰোੰોੰੰোୋੰোੰোੰ ଍࠸েষী ಈি রোরোં. Chwet ṣîm. ṣinwèm ṣsigwèm ṣishkwè. Ṩi bwè wànawə, xo ewə ṣinwèm u əyəlù shkwè. Ka məfə ṣī, yu ṣi kiwè ni dòm teyẹ. Ғù, nwunhbân, ṣï ʾəi ʾiru ʾirùd. Ғù, nwunh bò ngii ʻi ʷirù ʿi ʷirùd. Ṩn. Ṩi ʾi kèi ʷirùj ṣitwè ʷirù ʺi ʷirù? they always smell no no no okay apart from this yellowish thing where you cough commotion you don't ever cough out any other thing i remember there was a time i saw blood in it okay this cough way they get so you get any time or detail with the cough they always was passed ah it always was Ok, have you noticed any chest pain? Yes. Is there anything you do that makes this chest pain worse Immediately I cough or shortly after I cough when it always intense Ok you don notice it in your body that your body always gets painful I always sweat too, in fact the bed always soak as soon as I wake up. okey So this weight loss how you take sabi say you do lose weight? You do always check your weight? How about you take sabi? I know they check my weight too but I notice the clothes weight tight me before. As I did wear arm it can't, they no can't get fitting for my body again. Okey Shei, you don't ever drink milk where there are no processed well, or where there are no packaged well? Ah, I've never drank that. Ok. So, Shei if you remember whether they fully immunise you when you taste small, what became? Ah. I don't know about that. I don't know about that. I can see. Shei, you don't notice any headache? ো ো,ো ো. They always get neck pain or neck stiffness? Not at all. You get any time where you difficulty in breathing or say your breath they always get short? Yes, it happens. Say you get any time where if you pees, it will pain you as you dey pees or you dey see blood for your pees? Ok. Have you noticed any abdominal pain or swelling? No, I have not experienced that. Ok. So, have they ever told you that you are hypertensive or diabetic? No, no, no. I am not. Ok. Have you been admitted before? No. They never admit you before? I have not been admitted. So, you don't use any drug for tuberculosis before? No. বনিরো বো বো ammm ... yaw yaw is 3 th of this month o February i say ham okey now an you start your period with a you get a new body for your family i tsa up si dght bi tsa up wi tan boni wang f nw wad nw ee lak rui ਸੀ ਸੀ wang? nw si dght bi shan siri nw si datin siwani si dght siwani si. si tsi ੋm ੋm siwani si ਸੋ fwor ੋm tsi mwos si yu siwani yi dwi yi ੋm wam siwak ਸবੀরੂੰ ਸ੍ব੆বੀ੍ਹੀ wood or stove or gas okay so you know they're exposed to smoke from kerosene stove or firewood or anything like that after okay so you don't travel go anywhere recently i traveled last week for um the party and i was one that took that for them okay for that partition again it but the way me hini ghamogla kivu? Ne kadho le! Mbona le gafec-li la nante zionganyara d'a mani. I kaia ninsegau dan ghe a mani gen. Ok! D'anyou di ye luhana nante ni tajani matati ki e? Ne nio. Ok! Le ban nini dajwa ki tomiko? Ha mani... Niti amini siokari. Siokari? So for these cigarettes where you smoke, like how many sticks you smoke per day? If I can calculate it, about 10 or so. Okay, and you don't reach how long where you don't smoke? About 10 years, 10 years from now. Okay, so you always drink alcohol? Not really, except when I just go for parties and social events as when I drink. Ok, do you also take all these herbal mixtures like Agbo? I take that frequently. Ok. So, are you currently on any drugs that you are using? No, no. Any drugs, any antibiotics that you are using? No. Ok. Is there any food, drug or any substance that you are allergic to? No, no, no. Ok. Alright, so thank you very much for your responses. All these questions we are going to ask you Now to determine What is the probable cause Probable diagnosis of what They do you But before I examine you she did acutely you looking she know the pew at temperature they mildly elevated at temperature when we measure with thermometer now 37.8 degrees celsius she know this her nose she know did you hydrate she know get finger clothing for the cns examination the neck this support Kenny and Brudzinski signed a negative. On chest examination, her respiratory rate was 20 cycles per minute. She had no chest wall deformities. There was symmetrical chest movement. The trachea was central. And chest expansion was equal on both sides. The chest was dull to percussion and I heard crepitations on the upper zones of the lungs bilaterally. So based on this examination findings, what I don't do and the history, what I don't get from you, the most likely diagnosis, reese's pulmonary tuberculosis and also that differentials of pneumonia and chronic obstructive pulmonary disease but to confirm this diagnosis of sending you for some tests some of them will require you to submit your saliva for them to test also joint x-ray HS x-ray and you take your blood also for some tests so after this we'll be able to confirm if the diagnosis we have here is what you truly have. And after that, we'll be able to commence you on some medications that you'll be using for a period of time. So do you understand all this, ma? I understand. All right, ma. Thank you very much for your time, and have a nice day, ma. Thank you.","Good afternoon ma Welcome to the clinic today. My name na Dr. Williams and and na me go dey attend to you today. So wetin be your name? I am Deborah Enoh Okay How old are you ma? 35 years. Okay are you married? I'm not. Okay Which work you dey do? I be chef. Okay Where you dey stay? I stay at 33 Obafemi road, Oka. Okay What religion do you practice? I'm a Christian. Okay What tribe are you from? I'm Yoruba. Alright Miss Deborah, So wetin bring you come hospital today? I get cough frequent cough ooo . Okay. So this cough, since when you don notice am? Like 3 months ago or there about. Okay Apart from this cough shey e get any other thing wey dey do you? I also dey experience weight loss. Okay Since when you notice say you dey lose weight? One month, yes, one month ago. Yes. Okay So this cough wey you get wey start 3 months ago shey na gradually e start dey notice the cough abi suddenly you just start to dey cough. It has been gradual. Okay Since when e start, it don reduce abi e dey increase? E dey increase. Okay. So when you cough, does anything come out? Yes, this yellow yellow fluid Yes Okay am only seeing this yellow fluid Okay this yellowish thing wey you dey see E dey always smell? No, no, no. Okay, apart from this yellowish thing wey you cough commot you don cough out any other thing? I remember there was a time I saw blood in it I've observed Okay This cough wey you dey get, shey e get any time of the day wey the cough dey always worse pass? Ahh is always worse around that night, that night period, that night time. Okay have you noticed any chest pain? Yes. Yes. Okay. Is there anything you do that makes this chest pain worse? Immediately I cough or shortly after I cough, that's when it's always Okay You don notice say your body dey always hot at any time? Yes. Okay temperature. Okay, this temperature wey you dey get shey na very high temperature or you just notice say your body dey warm pass the usual? It's not very high just there Okay If you sleep for night you dey always sweat excessively? Ah, I dey always sweat ooo infact bed dey always soak as soon as I wake up Okay So this weight loss how you take sabi say you dey lose weight? You dey always check your weight? Abi how you take sabi. I no dey check my weight ooo but I notice say the clothes wey tight me before as I dey wear am before e come dey e no come no get fitting for my body again. Okay You dey always or you don ever drink milk wey they no process well or wey they no package well? Ah, I've never drank that. Okay so shey you fit remember whether them fully immunize when you dey small for pikin? I don't know about that. I don't about that. I can't say Okay Shey you don notice any headache? Not at all. Okay Dey always get neck pain or neck stiffness? Not at all. Okay E get anytime wey you dey get difficulty in breathing, or shey your breath dey always dey short. Yes. It happens. Okay. Shey e get anytime wey if you piss e go dey pain you as you dey piss or you they see blood for your piss. No, no, no. Okay. Have you noticed any abdominal pain or swelling? No, I've not experienced that. Okay. So, have they ever told you that you're hypertensive or diabetic? No, no, no. I'm not. Okay Have you been admitted before? No. They never admit you before? Okay. I have not been admitted. Shey you don use any drug for tuberculosis before? No. I have not I don't use any drug Okay They don do any surgery for you before? No. Okay When last you see your period? When did the first day wey you do your last period? On the 3rd of this month of February na when I see am. Na when you start your period be that yes. Okay E get any body for your family wey don get tuberculosis before? No. No. Okay shey na only you dey stay where you dey live? I stay alone yes. Okay Which kind house you dey live in? I dey stay for this room and parlour self contain Okay The room wey you dey sleep Gon gon how many windows dey that room? Two. Okay. Two opposite windows when you dey cook for house or when you they cook for all those your party which kind of equipment you dey use cook?shey na firewood or stove or gas? We dey use gas. Okay. So you no dey exposed to smoke from kerosene stove or firewood or anything like that. at all na gas we dey use . Okay Shey you don travel go anywhere recently? I traveled last week for a party And I was the one that catered for them. Okay For that party shey e get anybody wey dey cough wey you dey exposed to. because I stayed at different place so we stayed alone and the girl was coughing Okay But do you know if she was on any medication? No, no, no. Okay You dey always smoke anything? Ah, I dey smoke Yes. I dey smoke cigarette. Cigarettes Okay So for this cigarette wey you dey smoke like how many sticks you dey smoke per day ? If I can calculate it about 10 or so. Okay And you don reach how long wey you don dey smoke? About 10 years. 10 years from now. Okay Shey you dey always drink alcohol? Not really except when I just go for parties and social gatherings that's when I drink. Okay Okay Do you also take all these herbal mixtures like agbo? Ahh I take that frequently. Okay ma so are you currently on any drugs that you using No no any antibiotics that you are using? No Okay, is there any food, drug, or any substance that you are allergic to? No no no Okay alright, so thank you very much for your response all these questions wey I been dey asked you na to determine wetin the probable cause and probable diagnosis of wetin dey do you But before I examine you I want make you ask any questions dey wey you want ask me Ask me or any clarification or anything. I no get any question to ask. Alright Alright thank you very much. So on examination, na young female, she dey acutely ill-looking She no dey pale. Her temperature dey mildly elevated. Her temperature wey we measured with thermometer na 37.8 degrees Celsius. She no dey cyanosed. She no dey dehydrated. She no get finger clubbing. For the CNS examination, the neck dey supple dey negative. On chest examination, her respiratory rate was 20 cycles per minute. She had no chest wall deformities. They was symmetrical chest movement. The trachea was central and chest expansion was equal on both sides. The chest was dull to percussion and I heard crepitations on the upper zones of the lung bilaterally. So based on this examination finding wey I don do, and the history wey I don get from you the most likely diagnosis na pulmonary tuberculosis and we also get the differentials of pneumonia and chronic obstructive pulmonary disease. But to confirm this diagnosis, I'll be sending you for some tests. Some of them will require you to submit your saliva for them to test. You'll also do an X-ray, a chest X-ray, and they will take your blood also for some tests. So after this, we'll be able to see with the results to confirm if the diagnosis we have here is what you truly have. And after that, we'll be able to commence you on some medications that you'll be using for a period of time. So do you understand all this ma? I understand. Alright ma. Thank you very much for your time, and have a nice day, ma. Thank you",16.254,0.4664,0.328,0.5498,0.35,
data/clips/pidgin_11.wav,pidgin-english,afriswitchcare,assemblyai-universal,"Good afternoon, ma. Welcome to the clinic today. My name is Dr. Williams and I'm going to attend to you today. So what will be your name? I am Deborah. I know. Okay, how old are you, ma? 35 years. Okay, are you married? I'm not. Okay, which work you do? I be chef. Okay, where you stay? I stay at 33 Obafemi Road, Boka. Okay, what religion do you practice? I'm a Christian. Okay, what tribe are you from? I'm Yoruba. All right, Miss Deborah, so what bring you come hospital today? I get cough. Frequent cough. Okay, so this cough, since when you don't notice her? Like 3 months ago or thereabouts. Okay, apart from this cough, she get any other thing where they do you? I also experience weight loss. Okay, since when you notice say you lose weight? One month. Yes, one month ago. Yes. Okay. So this cough where you get, we start 3 months ago. She now gradually you start to notice the cough. I'll be suddenly you just start with the cough. That's been gradual. Okay, since when you start, you don't reduce, I'll be they increase. They increase. Okay, so when you cough, does anything come out? Yes. This yellow, yellow fluid. Yes, I'm always seeing this yellow fluid in it. Okay, this yellowish thing where you see it, they always smell? No, no, no. Okay, apart from this yellowish thing where you cough, come on, you don't ever cough out any other thing? And I remember there was a time I saw blood in it. Okay, that's just the only thing. Okay, I've observed this cough where they get— should I get any time of the day where the cough, they always worse pass? Ah, it's always worse around that night, that night period, that nighttime. Okay, okay. Have you noticed any chest pain? Yes, yes. Okay, is there anything you do that makes this chest pain worse? Um, immediately I cough, or shortly after I cough. That's when it's always intense. Okay, you don't notice your body, they always hot at any time? Yes. Okay, you still have temperature? Okay, this temperature where they get, she's not very high temperature. You just notice your body, they warm past the usual? It's not very high, just there. Okay, if you sleep for nights, you always sweat excessively? Ah, they always sweat though. In fact, bed, they always soak. Okay, as soon as I wake up. Okay, so this weight loss, how you take sabi say they lose weight? They always check your weight? I know they check my weight too, but I notice say the clothes where it tight me before, as I wear them, it can't— they no can't get fitting for my body again. Okay. Say you always, or you don't ever drink milk where they no process well, or where they no package well? Ah, I've never drank that. Okay, so say if you remember whether they fully immunize you when you dey small for picking? Ah, I don't know about that. I don't know about that. I can't see. Say you don't notice any headache? Not at all. Okay. They always get neck pain or neck stiffness? Not at all. Okay. You get any time where they get, uh, difficulty in breathing, or say your breath, they always stay short? Yes, it happens. Okay. Say you get any time where if you piss It could pain you as you piss, or you see blood for your piss? No, no, no. Okay. Have you noticed any abdominal pain or swelling? No, I've not experienced that. Okay. So, um, have they ever told you that you are hypertensive or diabetic? No, no, no, I'm not. Okay. Have you been admitted before? No, they never admit you before. Okay, you don't use any drug for tuberculosis before? No. Okay, they don't do any surgery for you before? No. Okay, when last you see your period? When be the first day where you do your last period? Um, on the 3rd of this month of February. Now when I see him. Okay, now when you start your period with that. Okay, you get anybody for your family? We don't get tuberculosis before? No, no. Okay, Shane, only you, they stay where they live? I stay alone, yes. Okay, which kind of house should you live in? I did stay for this, um, room and parlor self-contained. Okay. The room where you sleep, Gongo, how many windows did that room? 2. Okay, 2 opposite windows. When you cook for house or when they cook for others, your party, which kind, um, equipment do they use cook? Chain of firewood or stove or gas? Would they use gas? Okay, so you know they're exposed to smoke from kerosene stove or firewood or Or anything like that? At all. Okay, so you don't travel, go anywhere recently? I traveled last week for, um, a party and I was the one that catered for them. Okay, for that party, should you get anybody with the cough where you— they're exposed to? Because I stayed at a friend's place. So we stayed alone and girl was coughing frequently. Okay, but do you know if she was on any medication? No, no, no. Okay, did they always smoke anything? Ah, how they smoke? Yes, they smoke cigarettes. Cigarettes. Okay, so for this cigarette, where they smoke, like how many sticks did they smoke per day? If I can calculate it About 10 or so. Okay, and you don't reach how long where you don't smoke? About 10 years, 10 years from now. Okay, so you always drink alcohol? Not really, except when I just go for parties and all social events. That's when I drink. Okay, do you also take all these herbal mixtures like abo? I take that frequently. Okay, so are you currently on any drugs that you are using? No, no. Any drugs, any antibiotics that you are using? No. Okay. Is there any food, drug, or any substance that you are allergic to? No, no, no. Okay. All right, so thank you very much for your responses. All these questions where I've been— they ask you now to determine Waiting the probable cause and probable diagnosis of waiting they do you. But before I examine you, I won't make you ask any question. Share any question they where you won't ask me for any clarification or anything. I no get any question to ask. All right, all right. Thank you very much, ma. So on examination Now young female, she dey acutely ill looking. She no dey pale. Her temperature dey mildly elevated. Her temperature when we measure with thermometer na 37.8 degrees Celsius. She no dey say her nose. She no dey dehydrated. She no get finger clubbing. For the CNS examination, The neck de supple, Kenigs and Brudzinski's sign de negative. On chest examination, her respiratory rate was 20 cycles per minute. She had no chest wall deformities. There was symmetrical chest movement. The trachea was central and chest expansion was equal. Equal on both sides. The chest was dull to percussion, and I heard crepitations on the upper zones of the lungs bilaterally. So based on these examination findings, what I done do, and the history What I don't get from you. The most likely diagnosis now, pulmonary tuberculosis, and we also get differentials of pneumonia and chronic obstructive pulmonary disease. But to confirm this diagnosis, I'll be sending you for some tests. Some of them will require you to submit your saliva for them to test. You also do an x-ray. A chest x-ray, and they will take your blood also for some tests. So after this, we'll be able to see with the results to confirm if the diagnosis we have here is what you truly have. And after that, we'll be able to commence you on some medications that you'll be using for a period of time. So do you understand all this, ma? I understand. All right, ma, thank you very much for your time and have a nice day, ma. Thank you.","Good afternoon ma Welcome to the clinic today. My name na Dr. Williams and and na me go dey attend to you today. So wetin be your name? I am Deborah Enoh Okay How old are you ma? 35 years. Okay are you married? I'm not. Okay Which work you dey do? I be chef. Okay Where you dey stay? I stay at 33 Obafemi road, Oka. Okay What religion do you practice? I'm a Christian. Okay What tribe are you from? I'm Yoruba. Alright Miss Deborah, So wetin bring you come hospital today? I get cough frequent cough ooo . Okay. So this cough, since when you don notice am? Like 3 months ago or there about. Okay Apart from this cough shey e get any other thing wey dey do you? I also dey experience weight loss. Okay Since when you notice say you dey lose weight? One month, yes, one month ago. Yes. Okay So this cough wey you get wey start 3 months ago shey na gradually e start dey notice the cough abi suddenly you just start to dey cough. It has been gradual. Okay Since when e start, it don reduce abi e dey increase? E dey increase. Okay. So when you cough, does anything come out? Yes, this yellow yellow fluid Yes Okay am only seeing this yellow fluid Okay this yellowish thing wey you dey see E dey always smell? No, no, no. Okay, apart from this yellowish thing wey you cough commot you don cough out any other thing? I remember there was a time I saw blood in it I've observed Okay This cough wey you dey get, shey e get any time of the day wey the cough dey always worse pass? Ahh is always worse around that night, that night period, that night time. Okay have you noticed any chest pain? Yes. Yes. Okay. Is there anything you do that makes this chest pain worse? Immediately I cough or shortly after I cough, that's when it's always Okay You don notice say your body dey always hot at any time? Yes. Okay temperature. Okay, this temperature wey you dey get shey na very high temperature or you just notice say your body dey warm pass the usual? It's not very high just there Okay If you sleep for night you dey always sweat excessively? Ah, I dey always sweat ooo infact bed dey always soak as soon as I wake up Okay So this weight loss how you take sabi say you dey lose weight? You dey always check your weight? Abi how you take sabi. I no dey check my weight ooo but I notice say the clothes wey tight me before as I dey wear am before e come dey e no come no get fitting for my body again. Okay You dey always or you don ever drink milk wey they no process well or wey they no package well? Ah, I've never drank that. Okay so shey you fit remember whether them fully immunize when you dey small for pikin? I don't know about that. I don't about that. I can't say Okay Shey you don notice any headache? Not at all. Okay Dey always get neck pain or neck stiffness? Not at all. Okay E get anytime wey you dey get difficulty in breathing, or shey your breath dey always dey short. Yes. It happens. Okay. Shey e get anytime wey if you piss e go dey pain you as you dey piss or you they see blood for your piss. No, no, no. Okay. Have you noticed any abdominal pain or swelling? No, I've not experienced that. Okay. So, have they ever told you that you're hypertensive or diabetic? No, no, no. I'm not. Okay Have you been admitted before? No. They never admit you before? Okay. I have not been admitted. Shey you don use any drug for tuberculosis before? No. I have not I don't use any drug Okay They don do any surgery for you before? No. Okay When last you see your period? When did the first day wey you do your last period? On the 3rd of this month of February na when I see am. Na when you start your period be that yes. Okay E get any body for your family wey don get tuberculosis before? No. No. Okay shey na only you dey stay where you dey live? I stay alone yes. Okay Which kind house you dey live in? I dey stay for this room and parlour self contain Okay The room wey you dey sleep Gon gon how many windows dey that room? Two. Okay. Two opposite windows when you dey cook for house or when you they cook for all those your party which kind of equipment you dey use cook?shey na firewood or stove or gas? We dey use gas. Okay. So you no dey exposed to smoke from kerosene stove or firewood or anything like that. at all na gas we dey use . Okay Shey you don travel go anywhere recently? I traveled last week for a party And I was the one that catered for them. Okay For that party shey e get anybody wey dey cough wey you dey exposed to. because I stayed at different place so we stayed alone and the girl was coughing Okay But do you know if she was on any medication? No, no, no. Okay You dey always smoke anything? Ah, I dey smoke Yes. I dey smoke cigarette. Cigarettes Okay So for this cigarette wey you dey smoke like how many sticks you dey smoke per day ? If I can calculate it about 10 or so. Okay And you don reach how long wey you don dey smoke? About 10 years. 10 years from now. Okay Shey you dey always drink alcohol? Not really except when I just go for parties and social gatherings that's when I drink. Okay Okay Do you also take all these herbal mixtures like agbo? Ahh I take that frequently. Okay ma so are you currently on any drugs that you using No no any antibiotics that you are using? No Okay, is there any food, drug, or any substance that you are allergic to? No no no Okay alright, so thank you very much for your response all these questions wey I been dey asked you na to determine wetin the probable cause and probable diagnosis of wetin dey do you But before I examine you I want make you ask any questions dey wey you want ask me Ask me or any clarification or anything. I no get any question to ask. Alright Alright thank you very much. So on examination, na young female, she dey acutely ill-looking She no dey pale. Her temperature dey mildly elevated. Her temperature wey we measured with thermometer na 37.8 degrees Celsius. She no dey cyanosed. She no dey dehydrated. She no get finger clubbing. For the CNS examination, the neck dey supple dey negative. On chest examination, her respiratory rate was 20 cycles per minute. She had no chest wall deformities. They was symmetrical chest movement. The trachea was central and chest expansion was equal on both sides. The chest was dull to percussion and I heard crepitations on the upper zones of the lung bilaterally. So based on this examination finding wey I don do, and the history wey I don get from you the most likely diagnosis na pulmonary tuberculosis and we also get the differentials of pneumonia and chronic obstructive pulmonary disease. But to confirm this diagnosis, I'll be sending you for some tests. Some of them will require you to submit your saliva for them to test. You'll also do an X-ray, a chest X-ray, and they will take your blood also for some tests. So after this, we'll be able to see with the results to confirm if the diagnosis we have here is what you truly have. And after that, we'll be able to commence you on some medications that you'll be using for a period of time. So do you understand all this ma? I understand. Alright ma. Thank you very much for your time, and have a nice day, ma. Thank you",15.695,0.2415,0.1378,0.3831,0.1685,
data/clips/igbo_00.wav,igbo-english,afriswitchcare,sahara-v2.5,,"00:01:50] : You can come in. : Okay, thank you sir. Alright, okay. Good afternoon Doc. Good afternoon, how are you doing? I'm fine, adị m mma. Alright, that's okay. You can come in and have a seat. Thank you Doc. Alright. So I just have a few questions for you, ok before we start Ok. Ok. Afa ole ka ịdị now? Adị m 28. Ok. Ọrụ Kedu ọrụ ị na-arụ now? M na-arụ ọrụ saloon, m na-akpa isi. Ok. Alright. Ịlụ ọ na di? Mba, alụ bee m di. Ok. Kee chọọchị. I na-ekpe chọọchị ka i na-ekpe Muslim? M na-ekpe chọọchị Ok and I wu onye Igbo naa? Ee. Alright, ok. And gị wu ihe ịji bia ụlọ ọgwụ taa? Afọ na-afụm ụfụ. Okpuru afọ m. Ok. When did the pain start? 3 days ago. Ok so how how does the pain feel to you? Is it a sharp pain, a dull pain, an aching pain? Aching pain. Ọ na-egbu m mgbu. Ok. Alright. Did it start gradually or all of a sudden? All of a sudden Ok. Alright, and the pain, does it go to either part of your body? Mba, mba. Alright, ok. On a scale of 1-10, if 1 is the smallest pain and 10 is the highest amount of pain. What pain score would you give this pain you're feeling now? 8 Ok. Alright. Is there anything you know that makes the pain better or worse No, no Ok, ok. That's alright. I na-enwe ahụ ọkụ? Ee, m na-enwe arụ ọkụ. Ok. I na-agbọ agbọ? Mba Ok. I na-enwe afọ ọsịsa? Mba Ok. Mgbe I na-anyụ mamịrị, ọ na-afụ gị ụfụ? Mba Ok. Are you having any discharge from your private part? Ee, ee. E notice mia 5 days ago Alright, ok. So in that discharge, does it have a bad smell? Ee, ọ na-esi isi Ok. And ọ na-acha green Alright, alright. Ok. Just a few more questions. Do you, I don't know. The next question is going to be a bit sensitive, but then, the information is necessary for me to arrive at a diagnosis alright? Ok. Ok, do you have a single sex partner or do you have multiple sexual partners? Multiple Ok, and do you use protection when you meet your partners? Mba. Alright. About your period now, when last did you see your period? 3 weeks ago Ok, ok. Alright, have you ever, have you ever had this type of problem before? No. No Ok. Has any hospital ever told you before that you have a sexually transmitted infection? Mba, no. Ok. Have you ever just stayed before and you just started having blood in your private part? Mba, mba. Alright, ok. Just a few more questions. Ok. Generally too, for your general health now, are you having any chest pain ? No Cough? No Ok. Now, what else, are you having any joint pain or weakness? No Alright. How about your eyesight? Are you seeing very well? Yes Ok, that's nice, ok. A chọọ m, a chọọ m ilere ahụ gị now, ok? Ok. So, I want you to just lie down briefly, let me just do a general examination of you, ok? Ok. If you feel any discomfort at any point in time, just let me know and I will stop, alright? Ok Alright, you can get up now. Alright, just a few more questions to ask you. Have you, have you been diagnosed of any medical condition in the past, have you ever been told if you have high blood pressure (hypertension) or diabetes? No Have you ever been told that you have ulcer? No Alright. Ok. Have you ever reacted to any drug in the past before? No. Ok. Are you currently taking any drug right now? No Ok. Alright, ok. So before I move on to what I'm suspecting that you have or do you have any questions for me ? No, no. I don't. Ok, alright. So from my examination of you and everything that you've told me. My suspicion is that you most likely have a sexually transmitted infection that has caused you to have what we call, a PID, that's a Pelvic Inflammatory Disease, that's when that sexually transmitted infection goes up to the internal organs, your female internal organs, that's your womb and your tubes. Now, it's just a suspicion, we'll have to still do some tests to confirm the disease and know which of the organism is causing the infection so we can treat it, ok? Ok. That's ok. So we're going to do a test for you. It's called the, a vaginal swab test. We're going to do a high vaginal swab test and a cervical swab test for you. So the culture test will be sent to the lab, the result will be out in 3-4 days. Then based on that result, we can treat, ok? Ok. You'll do a full blood count. So once you just check your general health and ensure that there's nothing else wrong with you. When we get the investigations, we will let you know. Then we'll let you know the treatment plan we have for you. Is that ok? Ok. It's alright. So, you can go to the lab. Thank you very much for coming to the hospital today. Thank you Doc, take care. Alright. Goodbye Bye-bye. .",,,,,,"Sahara upload failed for data/clips/igbo_00.wav (status 400): {""data"":{},""message"":""insufficient balance to process the file"",""status"":""Error""}
"
data/clips/igbo_00.wav,igbo-english,afriswitchcare,whisper-large-v3-groq," Can I come in? Yes, thank you sir. Alright, okay. Good afternoon, doc. Good afternoon, how are you doing? I am fine, how are you? Right, okay. You can come in and have a seat. Thank you, doc. Alright, so I just have a few questions for you, okay, before we start, hmm? Okay. Okay, how old are you now? I am 28. Okay. And, what is your name? My name is Aruna. Aruna, I am from Aruna, by the way. Okay. Okay, what is your name? My name is Keri. Okay, and what is your name? My name is Keri. My name is Keri. Okay, and what is your name? My name is Keri. I am a Muslim. Okay. Do you know the address? I don't know the address. Okay. What is your church? Are you a Muslim? Yes, I am a Muslim. Okay. How old are you? I am. Alright. Okay. And, what is your name? Afon Afon Musi. Afon Afon. Okay. When did the pain start? Three days ago. Okay. so how how how does the pain feel to you is it a sharp pain a dull pain and aching pain i am aching pain okay all right did it start gradually or all of a sudden all of a sudden okay all right and the pain does it go to another part of your body all right okay um so on a scale of one to ten if one is the smallest pain and ten is the highest amount of pain what pain score would you give this pain a feeling now 8 okay all right is is anything you know that makes the pain better or worse you know okay okay that all right you need me a hawk and a rock okay in our bubble Yes. Okay. Are you in a good mood? Yes. Okay. I am in a good mood. Yes. Okay. Are you having any discharge from your private parts? Yes. I have been having it for 5 days. Alright. Okay. So, that discharge, does it have a bad smell? Yes. Only a little. Okay. I don't have a bad smell. Alright. Alright. Okay, just a few more questions. Do you, I don't know, the next question is going to be a bit sensitive but the information is necessary for me to arrive at a diagnosis, alright? Okay. Do you have a single sex partner or do you have multiple sexual partners? Multiple. Okay. And do you use protection when you meet your partners? Yes. Alright. About your period now, when was the last time you saw your period? Three weeks ago. Okay, okay, alright. Have you ever had this type of problem before No Okay Has any hospital ever told you before that you have a sexually transmitted infection okay have you ever just stayed before and just there's some blood from your private parts just just a few more questions so generally for your general health now are you having any chest pain no cough no okay um what else are you having joint pains or weakness no all right how about your eyesight are you seeing very well yes okay that's all right okay after me after me let her hook you now okay so i want you to just lie down briefly don't just do a general examination of you okay okay feel discomfort at any point in time just let me know and I'll stop, alright? Okay. Alright. Alright. Just a few more questions to ask you. Have you been diagnosed with any medical condition in the past? Have you ever been told if you have high blood pressure, hypertension or diabetes? No. Have you been told that you have also? No. Alright, okay. Have you ever reacted to any drug in the past before? No. Okay Are you currently taking any drug right now No Okay Alright So before I move on to what I suspecting that you have do you have any questions for me? No, no, I don't. Okay, alright. So from my examination of you and everything that you've told me, my suspicion is that you most likely have a sexually transmitted infection that has caused you to have what we call a PID that's a pelvic inflammatory disease that's when that sexual transit infection goes up to the internal organs your female internal organs that's your wombs and your tubes okay now it's just a suspicion we'll have to still do some tests to confirm and if it is it know which organs are causing the infection so that we can treat it okay okay that's okay so i'm going to do a test for you um called the um a vaginal swab test so we're going to do a high vaginal soft test and a cervical soft test for you so it's a cultural test to be sent to the lab results will be asked in three to four days then based on that result you can treat okay okay do the full block cast first just check your general health and make sure that there's nothing else wrong with you when we get your investigations we'll let you know the treatment plan we have for you is that ok? thank you thank you very much for coming to the hospital today thank you doc, take care alright, goodbye bye bye","00:01:50] : You can come in. : Okay, thank you sir. Alright, okay. Good afternoon Doc. Good afternoon, how are you doing? I'm fine, adị m mma. Alright, that's okay. You can come in and have a seat. Thank you Doc. Alright. So I just have a few questions for you, ok before we start Ok. Ok. Afa ole ka ịdị now? Adị m 28. Ok. Ọrụ Kedu ọrụ ị na-arụ now? M na-arụ ọrụ saloon, m na-akpa isi. Ok. Alright. Ịlụ ọ na di? Mba, alụ bee m di. Ok. Kee chọọchị. I na-ekpe chọọchị ka i na-ekpe Muslim? M na-ekpe chọọchị Ok and I wu onye Igbo naa? Ee. Alright, ok. And gị wu ihe ịji bia ụlọ ọgwụ taa? Afọ na-afụm ụfụ. Okpuru afọ m. Ok. When did the pain start? 3 days ago. Ok so how how does the pain feel to you? Is it a sharp pain, a dull pain, an aching pain? Aching pain. Ọ na-egbu m mgbu. Ok. Alright. Did it start gradually or all of a sudden? All of a sudden Ok. Alright, and the pain, does it go to either part of your body? Mba, mba. Alright, ok. On a scale of 1-10, if 1 is the smallest pain and 10 is the highest amount of pain. What pain score would you give this pain you're feeling now? 8 Ok. Alright. Is there anything you know that makes the pain better or worse No, no Ok, ok. That's alright. I na-enwe ahụ ọkụ? Ee, m na-enwe arụ ọkụ. Ok. I na-agbọ agbọ? Mba Ok. I na-enwe afọ ọsịsa? Mba Ok. Mgbe I na-anyụ mamịrị, ọ na-afụ gị ụfụ? Mba Ok. Are you having any discharge from your private part? Ee, ee. E notice mia 5 days ago Alright, ok. So in that discharge, does it have a bad smell? Ee, ọ na-esi isi Ok. And ọ na-acha green Alright, alright. Ok. Just a few more questions. Do you, I don't know. The next question is going to be a bit sensitive, but then, the information is necessary for me to arrive at a diagnosis alright? Ok. Ok, do you have a single sex partner or do you have multiple sexual partners? Multiple Ok, and do you use protection when you meet your partners? Mba. Alright. About your period now, when last did you see your period? 3 weeks ago Ok, ok. Alright, have you ever, have you ever had this type of problem before? No. No Ok. Has any hospital ever told you before that you have a sexually transmitted infection? Mba, no. Ok. Have you ever just stayed before and you just started having blood in your private part? Mba, mba. Alright, ok. Just a few more questions. Ok. Generally too, for your general health now, are you having any chest pain ? No Cough? No Ok. Now, what else, are you having any joint pain or weakness? No Alright. How about your eyesight? Are you seeing very well? Yes Ok, that's nice, ok. A chọọ m, a chọọ m ilere ahụ gị now, ok? Ok. So, I want you to just lie down briefly, let me just do a general examination of you, ok? Ok. If you feel any discomfort at any point in time, just let me know and I will stop, alright? Ok Alright, you can get up now. Alright, just a few more questions to ask you. Have you, have you been diagnosed of any medical condition in the past, have you ever been told if you have high blood pressure (hypertension) or diabetes? No Have you ever been told that you have ulcer? No Alright. Ok. Have you ever reacted to any drug in the past before? No. Ok. Are you currently taking any drug right now? No Ok. Alright, ok. So before I move on to what I'm suspecting that you have or do you have any questions for me ? No, no. I don't. Ok, alright. So from my examination of you and everything that you've told me. My suspicion is that you most likely have a sexually transmitted infection that has caused you to have what we call, a PID, that's a Pelvic Inflammatory Disease, that's when that sexually transmitted infection goes up to the internal organs, your female internal organs, that's your womb and your tubes. Now, it's just a suspicion, we'll have to still do some tests to confirm the disease and know which of the organism is causing the infection so we can treat it, ok? Ok. That's ok. So we're going to do a test for you. It's called the, a vaginal swab test. We're going to do a high vaginal swab test and a cervical swab test for you. So the culture test will be sent to the lab, the result will be out in 3-4 days. Then based on that result, we can treat, ok? Ok. You'll do a full blood count. So once you just check your general health and ensure that there's nothing else wrong with you. When we get the investigations, we will let you know. Then we'll let you know the treatment plan we have for you. Is that ok? Ok. It's alright. So, you can go to the lab. Thank you very much for coming to the hospital today. Thank you Doc, take care. Alright. Goodbye Bye-bye. .",3.864,0.3935,0.2471,0.524,0.2915,
data/clips/igbo_00.wav,igbo-english,afriswitchcare,assemblyai-universal,"Can I come in? Okay, thank you, sir. All right, okay. Good afternoon, doc. Good afternoon, how are you doing? I'm fine at the moment. Right, okay, you can come in, have a seat. Thank you, doc. All right, so I just have a few questions for you, okay, before we start. Okay. Okay, how old is the kid now? Um, as in 28. Okay, and the old Kilori naru na? Nararu salo na baysi. Okay, all right. Ilola di? Mbali bendi. Okay, uh, ke church kini kwi church kini kwi Muslim? Nne kwi church. Okay, aniboni bona? Ee. All right, okay. And, uh, so kimi nje biyologo tha? Mm, afuna afu mufu. Okay, okay. Um, when did the pain start? Um, three days ago. Okay, so how how how does the pain feel to you? Is it a sharp pain, a dull pain, an aching pain? I am aching pain. Only bones. Okay, all right. Did it start gradually or all of a sudden? All of a sudden. Okay, all right. And the pain does it go to another part of your body? Bamba. All right, okay. Um, so on a scale of one to ten, if one is the smallest pain and ten is the highest amount of pain, what pain score will you give this pain you're feeling now? Eight. Okay, all right. Is there anything you know that makes the pain better or worse? No, no. Okay, okay. That's all right. In a way, I'm okay. And never okay. Okay, in Abu Abu. Mba. Okay, in Iwafo sister. Mba. Okay, mina new man rona Fugofu. Mba. Okay, um, are you having, um, any discharge from your private parts? Eh eh, I noticed them yeah five days ago. All right, okay. So that discharge now does it have a bad smell? I don't need history. Okay. I don't attack them. All right, all right, all right. Okay, um, just a few more questions. Um, do you, um, I don't know, um, the next question is going to be a bit sensitive, but then the information is necessary for me to arrive at a diagnosis. All right. Okay. Okay. Do you have, um, a single sex partner or do you have multiple sexual partners? Um, multiple. Okay, and do you use protection when you meet your partners? Never. All right, um, uh, about your period now, when last did you see your period? Um, 3 weeks ago. Okay, okay, all right. Have you ever, have you ever had this type of, of problem before? That they're coming? No. Okay. Has any hospital ever told you before that you have a sexually transmitted infection? Never. No. Okay. Have you ever just stayed before and you just started seeing blood on your private parts? Never. Never. All right. Okay. Just, just a few more questions for you. So generally, so for your general health now, are you having any chest pain? No. Cough? No. Okay, um, what else? Are you having any joint pains or weakness? No. All right, how about your eyesight? Are you seeing very well? Yes. Okay, that's all right. Okay, after me, after me, let her hug you now, okay? So I want you to just lie down briefly. Let me just do a general examination of you, okay? Okay. Feel discomfort at any point in time, just let me know and I'll stop. All right? Okay. All right, we can get back. All right, um, just a few more questions, um, to ask you. Uh, have you, have you been diagnosed of any medical condition in the past? Have you ever been told if you have high blood pressure, hypertension, or diabetes? No. Or have you been told that you have ulcer? No. All right, okay. Uh, have you ever reacted to any drug in the past before? No. Okay. Um, are you currently taking any drug right now? No. Okay. All right, okay. So before I move on to what I'm suspecting, um, that you have, uh, do you have any questions for me? No, no, I don't. Okay, all right. Um, so from my examination of you and everything that, um, you've told me, um, my suspicion is that you most likely have, um, a sexually transmitted infection that's caused you to have what we call a PID. That's a pelvic inflammatory disease. That's when that sexually transmitted infection goes up to the internal organs, your female internal organs. That's your wombs and your tubes, okay? But for now, it's just a suspicion. Uh, we'll have to still do, um, some tests to confirm, and if it is it, know which organism is causing the infection so that we can treat it. Okay? Okay. That's okay. So we're going to do a test for you, um, called the, um, a vaginal swab test. We're going to do a high vaginal swab test and a cervical swab test for you. So it's a culture test to be sent to the lab. Results will be out in 3 to 4 days, then based on that result we can treat, okay? Okay. Do full blood counts for us to just check your general health and ensure that there's nothing else wrong with you. When we get your investigations, we'll let you know, then we'll let you know the treatment plan we have for you. Is that okay? Okay. It's all right. So you can go to the lab. Thank you very much for coming to the hospital today. Thank you, Doc. Take care. All right, goodbye. Bye-bye.","00:01:50] : You can come in. : Okay, thank you sir. Alright, okay. Good afternoon Doc. Good afternoon, how are you doing? I'm fine, adị m mma. Alright, that's okay. You can come in and have a seat. Thank you Doc. Alright. So I just have a few questions for you, ok before we start Ok. Ok. Afa ole ka ịdị now? Adị m 28. Ok. Ọrụ Kedu ọrụ ị na-arụ now? M na-arụ ọrụ saloon, m na-akpa isi. Ok. Alright. Ịlụ ọ na di? Mba, alụ bee m di. Ok. Kee chọọchị. I na-ekpe chọọchị ka i na-ekpe Muslim? M na-ekpe chọọchị Ok and I wu onye Igbo naa? Ee. Alright, ok. And gị wu ihe ịji bia ụlọ ọgwụ taa? Afọ na-afụm ụfụ. Okpuru afọ m. Ok. When did the pain start? 3 days ago. Ok so how how does the pain feel to you? Is it a sharp pain, a dull pain, an aching pain? Aching pain. Ọ na-egbu m mgbu. Ok. Alright. Did it start gradually or all of a sudden? All of a sudden Ok. Alright, and the pain, does it go to either part of your body? Mba, mba. Alright, ok. On a scale of 1-10, if 1 is the smallest pain and 10 is the highest amount of pain. What pain score would you give this pain you're feeling now? 8 Ok. Alright. Is there anything you know that makes the pain better or worse No, no Ok, ok. That's alright. I na-enwe ahụ ọkụ? Ee, m na-enwe arụ ọkụ. Ok. I na-agbọ agbọ? Mba Ok. I na-enwe afọ ọsịsa? Mba Ok. Mgbe I na-anyụ mamịrị, ọ na-afụ gị ụfụ? Mba Ok. Are you having any discharge from your private part? Ee, ee. E notice mia 5 days ago Alright, ok. So in that discharge, does it have a bad smell? Ee, ọ na-esi isi Ok. And ọ na-acha green Alright, alright. Ok. Just a few more questions. Do you, I don't know. The next question is going to be a bit sensitive, but then, the information is necessary for me to arrive at a diagnosis alright? Ok. Ok, do you have a single sex partner or do you have multiple sexual partners? Multiple Ok, and do you use protection when you meet your partners? Mba. Alright. About your period now, when last did you see your period? 3 weeks ago Ok, ok. Alright, have you ever, have you ever had this type of problem before? No. No Ok. Has any hospital ever told you before that you have a sexually transmitted infection? Mba, no. Ok. Have you ever just stayed before and you just started having blood in your private part? Mba, mba. Alright, ok. Just a few more questions. Ok. Generally too, for your general health now, are you having any chest pain ? No Cough? No Ok. Now, what else, are you having any joint pain or weakness? No Alright. How about your eyesight? Are you seeing very well? Yes Ok, that's nice, ok. A chọọ m, a chọọ m ilere ahụ gị now, ok? Ok. So, I want you to just lie down briefly, let me just do a general examination of you, ok? Ok. If you feel any discomfort at any point in time, just let me know and I will stop, alright? Ok Alright, you can get up now. Alright, just a few more questions to ask you. Have you, have you been diagnosed of any medical condition in the past, have you ever been told if you have high blood pressure (hypertension) or diabetes? No Have you ever been told that you have ulcer? No Alright. Ok. Have you ever reacted to any drug in the past before? No. Ok. Are you currently taking any drug right now? No Ok. Alright, ok. So before I move on to what I'm suspecting that you have or do you have any questions for me ? No, no. I don't. Ok, alright. So from my examination of you and everything that you've told me. My suspicion is that you most likely have a sexually transmitted infection that has caused you to have what we call, a PID, that's a Pelvic Inflammatory Disease, that's when that sexually transmitted infection goes up to the internal organs, your female internal organs, that's your womb and your tubes. Now, it's just a suspicion, we'll have to still do some tests to confirm the disease and know which of the organism is causing the infection so we can treat it, ok? Ok. That's ok. So we're going to do a test for you. It's called the, a vaginal swab test. We're going to do a high vaginal swab test and a cervical swab test for you. So the culture test will be sent to the lab, the result will be out in 3-4 days. Then based on that result, we can treat, ok? Ok. You'll do a full blood count. So once you just check your general health and ensure that there's nothing else wrong with you. When we get the investigations, we will let you know. Then we'll let you know the treatment plan we have for you. Is that ok? Ok. It's alright. So, you can go to the lab. Thank you very much for coming to the hospital today. Thank you Doc, take care. Alright. Goodbye Bye-bye. .",14.871,0.3643,0.1877,0.4861,0.2308,
data/clips/igbo_01.wav,igbo-english,afriswitchcare,sahara-v2.5,,"Doctor, ndeewo. Ndeewo ma, welcome. Oo, good morning. Welcome to our Outreach Clinic Thank you. Alright ma. You can have a seat. Thank you doctor. So, I'm just going to be asking you some questions, alright? Ok, doctor. Afọ olee ka i dị now ma? Adị m 60 years. Ok. Kedụ ọrụ nke i na-arụ? Onwero, akwusila m ọrụ, but ihe m rụrụ wụ, a nwụ m a trafik controller. Ok. Ndia na control trafik Ok. But you're retired? Yes Ok. I lụrụ di? Ee, a lụrụ m di. Ok. I na-ekpe chọọchị ka ọ I na-eje mosque? A wụ m Catholic. Ok, ok. And I nwụ onye Igbo naa? A wụ m onye Igbo Ok ma. So, ọ gịnị na-eme gị kita? [00: 59:19] Ọ ikpere Ok. Ikpere a na-egbu m, na atawashi m n'ime. Ndo. Kee mgbe ọ bidoro? Ọ karịkwala 2 weeks. Ok. Ee. 2 weeks Ok. Ọ nwụ n'ime ya, ọ nwụ n'ime ụkwụ ka ọ na eme gị? Ee, n'ime, n'ime ya. Ok, ok. Alright. The pain, how's it? O na-adọ gị adọ? ọ na-afụ gị ụfụ? Kee ka ọ na eme gị? Ihe a bidokwara ntakịrị ntakịrị o. Ọ na-egbu m n'ime, n'ime ọkpụkpụ ka ọ na-egbu m Ok. N'ime. Alright. So the pain; is it there throughout the day or does it come and go? How's it? Mgbe niile Ok. Ọ na-egbu m mgbe niile. Ok. But when you wake up in the morning ma, as you go about your day activity, does it get better or does it get worse? Does it get worse? It gets worse Ok. Ok M na-agaghari, m na-agaghari ọ na-egbu m. M na-agaghari, even onwe mgbe m ga-agagharigide, m chọrọ oche nọrọ ọdụ. Ok, ok sorry. Is there anything you know that makes it worse other than this I na-agaghari? No. Ok Ee. Ọ m gagharia too much, o bia gbụwem. Ok, ok. Alright. O na-eme gị, I na enwe ihe ndi Igbo na-akpọ ọtịta ngwere? Mba Ok, ok. Alright. Now, ụfụ, ụfụ a ọ na-afụ gị now, ọ nwee ebe ọ na-eje n'ahụ gị? Ọ nweghọ ebe ọzọ ọ na-aga? Ọ nweghọ ebe ọzọ? Ọ naanị ebe a ka ọ na-eme, ebea. Ok, ok, ok. M ga-akowara gị ihe now. So on a scale of 1-10, dịka exam now, ọ bụrụ na achọ ile exam now and the highest score ga awụ 10, lowest score ga awụ 0. Which score ka I ga enye the pain ọ na-enye gị? O ga nwụ na egbukwa m o. Ihea ga eru 6. Ok. Ok O ga eru 6 aO ga eru 6? Ok. Nsogbu adirọ. Ok, alright. O nwee ihe ọ bụla na meghegi or mee gị before the pain a e were bido? Ọ nwere any accident? E nwero m accident. E nwee ihe mere m. Agaghị m ada. Ok. E nwero m accident, a nọkatara m nnọọ binukwa one day noticea na ụkwụ agbughe m. Ọ nwee ihe mee m. Ok. Now, na the ụkwụ now, for this leg; is this leg or any other part of your body or joint, is there anywhere that you noticed that maybe your bone started changing shape or started getting thicker or anything? Mba, mba. Ok, ok. Want to know your result, alright. Is there anywhere that swell up? Any part of your body or maybe your fingers. Is there anywhere that swell up? Mba. Alright, ok. Nsogbu adirọ. So, I'll ask, ok, I want to examine you Ok. Alright, I'll check your legs, I will check the knees and know if there's any swelling or any issue at all, ok? Ok. If there's any pain while I'm examining you, just let me know. I will stop, alright? Ok. Alright. There's no problem, ok? Let me ask you a few more questions. In your family: your parents, your siblings, is there any one that you think has had such complaint before? No. Mba Ok. Onwe gi now, is there any other illness that has disturbed you recently or in the past? Do you have hypertension? No. Diabetes? Ụmụ ihe ndị ahụ, mba. Ulcer? E nwero m ulcer. Alright, ok. I si na ịlụ ọ la di abi? Ee. Ọ naanị gị ka di gị lụrụ? Ee. Ok. Ụmụ ole ka iji? E ji m ụmụ nwaanyị, umunwaanyi three, of nwoke. Alright. Ok. Four. Ha dị anọ. Alright, is there any drug that you take right now for anything? Mba. Ok. Is there any drug you've taken in the past before? A ñukwara m panadol For? Ụkwụ a gbuwe m mgbu, a ñu m panadol. Alright. Is there drug that you react to? Mba. Alright, alright. Ok. Nsogbu adirọ. So, the most likely cause that I'm suspecting that can be giving you this sort of pain, with a history that you worked as a traffic controller; you stood for a very long period of time, all of that is stress on the body. I'm thinking of what we call ""Osteoarthritis"". Ndị mmadụ na akpọ ya arthritis, but anyone na one type of arthritis. So, I'm thinking na ihe I nwee bu most likely osteoarthritis. Ọ dị possible ịbụ rheumatoid arthritis Ok. But, a ga-eme some tests for you, most likely ọ nwụ osteoarthritis, based on what you described for me. Ok. So we're going to do some tests for you, then we'll let you know what we discovered. Ee. Ok. So anyị ga ese, a ga-ese gị foto na these two legs- your two knees Ok. Then, we'll check, we'll check the picture for changes. So depending on the changes that we see, we can confirm our suspicion. Ok. Then, once we've confirmed our suspicion, we can now start you on some medications. There's a typical medication, what I'll give you that you'll be rubbing on your two knees that will help you to control the pain, ok? Ok. So, that's usually the first thing that we'll start with. If that is able to control your pain, every once in a while you apply it, that's good and fine. Ok. If I'm able to control your pain with just that, we can start you on a tablet. We can start you in some pain killers, could be paracetamol with a combination, along the ointment that you're going to be applying. If that actually control for your pain, then there's no problem, ok? Ok doctor. It's alright. Do you have any questions for me at all? No, ihe, provided that I si na I ga-enye m ihe ga-eme m this pain akwụsị m; ọ gwula ihem chọọ. Alright Because ọ na-egbu m too much. Ọ na-atawashi m. Nsogbu adirọ, ok? Thank you for coming Thank you. Ụmụ emela o? Alright Ụnụ emela.",,,,,,"Sahara upload failed for data/clips/igbo_01.wav (status 400): {""data"":{},""message"":""insufficient balance to process the file"",""status"":""Error""}
"
data/clips/igbo_01.wav,igbo-english,afriswitchcare,whisper-large-v3-groq," So just going to be asking some questions all right for liquid now Maw Ok? Si do yon roke na? Akusa yon a moro. Kati, yon jem do rogo a voume trafik kontrula. Ok. Kontrula trafik. But you are retired now? Yes. Ok, ilo rodi? Yeah, ilo rodi. Ok. Ni pe cioski, ni dje mosk? Nga, omo katlik. Ok, ok, nga ni omo ibo na. Omo ibo. Ok, na, so, a oge nime kiti? Owi ibera. Ibera nime ibumu. Ona ibumu na tawa shimu nime. Ok, ndo? A. Kinbo bidro? A, karikwala two weeks. Ok. A, two weeks. Ok. A o nime ya, a o nime. Nye o kulkon nime ge? A o nime. ੴതੇরതੋরু ਸੁੰതੀর়োഉ. I nne i bum ni me, ni me okpo kono i bum. Alright. So the pain. Is it there throughout the day or does it come and go? How is it? Nne i bum in the morning Okay But when you wake up in the morning now as you go about your day ... ... ... ... ... ... ... ... ... ... ... Is there anything you know that makes it worse other than this? Ngare? No. Ngare are too much. Ok. Ok. Alright. One me gi, ini wey hendi ibu nak bota tangwe? Mba. Ok. Ok. Alright. Na ofu fwo na fugi ni piri gina, webo ni e jena ahoge? On the scale of one to ten, deka exam na, And the highest score ga ੱ ੭ , lowest score ga ੱ ০. e? Gu sko ki gie nje di pen o nje nje ge? Ano e bukwa mo. U ge uge uge russis. Ok. Uge russis. Uge russis, o bi. Nju su badru. Ok. Alright. E we yi, e we yi anbo la ni mi, mi me gie gi o me rie gi before di pen e i bidu e we e ni accident? E we e mi accident. Ano e heme lèm ata a mada e we e mi accident. Ano Katalamu no bi li kuwa one day nwot i sona o-kuwa, one day you will see the actual body weight, you will know when you are body weighed. Now, the way t-rex look for this leg or any other part of your body or joints, is there any way that you noticed that maybe your bones still changing shape or still getting thicker or anything Okay okay what now the search All right Is there any way that swole up any part of your body or maybe your fingers Is there any way that swole up? All right. Okay. What should I do? So I'll ask, I would, okay. I want to examine you. Okay. All right. I'll check. I'll check your legs. the knees and maybe there's any swelling or any issues at all okay okay if there's any pain while i'm examining you just let me know i'll stop all right okay okay all right there's no problem okay okay let me ask you a few more questions um in in your family your your parents your siblings is anyone that you think has had such complaints before no okay now is there any other illness that has disturbed you recently or in the past do you have hypertension no diabetes all right okay okay is any drug that you take right now for anything any drug you have taken the past before I don't want another one is any trouble you reacts to so the most The most likely cause that I suspecting that can be giving you this sort of pain with the history that you worked as a traffic controller you stood for a very long period of time all of that is stress on the body um i thinking of what we call um osteoarthritis the one that by arthritis but every one that one type of arthritis so i'm thinking that he will most likely lose to arthritis the other possible you will matter that arthritis but I gave me some tests for you most likely almost arthritis based on what you described for me so I'm going to do some tests for you then we'll let you know what we discover so I gave you see I gave you a photo now these two legs your two knees okay then we'll check we'll check the picture for changes so depending on the changes that we'll see we can confirm our suspicion okay then once we've confirmed our suspicion uh we can now start you on some medications um there's a typical medication what i'll give you that you'll be rubbing on your two knees that will help you to control the pain okay so that's usually the first thing that we start with if that is able to control your pain every once in a while you apply it that's good and fine okay if you are unable to control your pain with just that we can start you on a tablet we can start you on some painkillers um maybe pasta more with the combination along with the ointment that you're going to be applying if that actually is control for your pain then there is no problem okay okay okay that's all right um do you have any questions for me at all Thank you for coming.","Doctor, ndeewo. Ndeewo ma, welcome. Oo, good morning. Welcome to our Outreach Clinic Thank you. Alright ma. You can have a seat. Thank you doctor. So, I'm just going to be asking you some questions, alright? Ok, doctor. Afọ olee ka i dị now ma? Adị m 60 years. Ok. Kedụ ọrụ nke i na-arụ? Onwero, akwusila m ọrụ, but ihe m rụrụ wụ, a nwụ m a trafik controller. Ok. Ndia na control trafik Ok. But you're retired? Yes Ok. I lụrụ di? Ee, a lụrụ m di. Ok. I na-ekpe chọọchị ka ọ I na-eje mosque? A wụ m Catholic. Ok, ok. And I nwụ onye Igbo naa? A wụ m onye Igbo Ok ma. So, ọ gịnị na-eme gị kita? [00: 59:19] Ọ ikpere Ok. Ikpere a na-egbu m, na atawashi m n'ime. Ndo. Kee mgbe ọ bidoro? Ọ karịkwala 2 weeks. Ok. Ee. 2 weeks Ok. Ọ nwụ n'ime ya, ọ nwụ n'ime ụkwụ ka ọ na eme gị? Ee, n'ime, n'ime ya. Ok, ok. Alright. The pain, how's it? O na-adọ gị adọ? ọ na-afụ gị ụfụ? Kee ka ọ na eme gị? Ihe a bidokwara ntakịrị ntakịrị o. Ọ na-egbu m n'ime, n'ime ọkpụkpụ ka ọ na-egbu m Ok. N'ime. Alright. So the pain; is it there throughout the day or does it come and go? How's it? Mgbe niile Ok. Ọ na-egbu m mgbe niile. Ok. But when you wake up in the morning ma, as you go about your day activity, does it get better or does it get worse? Does it get worse? It gets worse Ok. Ok M na-agaghari, m na-agaghari ọ na-egbu m. M na-agaghari, even onwe mgbe m ga-agagharigide, m chọrọ oche nọrọ ọdụ. Ok, ok sorry. Is there anything you know that makes it worse other than this I na-agaghari? No. Ok Ee. Ọ m gagharia too much, o bia gbụwem. Ok, ok. Alright. O na-eme gị, I na enwe ihe ndi Igbo na-akpọ ọtịta ngwere? Mba Ok, ok. Alright. Now, ụfụ, ụfụ a ọ na-afụ gị now, ọ nwee ebe ọ na-eje n'ahụ gị? Ọ nweghọ ebe ọzọ ọ na-aga? Ọ nweghọ ebe ọzọ? Ọ naanị ebe a ka ọ na-eme, ebea. Ok, ok, ok. M ga-akowara gị ihe now. So on a scale of 1-10, dịka exam now, ọ bụrụ na achọ ile exam now and the highest score ga awụ 10, lowest score ga awụ 0. Which score ka I ga enye the pain ọ na-enye gị? O ga nwụ na egbukwa m o. Ihea ga eru 6. Ok. Ok O ga eru 6 aO ga eru 6? Ok. Nsogbu adirọ. Ok, alright. O nwee ihe ọ bụla na meghegi or mee gị before the pain a e were bido? Ọ nwere any accident? E nwero m accident. E nwee ihe mere m. Agaghị m ada. Ok. E nwero m accident, a nọkatara m nnọọ binukwa one day noticea na ụkwụ agbughe m. Ọ nwee ihe mee m. Ok. Now, na the ụkwụ now, for this leg; is this leg or any other part of your body or joint, is there anywhere that you noticed that maybe your bone started changing shape or started getting thicker or anything? Mba, mba. Ok, ok. Want to know your result, alright. Is there anywhere that swell up? Any part of your body or maybe your fingers. Is there anywhere that swell up? Mba. Alright, ok. Nsogbu adirọ. So, I'll ask, ok, I want to examine you Ok. Alright, I'll check your legs, I will check the knees and know if there's any swelling or any issue at all, ok? Ok. If there's any pain while I'm examining you, just let me know. I will stop, alright? Ok. Alright. There's no problem, ok? Let me ask you a few more questions. In your family: your parents, your siblings, is there any one that you think has had such complaint before? No. Mba Ok. Onwe gi now, is there any other illness that has disturbed you recently or in the past? Do you have hypertension? No. Diabetes? Ụmụ ihe ndị ahụ, mba. Ulcer? E nwero m ulcer. Alright, ok. I si na ịlụ ọ la di abi? Ee. Ọ naanị gị ka di gị lụrụ? Ee. Ok. Ụmụ ole ka iji? E ji m ụmụ nwaanyị, umunwaanyi three, of nwoke. Alright. Ok. Four. Ha dị anọ. Alright, is there any drug that you take right now for anything? Mba. Ok. Is there any drug you've taken in the past before? A ñukwara m panadol For? Ụkwụ a gbuwe m mgbu, a ñu m panadol. Alright. Is there drug that you react to? Mba. Alright, alright. Ok. Nsogbu adirọ. So, the most likely cause that I'm suspecting that can be giving you this sort of pain, with a history that you worked as a traffic controller; you stood for a very long period of time, all of that is stress on the body. I'm thinking of what we call ""Osteoarthritis"". Ndị mmadụ na akpọ ya arthritis, but anyone na one type of arthritis. So, I'm thinking na ihe I nwee bu most likely osteoarthritis. Ọ dị possible ịbụ rheumatoid arthritis Ok. But, a ga-eme some tests for you, most likely ọ nwụ osteoarthritis, based on what you described for me. Ok. So we're going to do some tests for you, then we'll let you know what we discovered. Ee. Ok. So anyị ga ese, a ga-ese gị foto na these two legs- your two knees Ok. Then, we'll check, we'll check the picture for changes. So depending on the changes that we see, we can confirm our suspicion. Ok. Then, once we've confirmed our suspicion, we can now start you on some medications. There's a typical medication, what I'll give you that you'll be rubbing on your two knees that will help you to control the pain, ok? Ok. So, that's usually the first thing that we'll start with. If that is able to control your pain, every once in a while you apply it, that's good and fine. Ok. If I'm able to control your pain with just that, we can start you on a tablet. We can start you in some pain killers, could be paracetamol with a combination, along the ointment that you're going to be applying. If that actually control for your pain, then there's no problem, ok? Ok doctor. It's alright. Do you have any questions for me at all? No, ihe, provided that I si na I ga-enye m ihe ga-eme m this pain akwụsị m; ọ gwula ihem chọọ. Alright Because ọ na-egbu m too much. Ọ na-atawashi m. Nsogbu adirọ, ok? Thank you for coming Thank you. Ụmụ emela o? Alright Ụnụ emela.",10.62,0.6093,0.4099,0.7012,0.4424,
data/clips/igbo_01.wav,igbo-english,afriswitchcare,assemblyai-universal,"Doctor Ndewu. Ndewu, ma, welcome. Good morning. Welcome to our outreach clinic. Thank you. All right, you can have a seat. Thank you, doctor. Okay, so just going to be asking you some questions, all right? Okay, doctor. Okay, how old are you now, ma? I'm 60 years. Okay. Inyemruru wo, ah, awume traffic controller. Okay. And then control traffic. But you are retired now? Yes. Okay. Okay. Ilorodi? Yeah, Ilorodi. Okay, ma. Uh, ni be church ke ni je mosque. Mm, awumu Catholic. Okay, okay. Nani wonibo na? Awumu wonibo. Okay, ma. So again, make it high. Oh, week bere. Week bere ane bum onai bum na ata washim nime. Okay, undo. Kimbo bidru? Tarikuala two weeks. Okay. Two weeks. Okay. Onime ya onime. Do you pull konime ke? Onime nime ya. Okay. Nime. Okay, alright. So the pain, how is it? On a doga door, on a fugo fu. You're coming making. Yeah, I be do kwadan takere ntakere yo. Hmm. Umeh bum nime nime oko kome bum. Okay. Nime. All right. So the the the pain, is it there throughout the day or does it come and go? How is it? Okay, but when you wake up in the morning now, as you go about your day and carry out activities, does it get better or does it get worse? Does it get worse? It gets worse. Okay, okay. Um, na akari, chi na akari oni bu, na akari ovuno wuwe mbembe akari ki dem cho uchi norodo. Okay, okay, sorry. Is there anything you know that makes it worse other than this? No. Okay, no, too much. Okay, okay, all right. Okay, okay, all right. Now, off, off phone. O bone e je na o ke? O bone o zo na ka. O bona ne ba ko ne ba ba ba. Okay, okay, okay. Nka kora ke na. So on a scale of one to ten, they can examine. Mona, he actually exam now and the highest score, that will ten. Lowest score, that will zero. Eh, which score can give me the pain? Oni yinye ke? Oni bukwam o. Uya uge rhusisi. Okay. Uge rhusisi. Uge rhusisi. Okay. All right. Iweyim, iweyim obulani ne megegi or megegi before ipene ibidu? Iweyim i-accident? Ngungum-accident. Ngunguyimele ata amada. Ngungum-accident. Anokukatala mna nobilukwa one day noti sona. Okay, now, now, for this leg, is this leg or any other part of your body or joint, is there any way that you notice that maybe your bone started changing shape or started getting thicker or anything? Okay, okay, nothing of the sort. All right, is there any way that's swollen, any part of your body or maybe your fingers? Is there any way that's swollen? All right, okay. What's my bro? So I'll ask— I would— okay, I want to examine you. Okay. All right, I'll check, I'll check your legs, I'll check the, the knees and maybe there's any swelling or any issues at all. Okay? Okay. If there's any pain while I'm examining you, just let me know, I'll stop. All right? Okay. Okay. All right, there's no problem. Okay? Okay. Let me ask you a few more questions. Um, in, in your family, your, your parents, your siblings, is anyone that you think has had such complaints before? No. Okay. Now, is there any other illness that has disturbed you recently or in the past? Do you have hypertension? No. Diabetes? Also? All right. Okay. Is any lona diabi? Hmm. Ona ne di ka di gilora. Hmm. Okay. Molekeji. Mm. Njimoo. Mowai. Okay. Mowai three. Okay. Mofumuke. All right. Okay. Four. Ha di a no. All right. Is any drug that you take right now for anything? Mba. Okay. Is any drug you have taken in the past before? A mo panampanado. Okwabuwe mumbo. A mo panado. All right. Is there any drug that you react to? All right, okay. So the most likely cause that I'm suspecting that can be giving you this sort of this sort of pain with the history that you worked as a traffic controller, you stood for a very long period of time. All of that is stress on the body. I'm thinking of what we call. Um, osteoarthritis, the one that causes arthritis, but maybe more than one type of arthritis. So I'm thinking that he will most likely osteoarthritis. The other possible, rheumatoid arthritis. Okay, but I give me some tests for you. Most likely osteoarthritis based on what you described for me. So we're going to do some tests for you, then we'll let you know. What we discover. So I can see, I can take a photo now, these two legs, your two knees. Okay. Then we'll check, we'll check the picture for changes. So depending on the changes that we'll see, we can confirm our suspicion. Okay. Then once we've confirmed our suspicion, uh, we can now start you on some medications. Um, there's a typical medication what I'll give you that you'll be rubbing on your 2 knees that will help you to control the pain. Okay, so that's usually the first thing that we start with. If that is able to control your pain, every once in a while you apply it, that's good and fine. Okay, if you are unable to control your pain with just that, we can start you on a tablet. We can start you on some painkillers, um, maybe paracetamol with a combination Along with the ointment that you're going to be applying. If that actually is control for your pain, then there is no problem. Okay? Okay. Okay. It's all right. Do you have any questions for me at all? No. Yeah. Provide that this pain na question. I don't go lah em cho. All right. Because only boom too much. Not a wash. It's a bad deal. Okay. Thank you for coming in. Okay. Thank you. Only mela oh. All right. Only mela.","Doctor, ndeewo. Ndeewo ma, welcome. Oo, good morning. Welcome to our Outreach Clinic Thank you. Alright ma. You can have a seat. Thank you doctor. So, I'm just going to be asking you some questions, alright? Ok, doctor. Afọ olee ka i dị now ma? Adị m 60 years. Ok. Kedụ ọrụ nke i na-arụ? Onwero, akwusila m ọrụ, but ihe m rụrụ wụ, a nwụ m a trafik controller. Ok. Ndia na control trafik Ok. But you're retired? Yes Ok. I lụrụ di? Ee, a lụrụ m di. Ok. I na-ekpe chọọchị ka ọ I na-eje mosque? A wụ m Catholic. Ok, ok. And I nwụ onye Igbo naa? A wụ m onye Igbo Ok ma. So, ọ gịnị na-eme gị kita? [00: 59:19] Ọ ikpere Ok. Ikpere a na-egbu m, na atawashi m n'ime. Ndo. Kee mgbe ọ bidoro? Ọ karịkwala 2 weeks. Ok. Ee. 2 weeks Ok. Ọ nwụ n'ime ya, ọ nwụ n'ime ụkwụ ka ọ na eme gị? Ee, n'ime, n'ime ya. Ok, ok. Alright. The pain, how's it? O na-adọ gị adọ? ọ na-afụ gị ụfụ? Kee ka ọ na eme gị? Ihe a bidokwara ntakịrị ntakịrị o. Ọ na-egbu m n'ime, n'ime ọkpụkpụ ka ọ na-egbu m Ok. N'ime. Alright. So the pain; is it there throughout the day or does it come and go? How's it? Mgbe niile Ok. Ọ na-egbu m mgbe niile. Ok. But when you wake up in the morning ma, as you go about your day activity, does it get better or does it get worse? Does it get worse? It gets worse Ok. Ok M na-agaghari, m na-agaghari ọ na-egbu m. M na-agaghari, even onwe mgbe m ga-agagharigide, m chọrọ oche nọrọ ọdụ. Ok, ok sorry. Is there anything you know that makes it worse other than this I na-agaghari? No. Ok Ee. Ọ m gagharia too much, o bia gbụwem. Ok, ok. Alright. O na-eme gị, I na enwe ihe ndi Igbo na-akpọ ọtịta ngwere? Mba Ok, ok. Alright. Now, ụfụ, ụfụ a ọ na-afụ gị now, ọ nwee ebe ọ na-eje n'ahụ gị? Ọ nweghọ ebe ọzọ ọ na-aga? Ọ nweghọ ebe ọzọ? Ọ naanị ebe a ka ọ na-eme, ebea. Ok, ok, ok. M ga-akowara gị ihe now. So on a scale of 1-10, dịka exam now, ọ bụrụ na achọ ile exam now and the highest score ga awụ 10, lowest score ga awụ 0. Which score ka I ga enye the pain ọ na-enye gị? O ga nwụ na egbukwa m o. Ihea ga eru 6. Ok. Ok O ga eru 6 aO ga eru 6? Ok. Nsogbu adirọ. Ok, alright. O nwee ihe ọ bụla na meghegi or mee gị before the pain a e were bido? Ọ nwere any accident? E nwero m accident. E nwee ihe mere m. Agaghị m ada. Ok. E nwero m accident, a nọkatara m nnọọ binukwa one day noticea na ụkwụ agbughe m. Ọ nwee ihe mee m. Ok. Now, na the ụkwụ now, for this leg; is this leg or any other part of your body or joint, is there anywhere that you noticed that maybe your bone started changing shape or started getting thicker or anything? Mba, mba. Ok, ok. Want to know your result, alright. Is there anywhere that swell up? Any part of your body or maybe your fingers. Is there anywhere that swell up? Mba. Alright, ok. Nsogbu adirọ. So, I'll ask, ok, I want to examine you Ok. Alright, I'll check your legs, I will check the knees and know if there's any swelling or any issue at all, ok? Ok. If there's any pain while I'm examining you, just let me know. I will stop, alright? Ok. Alright. There's no problem, ok? Let me ask you a few more questions. In your family: your parents, your siblings, is there any one that you think has had such complaint before? No. Mba Ok. Onwe gi now, is there any other illness that has disturbed you recently or in the past? Do you have hypertension? No. Diabetes? Ụmụ ihe ndị ahụ, mba. Ulcer? E nwero m ulcer. Alright, ok. I si na ịlụ ọ la di abi? Ee. Ọ naanị gị ka di gị lụrụ? Ee. Ok. Ụmụ ole ka iji? E ji m ụmụ nwaanyị, umunwaanyi three, of nwoke. Alright. Ok. Four. Ha dị anọ. Alright, is there any drug that you take right now for anything? Mba. Ok. Is there any drug you've taken in the past before? A ñukwara m panadol For? Ụkwụ a gbuwe m mgbu, a ñu m panadol. Alright. Is there drug that you react to? Mba. Alright, alright. Ok. Nsogbu adirọ. So, the most likely cause that I'm suspecting that can be giving you this sort of pain, with a history that you worked as a traffic controller; you stood for a very long period of time, all of that is stress on the body. I'm thinking of what we call ""Osteoarthritis"". Ndị mmadụ na akpọ ya arthritis, but anyone na one type of arthritis. So, I'm thinking na ihe I nwee bu most likely osteoarthritis. Ọ dị possible ịbụ rheumatoid arthritis Ok. But, a ga-eme some tests for you, most likely ọ nwụ osteoarthritis, based on what you described for me. Ok. So we're going to do some tests for you, then we'll let you know what we discovered. Ee. Ok. So anyị ga ese, a ga-ese gị foto na these two legs- your two knees Ok. Then, we'll check, we'll check the picture for changes. So depending on the changes that we see, we can confirm our suspicion. Ok. Then, once we've confirmed our suspicion, we can now start you on some medications. There's a typical medication, what I'll give you that you'll be rubbing on your two knees that will help you to control the pain, ok? Ok. So, that's usually the first thing that we'll start with. If that is able to control your pain, every once in a while you apply it, that's good and fine. Ok. If I'm able to control your pain with just that, we can start you on a tablet. We can start you in some pain killers, could be paracetamol with a combination, along the ointment that you're going to be applying. If that actually control for your pain, then there's no problem, ok? Ok doctor. It's alright. Do you have any questions for me at all? No, ihe, provided that I si na I ga-enye m ihe ga-eme m this pain akwụsị m; ọ gwula ihem chọọ. Alright Because ọ na-egbu m too much. Ọ na-atawashi m. Nsogbu adirọ, ok? Thank you for coming Thank you. Ụmụ emela o? Alright Ụnụ emela.",15.166,0.5495,0.3075,0.6084,0.3382,
data/clips/igbo_02.wav,igbo-english,afriswitchcare,sahara-v2.5,,"Doctor good morning Good morning ma, welcome very much, welcome to the Outreach Clinic Ndee etu ịdị? I'm fine ma. You can have a seat Ok. Thank you You're welcome ma. Olee etu ịdị taa? Adị m mma nwa m. Adị m mma. Ọ sị m nwere BP. Yes, that's true. I can see from the, your blood pressure they checked this morning actually, it's actually quite high. Ee. But I'll ask you some questions. We'll come to that ok? Ok. Ok. Afa one ka ịdị now? Adị m 52 years. Ok. 52 Alright ma. Gịnị, ọrụ gịnị ka ina arụ? Anam ere azụ. Ok, ok. Ee. Trader. Anam ere azụ. Ok. Ịlụ ọ la di? A lụọ la ma di. Ok. Alright. I na, I na, I na-aga chọọchị ka ọ I bụ Muslim? Awụ m a Christian (Catholic). Alright. Ok. And i anụ onye Igbo naa abi? Ee. A wụ m onye Igbo Ok. Alright. So, yes, let's come to your BP now, your blood pressure. Is this the first time that you are told that your BP has been high? No, mba. Ọ nwekwara mgbe m gara ụlọ ọgwụ, ha agwa m na BP m di high but ejirọ m ahụ mgbe ahụ, ejirọ m ahụ. Ọ ihe mere When was that? Ọkwa last year Ok, alright Last year it's okay, nsogbu adirọ. Let me ask you some questions concerning that. Ok. Ishi gị, ishi gị, ishi gị ọ na-awa gị mgbe ọ bụla? Ishi a na-awa m? Ishi na awa, lekwe ya ebea Ok. Ebea. Ishi na-akụ m ebea. Ọ na-awa m Ok. Alright. Ọ na-akụ gi, ọ na-akụ gi mgbe ọ bụla throughout the day? Or just ọ na-abia once in a while? Ọ nwụghị throughout the day. O na abiakwa, mgbe ụfọdụ, ya akwusi kwa. Ok. Alright. Anya gi a, ọ nwee etụ ọ na-eme ma ọ na-akụ gi? Mba. Ok. Alright. So what do you take and then the headache will leave you? Ihe m na-añu bu paracetamol Ok, ok, ok. Alright, it's ok. Ihe ọzọ: I na akwa ụkwara? Mba. Ok. Alright. Do you have issues going to sleep? Doc, a naghi m ehi wa ụra n'abali. M lakpuo ebe 9, ọ na-akụ after 3, na enweta aka 3:30, ụra a pụọ ma n'anya. A gaghi m ehi wa ụra again. Ok. I don't have very good sleep Alright. So, like when do you go to sleep, around what time? Like 9, 10, 11 Ebe 9. Ok. To 9, after 9. Ọ na-akụ 3:30 - 4:00, ma elite. Ok, and you can't go back to sleep again? Yeah. Ok, ok. Alright, alright. Is there any drug you've taken because of that? Mba Alright. Ok. Ụkwụ gị azaala mbụ? Mba. Ụkwụ, ụkwụ anaa aza m. Ok. Ụkwụ ma anaghị aza. Ok. Alright. What about when you're walking? Do you have any difficulty walking or climbing stairs? My na-arị step maọbu m gaa ije too much, obi n'akụkụ kpim kpim kpim kpim. Ọ na-akụ m n'obi. Ok. And ọ na-akụ m n'obi. Ok. Alright. There's no problem. A chọọ m I jụ gị just ụfọdụ ajụjụ for , ok? Have you stayed before and they told you, maybe ihe mere gị, I jee ụlọ ọgwụ, agwa gị na I nwere stroke? Mba. Ok, ok. Alright, ok. Then, when you're sleeping now, do you have difficulty breathing and then you wake up all of a sudden? No. Ok, ok, ok. That's alright, ok. So I'll just ask you a few more questions. Do you usually have joint pains? Mba, no. Ok. Alright. Do you have any problem with your urinating? Maybe you noticed that you urinate frequently Mba, no Ok. When you're urinating, do you have any pain? No. No pain at all, ok. I na enwe constipation? No. No. Alright. I na-aga toilet mgbe ọ bụla? Afọ m di mma. Ok, afọ gi di mma. That's good to hear. Anya gi kwanu? I na-afụ ụzọ ọfụma? Ana m ahụ ụzọ. Alright. It's ok, that's ok. N'ezi n'ụlọ gi now, ọ nwere onye na-aria ọrịa BP ahụ. Ọ mma m oo, mma m. Mma m riara ọrịa BP, even o nwekwara diabetes. Ok. Mpa gi kwanu? Mba, mpa m enwerọ. Ok. That's alright. Ọ nwee ihe ọrịa meghi gi mbụ in the past di serious? Dika, I nwere ulcer? Mba, e nwero m ulcer. Ok. I ma your genotype? Mba. A marọ m. Ok. A marọ m. Nsogbu adirọ. Ok. I si na ịlụ ọ la dị abi? Ee. Alright, ụmụ ole ka iji? E ji m ụmụ anọ; ụmụ nwaanyị abụọ na ndị nwoke abụọ kwa Ok. Ee. Ọ naanị gị ka di gị nụrụ? Ee. Alright. Ok. Is there any drug you've taken in the past that your body reacted to? Mba. Alright, is there any drug your taking for any reason now? Ọ kwa paracetamol ahụ m na-añu ma ishi wawa m. Ok. Nsogbu adirọ, nsogbu adirọ. I will just examine you a little ok? I just want to listen to your heart. Ok. Alright. Ok, ok, thank you. So now based on your blood pressure di high today and last year, nke last year I gwara m. Most likely, ọ nwee ihe ana akpọ ọrịa BP, that's hypertension Ihe na-eme but that na mmadụ nwee ọrịa BP, that's hypertension now, your blood pressure will always be high and it can affect different parts of your body: your kidneys, your heart,even your eyes, if you don't discover it on time and start treating it, on drugs Ok. So ife ga eme wu, we'll discuss with your, with your. Shey i nwee hospital ebe ahụ? Ee, e nwee m. Alright, so we will tell them to refer you to that your family hospital. There are some tests that you're going to need to do. A ga ese, a ga ese gi foto Ok. Na your chest Ok. Yes, ihe a na-akpọ chest X-ray Ok. So, you'll do that chest X-ray to check the size of your heart. Anyị ga-enwe test a na-akpọ ECG Ok. That ECG test is to check how your heart is functioning. Ok. Then, you'll also do a test to check your kidneys to be sure that the BP has not affected it as well. So after checking all these things and monitor your blood pressure, we'll also confirm that it's hypertension that you have. My nye gị ọgwụ. Ok. Then, you'll be regular on those drugs. Ok. Exactly, I ga na-eje, I ga na-eje clinic mgbe ụfọdụ na-afụ your doctor. Ok. Exactly. To be monitoring your progress. Then, is there any question that you want to ask me so far? Ọ bụrụ ọgwụ BP aga enye m, ishi ahụ na-awa m, ọ ga akwụsị? Definitely, it's going to help with that. Ok. Its going to help with that cause usually, when your blood pressure is high; one very common thing that happens is that you start to have headaches, ok? Ok. Then additionally, there are some changes you're going to make to your lifestyle. You're going to have to reduce the salt Ok. iji na-eshi nri A di ma erizi nri? Mba, you'll reduce the quantity of, you can always add salt small Small, ok. Exactly, then I ga na-eme exercise mgbe ụfọdụ. Nna m, a ga m emedi kwa nke ahụ? Definitely, definitely, why not?. So if you cannot jog, you can always take what we call a brisk walk Ok. Yea, I na-aga ije for like 30-45 minutes. I nwee ike, even if it's 5 times a day. You can do it, it will help you very well. Ok? 5 times a day? 5 times in a week. Ok. Ok. Ok. Ọ nwee ihe ọ bụla I chọrọ ijụ m ọzọ? Mba. Ok. Nsogbu adirọ. Nsogbu adirọ. Thank you for coming, o Thank you Doctor. Imela ịnụ? Alright. Thank you.",,,,,,"Sahara upload failed for data/clips/igbo_02.wav (status 400): {""data"":{},""message"":""insufficient balance to process the file"",""status"":""Error""}
"
data/clips/igbo_02.wav,igbo-english,afriswitchcare,whisper-large-v3-groq," 5U 5U 5U 5U 15U 15U 16U 16U 19U 20U 22U 23U 24U 25U 26M 26U 27U 2 25U 26U 27U 26U 27U 28U 24U 28U 25U 29U 29U 30U 30U 30U 31U 31U 31U 32U 33U 33U 33U 36U 33U 33U 39U 38U I'll ask you some questions. We'll come to that, okay? Okay. Okay. A fwo le ki di nou? A di me 52 years. Okay. 52. Alright. Gini? Oro gini ki naro? Oro na mirazo. Okay. Okay. Trida. Oro na mirazo. Okay. E lola di? E lola di. Okay. Alright. Hmm. Ina, ina, ina gachosh. Kwa o iwi Muslim. A omo e Christian Catholic. Ok, and you won't need to lie bit? Yeah, I won't need to lie bit. Ok, alright. So yes, let's come to your BP now, your blood pressure. And is this the first time that you tell that your BP has been high? No, it's not. I don't know how long it has been since I had my BP high, but it's been a long time. When was that? Ok, last year. Ok, last year. Alright, ok. Let me ask you some questions concerning that. Ok. Ishi na wagi mbobola? Ishi na wam. Ishi na lekuya eba. Eba. Ishi na kume eba. Onayi wam. Ok, alright. Onayi kuga mbobola throughout the day or just onayi bea? Once in a while? Mm, an , we was in Ayiaga. Oki. Alright. Umm, okay, oe ge we chon e enemy man akuge? Nba! Okey. Okey. So what do you take and the headache would will leave you I take paracetamol Ok ok ok Alright ok Do you have issues going to sleep? e mi hi mo ora nwa nbani. Mi lak bu i be nine. O nako after three. Nen mi taka tre, tre tarte. Ora po mi nanya ga mi hia ora igen. I don't have very good sleep. Alright. So, when do you go to sleep, a how time, nine, ten, eleven? I be nine. OK. To nine, after nine. I can make about 3 – 4 milk every day. Did you take any medicine? Yes. I took some. How about working one year? I see, you're having difficulty walking or climbing stairs? I'm learning step by step, I'm just getting used to it for now as usual. Alright, there's no problem. I want to ask you just a few questions, ok? have you stayed before and they told you maybe in him again okay all right okay then when you are sleeping now do you have difficulty breathing and then you wake up all of a sudden no okay okay okay that's all right okay um so i'll just ask you a few more i'm sorry i have no more questions. do you usually have joint pains? no alright do you have any problem with urinating? maybe you notice that you urinate frequently? no when you urinate do you have any pain? no no pain at all ok anyway constipation no alright and you got toilet Ba bula Nha fwa mdimi ma That good A jaye ki kwa? Nna fuzo fwa? Nna fuzo That's ok Ni zinu login na Nana oria BPI? A vamos Mama oria BPI Even o kwen li diabetes Ok, npa di kwa? Npa, pa me nwe. Ok, that's alright. Nwi, i he, aria mi ki gimbu nuk? Mi gimbu in the past, this series. Dika, e, mi ron osa? Nba, i wè mon osa. Ok, i ma yojinu ta i? Nba, nwa, ma jan, ma anme. Ok, nsuwa dyo. Ok, i simla, i lola dyo bi. An. Alright, um, umu li ki jin? Ngm ngen ਸੋ Ngé yi ngon ਸੋ Ngon. s ਸੁ અর্<|uk|> nsen ? do you need it so much? I can't . Ngon, Ngon. Ni w'o taj taj ti. I've just examined you a little bit. I just want to listen to your heart. Okay. Okay. Thank you. So now, based on your blood pressure day high today and the last day Guarant, most likely you may have an apple or a BP. danda meri kon o kon pangit danda meri pon pon mpano danda meri pon pon si ori ni pon si bine kon pon si ipo So if you get me to discuss with your family hospital I will refer you to that There are some tests that you are going to need to do. I will give you a photo of your chest. Ok, let me help you. Yes, here I have a chest X-ray. Ok. So you will do that chest X-ray to check the size of your heart. I gave me a test called ECG. That ECG test is to check how your heart is functioning. Then you also do a test to check your kidneys to be sure that the BP has not affected it as well. After checking all the cells and monitoring your blood pressure, once you confirm that it's hypertension that you have, you go. Then you'll be regular on those drugs. exactly you can add you you can edge a clinic move for the not for your doctor okay exactly monitoring your progress then is there any question they want to ask me so far definitely it's going to help with that it's not that but usually when your blood pressure is high my very common thing that happens is that you start to have headaches okay then additionally also there's some changes that don't make to your lifestyle you have to reduce the sauce you reduce the quantity you can always add the name exercise and move for me now my many quokka definitely definitely why not so if you cannot joke that always tick or call it brisk walk okay yeah yeah night Gigi for like 30 to 45 minutes we can even if it is five times a day you can do it to help you very well okay five times in a week okay okay okay okay thank you for coming thank you doctor all right thank you","Doctor good morning Good morning ma, welcome very much, welcome to the Outreach Clinic Ndee etu ịdị? I'm fine ma. You can have a seat Ok. Thank you You're welcome ma. Olee etu ịdị taa? Adị m mma nwa m. Adị m mma. Ọ sị m nwere BP. Yes, that's true. I can see from the, your blood pressure they checked this morning actually, it's actually quite high. Ee. But I'll ask you some questions. We'll come to that ok? Ok. Ok. Afa one ka ịdị now? Adị m 52 years. Ok. 52 Alright ma. Gịnị, ọrụ gịnị ka ina arụ? Anam ere azụ. Ok, ok. Ee. Trader. Anam ere azụ. Ok. Ịlụ ọ la di? A lụọ la ma di. Ok. Alright. I na, I na, I na-aga chọọchị ka ọ I bụ Muslim? Awụ m a Christian (Catholic). Alright. Ok. And i anụ onye Igbo naa abi? Ee. A wụ m onye Igbo Ok. Alright. So, yes, let's come to your BP now, your blood pressure. Is this the first time that you are told that your BP has been high? No, mba. Ọ nwekwara mgbe m gara ụlọ ọgwụ, ha agwa m na BP m di high but ejirọ m ahụ mgbe ahụ, ejirọ m ahụ. Ọ ihe mere When was that? Ọkwa last year Ok, alright Last year it's okay, nsogbu adirọ. Let me ask you some questions concerning that. Ok. Ishi gị, ishi gị, ishi gị ọ na-awa gị mgbe ọ bụla? Ishi a na-awa m? Ishi na awa, lekwe ya ebea Ok. Ebea. Ishi na-akụ m ebea. Ọ na-awa m Ok. Alright. Ọ na-akụ gi, ọ na-akụ gi mgbe ọ bụla throughout the day? Or just ọ na-abia once in a while? Ọ nwụghị throughout the day. O na abiakwa, mgbe ụfọdụ, ya akwusi kwa. Ok. Alright. Anya gi a, ọ nwee etụ ọ na-eme ma ọ na-akụ gi? Mba. Ok. Alright. So what do you take and then the headache will leave you? Ihe m na-añu bu paracetamol Ok, ok, ok. Alright, it's ok. Ihe ọzọ: I na akwa ụkwara? Mba. Ok. Alright. Do you have issues going to sleep? Doc, a naghi m ehi wa ụra n'abali. M lakpuo ebe 9, ọ na-akụ after 3, na enweta aka 3:30, ụra a pụọ ma n'anya. A gaghi m ehi wa ụra again. Ok. I don't have very good sleep Alright. So, like when do you go to sleep, around what time? Like 9, 10, 11 Ebe 9. Ok. To 9, after 9. Ọ na-akụ 3:30 - 4:00, ma elite. Ok, and you can't go back to sleep again? Yeah. Ok, ok. Alright, alright. Is there any drug you've taken because of that? Mba Alright. Ok. Ụkwụ gị azaala mbụ? Mba. Ụkwụ, ụkwụ anaa aza m. Ok. Ụkwụ ma anaghị aza. Ok. Alright. What about when you're walking? Do you have any difficulty walking or climbing stairs? My na-arị step maọbu m gaa ije too much, obi n'akụkụ kpim kpim kpim kpim. Ọ na-akụ m n'obi. Ok. And ọ na-akụ m n'obi. Ok. Alright. There's no problem. A chọọ m I jụ gị just ụfọdụ ajụjụ for , ok? Have you stayed before and they told you, maybe ihe mere gị, I jee ụlọ ọgwụ, agwa gị na I nwere stroke? Mba. Ok, ok. Alright, ok. Then, when you're sleeping now, do you have difficulty breathing and then you wake up all of a sudden? No. Ok, ok, ok. That's alright, ok. So I'll just ask you a few more questions. Do you usually have joint pains? Mba, no. Ok. Alright. Do you have any problem with your urinating? Maybe you noticed that you urinate frequently Mba, no Ok. When you're urinating, do you have any pain? No. No pain at all, ok. I na enwe constipation? No. No. Alright. I na-aga toilet mgbe ọ bụla? Afọ m di mma. Ok, afọ gi di mma. That's good to hear. Anya gi kwanu? I na-afụ ụzọ ọfụma? Ana m ahụ ụzọ. Alright. It's ok, that's ok. N'ezi n'ụlọ gi now, ọ nwere onye na-aria ọrịa BP ahụ. Ọ mma m oo, mma m. Mma m riara ọrịa BP, even o nwekwara diabetes. Ok. Mpa gi kwanu? Mba, mpa m enwerọ. Ok. That's alright. Ọ nwee ihe ọrịa meghi gi mbụ in the past di serious? Dika, I nwere ulcer? Mba, e nwero m ulcer. Ok. I ma your genotype? Mba. A marọ m. Ok. A marọ m. Nsogbu adirọ. Ok. I si na ịlụ ọ la dị abi? Ee. Alright, ụmụ ole ka iji? E ji m ụmụ anọ; ụmụ nwaanyị abụọ na ndị nwoke abụọ kwa Ok. Ee. Ọ naanị gị ka di gị nụrụ? Ee. Alright. Ok. Is there any drug you've taken in the past that your body reacted to? Mba. Alright, is there any drug your taking for any reason now? Ọ kwa paracetamol ahụ m na-añu ma ishi wawa m. Ok. Nsogbu adirọ, nsogbu adirọ. I will just examine you a little ok? I just want to listen to your heart. Ok. Alright. Ok, ok, thank you. So now based on your blood pressure di high today and last year, nke last year I gwara m. Most likely, ọ nwee ihe ana akpọ ọrịa BP, that's hypertension Ihe na-eme but that na mmadụ nwee ọrịa BP, that's hypertension now, your blood pressure will always be high and it can affect different parts of your body: your kidneys, your heart,even your eyes, if you don't discover it on time and start treating it, on drugs Ok. So ife ga eme wu, we'll discuss with your, with your. Shey i nwee hospital ebe ahụ? Ee, e nwee m. Alright, so we will tell them to refer you to that your family hospital. There are some tests that you're going to need to do. A ga ese, a ga ese gi foto Ok. Na your chest Ok. Yes, ihe a na-akpọ chest X-ray Ok. So, you'll do that chest X-ray to check the size of your heart. Anyị ga-enwe test a na-akpọ ECG Ok. That ECG test is to check how your heart is functioning. Ok. Then, you'll also do a test to check your kidneys to be sure that the BP has not affected it as well. So after checking all these things and monitor your blood pressure, we'll also confirm that it's hypertension that you have. My nye gị ọgwụ. Ok. Then, you'll be regular on those drugs. Ok. Exactly, I ga na-eje, I ga na-eje clinic mgbe ụfọdụ na-afụ your doctor. Ok. Exactly. To be monitoring your progress. Then, is there any question that you want to ask me so far? Ọ bụrụ ọgwụ BP aga enye m, ishi ahụ na-awa m, ọ ga akwụsị? Definitely, it's going to help with that. Ok. Its going to help with that cause usually, when your blood pressure is high; one very common thing that happens is that you start to have headaches, ok? Ok. Then additionally, there are some changes you're going to make to your lifestyle. You're going to have to reduce the salt Ok. iji na-eshi nri A di ma erizi nri? Mba, you'll reduce the quantity of, you can always add salt small Small, ok. Exactly, then I ga na-eme exercise mgbe ụfọdụ. Nna m, a ga m emedi kwa nke ahụ? Definitely, definitely, why not?. So if you cannot jog, you can always take what we call a brisk walk Ok. Yea, I na-aga ije for like 30-45 minutes. I nwee ike, even if it's 5 times a day. You can do it, it will help you very well. Ok? 5 times a day? 5 times in a week. Ok. Ok. Ok. Ọ nwee ihe ọ bụla I chọrọ ijụ m ọzọ? Mba. Ok. Nsogbu adirọ. Nsogbu adirọ. Thank you for coming, o Thank you Doctor. Imela ịnụ? Alright. Thank you.",10.452,0.6697,0.4522,0.7464,0.4846,
data/clips/igbo_02.wav,igbo-english,afriswitchcare,assemblyai-universal,"Good morning Doctor. Good morning Mau. Welcome to the Outreach Clinic. How old are you? I'm fine now. You can have a seat. How old are you? I'm one year old. I'm still with the baby. An, an, an, an. An, an, an. An, An. An, an An, an. An, an, an An, an. An, an. O na mi razo. E lola di? E lola mdi. I na gachos? Kwa o i wi muslim? A o mo e kristi, e katolik. E ni wo nyibu na abi? E a o mo nyibu. So yes, let's come to your BP now, your blood pressure. Is this the first time that being paid a EBP has been high? No, mba. Okwa mba mba mga ru logu. Ha gwa mba mna BP mdi high. Pote ije nyo ma hom ba. Ije ije ma hom. Onye mere wa. When was that? E, okwa lasti ye. Ok. Lasti ye. Alright. Ok. Nisi ba adyo? Eee. Let me ask you some questions concerning that. Ok. Eee. Ishi gi ishi na wagi mbobola? Ishi na wamu. Ishi na lekwe eba. Ok. Eba. Ishi na kume eba onaye wamu. Ok. Alright. Onaye kuge mbobola throughout the day or just onaye bya once in a while? Ou, ou, ou, tu ruwa di di. Ou na bia kwa mbufo, ya kose kwa. Oke, oke, alright. Anja gyi, ou tuwa ni imi, mo na kuge? Mba. Oke, oke, alright. Eee, so what do you take and then the headache will leave you? E, mna nuwa paracetamol. Oke, oke, oke. Alright, oke. Eee, yonzo, e na kuwa kwa ra? Mba. Do you have issues going to sleep? Do you have issues going to sleep? Do you have issues going to sleep? Do you have issues going to sleep? Do you have issues going to sleep? Do you have issues going to sleep Do you have issues Kwan you go to sleep? going to sleep? 9, Do you have issues going to sleep? issues going to sleep Do you have issues going 10, 11? to Ebe sleep 9. Do you have issues going to sleep Do you have issues to sleep Do you have issues going to sleep Kwa 9, after 9. Kwa 3.30 to 4.00 mi lite. Ok, and you can't go back to sleep again? Mba, mba. Is there any drug you have taken because of that? Mba. Ok, ok. Uk i go azala mba? Mba. Uk wana azala mba. Uk wama azala azala. Okay. Alright. What about when you're walking? Do you have any difficulty walking or climbing stairs? Na, re. Step. Mwa wongi ije tu. Wobi na kum bim. Bim, bim, bim. Wona kum nobi. Okay. Wona kum nobi. Okay, okay. Alright. There's no problem. Actually, we could just further out the gym for a while. Okay? Eto, eto, eto. Eto, eto. Eto, eto. Eto. Eto. Eto, eto. Eto, eto, eto, eto, eto. Eto. Eto. Eto eto eto eto eto eto eti eti eti eti eti eti. Eto, Mba. Alright. eto, eto, Do eto, eto you have any problem when you are eti urinating? eti, eti eti Maybe you notice that you urinate frequently? Mba. No. When you are urinating, do you have any pain? No. No pain at all. Okay. Do you have any constipation? No. Alright. Do you need to go to the toilet? Mba. Alright. Alrigth. Do you need to go to the toilet? Mba. Alright. Do you need to go the toilet? Mba? Alright, do you need to go to the toilet? Alrigh, do you need to go to the toilet? Alright, do you need Nizi nolog ina, wjena re ore a BPI? A w mam o. Mam re ore a BPI. Ivon o. O o kwa diabetist. Npa ge kwa? Npa me wein. Nweni, inhe ore a miki gin bono? Mwen gen bo, in the past, disi yos, di ka evi ronsa? Nba, evi ronsan. Ok, ima yo genotype? Nba, ima yo. Ok, nsoba diyo. Isim la ilo la diyabi? Alright, um wole ki iji? Mwenje mwenje mwenye mwenye mwenye mwenye Mwenje mwenje mwenye Mwenje Mwenye mwenje Mwenye mwenje Mwenye Mwenye mwenye Mwenye mwenye Mwenye Mwenye Mwenye Mwenye Mwenye Kwa praseta mo la, am na ngu mi shiwa wan. Oke. Oke. Kwa sa ba dya? Kwa sa ba dya? I've just examine you. I just want to listen to your heart. Oke. Alright. Oke. Oke. Thank you. So, now... Base on your blood pressure day high today and the last day you go around, most likely you will find out about urea BP, that's hypertension. Ihe ne me wo dat na. Madu we urea BP, that's hypertension na. Your blood pressure will always be high and it can affect different parts of your body, your kidneys, your heart, even your eyes, if you don't discover it on time and start treatment and drugs. So if I get mad, we'll discuss with your, with your, she's in a hospital, right? So I'm also going to refer you to that, your family hospital. You will need to do some tests. Alise, give me a photo of your chest. Alise, give of your chest. Alise, Alise photo. you me a a photo photo of your chest. Alise give you a photo of your chest. Alise give you a photo of your chest. Alise give you a photo of your chest. Alise give you a photo of your chest. Alise gives you a photo of your chest. Alisie give you a photo. Alisie Alise gives Alisie give you. Alisie give you. Alisie After checking give you. all these things and monitoring your blood pressure, once you confirm that it's hypertension that you have, then you'll be regular on those drugs. Exactly. You can go to the clinic and move forward. Not for your doctor. Exactly. Monitoring your progress. Is there any question they want to ask me so far? Mwa mwa mwa mwa mwa mwa Mwa mwa Mwa mwa Mwa Mwa Mwa Mwa mwa Mwa mwa Ndi ba? You will reduce the quantity. You can always add more. Smaller. Yes, exactly. Deni ge ne me exercise. Na magme meni kwaka. Definitely, definitely. Why not? So if you cannot jog, you can always take what we call a brisk walk. Na giji for like 30 to 45 minutes. Even if it is 5 times a day, you can do it. It will help you very well. five times in a day five times in a week okay okay okay thank you for coming oh thank you doctor all right thank you","Doctor good morning Good morning ma, welcome very much, welcome to the Outreach Clinic Ndee etu ịdị? I'm fine ma. You can have a seat Ok. Thank you You're welcome ma. Olee etu ịdị taa? Adị m mma nwa m. Adị m mma. Ọ sị m nwere BP. Yes, that's true. I can see from the, your blood pressure they checked this morning actually, it's actually quite high. Ee. But I'll ask you some questions. We'll come to that ok? Ok. Ok. Afa one ka ịdị now? Adị m 52 years. Ok. 52 Alright ma. Gịnị, ọrụ gịnị ka ina arụ? Anam ere azụ. Ok, ok. Ee. Trader. Anam ere azụ. Ok. Ịlụ ọ la di? A lụọ la ma di. Ok. Alright. I na, I na, I na-aga chọọchị ka ọ I bụ Muslim? Awụ m a Christian (Catholic). Alright. Ok. And i anụ onye Igbo naa abi? Ee. A wụ m onye Igbo Ok. Alright. So, yes, let's come to your BP now, your blood pressure. Is this the first time that you are told that your BP has been high? No, mba. Ọ nwekwara mgbe m gara ụlọ ọgwụ, ha agwa m na BP m di high but ejirọ m ahụ mgbe ahụ, ejirọ m ahụ. Ọ ihe mere When was that? Ọkwa last year Ok, alright Last year it's okay, nsogbu adirọ. Let me ask you some questions concerning that. Ok. Ishi gị, ishi gị, ishi gị ọ na-awa gị mgbe ọ bụla? Ishi a na-awa m? Ishi na awa, lekwe ya ebea Ok. Ebea. Ishi na-akụ m ebea. Ọ na-awa m Ok. Alright. Ọ na-akụ gi, ọ na-akụ gi mgbe ọ bụla throughout the day? Or just ọ na-abia once in a while? Ọ nwụghị throughout the day. O na abiakwa, mgbe ụfọdụ, ya akwusi kwa. Ok. Alright. Anya gi a, ọ nwee etụ ọ na-eme ma ọ na-akụ gi? Mba. Ok. Alright. So what do you take and then the headache will leave you? Ihe m na-añu bu paracetamol Ok, ok, ok. Alright, it's ok. Ihe ọzọ: I na akwa ụkwara? Mba. Ok. Alright. Do you have issues going to sleep? Doc, a naghi m ehi wa ụra n'abali. M lakpuo ebe 9, ọ na-akụ after 3, na enweta aka 3:30, ụra a pụọ ma n'anya. A gaghi m ehi wa ụra again. Ok. I don't have very good sleep Alright. So, like when do you go to sleep, around what time? Like 9, 10, 11 Ebe 9. Ok. To 9, after 9. Ọ na-akụ 3:30 - 4:00, ma elite. Ok, and you can't go back to sleep again? Yeah. Ok, ok. Alright, alright. Is there any drug you've taken because of that? Mba Alright. Ok. Ụkwụ gị azaala mbụ? Mba. Ụkwụ, ụkwụ anaa aza m. Ok. Ụkwụ ma anaghị aza. Ok. Alright. What about when you're walking? Do you have any difficulty walking or climbing stairs? My na-arị step maọbu m gaa ije too much, obi n'akụkụ kpim kpim kpim kpim. Ọ na-akụ m n'obi. Ok. And ọ na-akụ m n'obi. Ok. Alright. There's no problem. A chọọ m I jụ gị just ụfọdụ ajụjụ for , ok? Have you stayed before and they told you, maybe ihe mere gị, I jee ụlọ ọgwụ, agwa gị na I nwere stroke? Mba. Ok, ok. Alright, ok. Then, when you're sleeping now, do you have difficulty breathing and then you wake up all of a sudden? No. Ok, ok, ok. That's alright, ok. So I'll just ask you a few more questions. Do you usually have joint pains? Mba, no. Ok. Alright. Do you have any problem with your urinating? Maybe you noticed that you urinate frequently Mba, no Ok. When you're urinating, do you have any pain? No. No pain at all, ok. I na enwe constipation? No. No. Alright. I na-aga toilet mgbe ọ bụla? Afọ m di mma. Ok, afọ gi di mma. That's good to hear. Anya gi kwanu? I na-afụ ụzọ ọfụma? Ana m ahụ ụzọ. Alright. It's ok, that's ok. N'ezi n'ụlọ gi now, ọ nwere onye na-aria ọrịa BP ahụ. Ọ mma m oo, mma m. Mma m riara ọrịa BP, even o nwekwara diabetes. Ok. Mpa gi kwanu? Mba, mpa m enwerọ. Ok. That's alright. Ọ nwee ihe ọrịa meghi gi mbụ in the past di serious? Dika, I nwere ulcer? Mba, e nwero m ulcer. Ok. I ma your genotype? Mba. A marọ m. Ok. A marọ m. Nsogbu adirọ. Ok. I si na ịlụ ọ la dị abi? Ee. Alright, ụmụ ole ka iji? E ji m ụmụ anọ; ụmụ nwaanyị abụọ na ndị nwoke abụọ kwa Ok. Ee. Ọ naanị gị ka di gị nụrụ? Ee. Alright. Ok. Is there any drug you've taken in the past that your body reacted to? Mba. Alright, is there any drug your taking for any reason now? Ọ kwa paracetamol ahụ m na-añu ma ishi wawa m. Ok. Nsogbu adirọ, nsogbu adirọ. I will just examine you a little ok? I just want to listen to your heart. Ok. Alright. Ok, ok, thank you. So now based on your blood pressure di high today and last year, nke last year I gwara m. Most likely, ọ nwee ihe ana akpọ ọrịa BP, that's hypertension Ihe na-eme but that na mmadụ nwee ọrịa BP, that's hypertension now, your blood pressure will always be high and it can affect different parts of your body: your kidneys, your heart,even your eyes, if you don't discover it on time and start treating it, on drugs Ok. So ife ga eme wu, we'll discuss with your, with your. Shey i nwee hospital ebe ahụ? Ee, e nwee m. Alright, so we will tell them to refer you to that your family hospital. There are some tests that you're going to need to do. A ga ese, a ga ese gi foto Ok. Na your chest Ok. Yes, ihe a na-akpọ chest X-ray Ok. So, you'll do that chest X-ray to check the size of your heart. Anyị ga-enwe test a na-akpọ ECG Ok. That ECG test is to check how your heart is functioning. Ok. Then, you'll also do a test to check your kidneys to be sure that the BP has not affected it as well. So after checking all these things and monitor your blood pressure, we'll also confirm that it's hypertension that you have. My nye gị ọgwụ. Ok. Then, you'll be regular on those drugs. Ok. Exactly, I ga na-eje, I ga na-eje clinic mgbe ụfọdụ na-afụ your doctor. Ok. Exactly. To be monitoring your progress. Then, is there any question that you want to ask me so far? Ọ bụrụ ọgwụ BP aga enye m, ishi ahụ na-awa m, ọ ga akwụsị? Definitely, it's going to help with that. Ok. Its going to help with that cause usually, when your blood pressure is high; one very common thing that happens is that you start to have headaches, ok? Ok. Then additionally, there are some changes you're going to make to your lifestyle. You're going to have to reduce the salt Ok. iji na-eshi nri A di ma erizi nri? Mba, you'll reduce the quantity of, you can always add salt small Small, ok. Exactly, then I ga na-eme exercise mgbe ụfọdụ. Nna m, a ga m emedi kwa nke ahụ? Definitely, definitely, why not?. So if you cannot jog, you can always take what we call a brisk walk Ok. Yea, I na-aga ije for like 30-45 minutes. I nwee ike, even if it's 5 times a day. You can do it, it will help you very well. Ok? 5 times a day? 5 times in a week. Ok. Ok. Ok. Ọ nwee ihe ọ bụla I chọrọ ijụ m ọzọ? Mba. Ok. Nsogbu adirọ. Nsogbu adirọ. Thank you for coming, o Thank you Doctor. Imela ịnụ? Alright. Thank you.",20.932,0.7422,0.5095,0.8035,0.5375,
data/clips/igbo_03.wav,igbo-english,afriswitchcare,sahara-v2.5,,"Doc, good morning Good morning ma. Welcome to the outreach clinic Thank you Yes, you can have your seat. Thank you, Doc. Ok. Olee etu ịdị taa? Adịkwa m mma. Alright. Adị m mma. Ok. So, I will ask you some questions, ok? Ok. Afa ole ka ịdị taa now? Adị m, erukwala m 60. 60? Yes, 50 years Alright. Ọ nwee ọrụ ị na-arụ? Mba. Onwero. M nọ n'ụlọ. Ọ nwero ọrụ m na-arụ ugbua. Ok. Alright. I lụọ la di? Ee, a lụọ la m di. Ok. Nsogbu adirọ. Kee chọọchị ka ị na-ekpe ka ọ bụ Muslim? Mba, m na-aga Winners. [00:54:40 Winners? Ok. Alright, and ị nwụ onye Igbo naa Ee, a nwụ m onye Igbo. Ok, alright. So, gịnị mee gị iji bịa hụ anyị taa? Ọ nwụ maka ihea, ịnyụ mamịrị. Ok? Ee, a na m, a na m anyụ nnọọ mamịrị, you know. M nyụọ ga puta, ọ gaghị ete aka, ma gakwaa nyụọ. Ok? Even, e mechara m na-agụ kwa ya Ok? Na ụbọchị, a ga m anyụ ruchaa ugboro ịse na ịshịị. Ok. Kee mgbe o bidoro? O gafee la otu ọnwa. Ok. Otu ọnwa, ee. So, but n'ugbua, a na m anyụ ruchaa asaa na asato. Ok. M na-anyụ ruchaa ugboro asaa, nyụọ ugboro asatọ. Ee. Mgbe o bidoro kwanụ, ogbe ole ka i na-anyụ? Maybe ise. Ok. Ịshịị Alright, ok. So, ka m jụọ gị ụfọdụ ajụjụ. When you're urinating, ọ na-egbu gị mgbu? Mba. Ok. Mba Ok. That's alright. N'abali kwanu, I na-anyụ mamịrị n'abali? Oge mbu, m lakpuo, ma nyụọ mamịrị ofu ugboro. But ugbua, mgbe ụfọdụ, ugboro anọ. Ọ na-erute ugboro atọ, ugboro anọ before chị na-eho, m ga nyụọ mamịrị. Ok, ok. That's alright. Do you usually feel thirsty likely? Like you want to drink water all the time? Ọ na-eme m. Ok. Ọ na-eme m mgbe niile. Even a na m eji zi ihe dọwa mmiri ebe m nnọọ. Ok. Because mgbe niile, a na m añu mmírí. Ok. Do you also feel hungry all the time? Yes, m richa kwa ihe, m nọtu, ya adi ka ọ na m erighi ihe. M rikwa ọzọ. Ok. Ok, ok. Afọ g, ọ na-egbu gị mgbu? Mba. Mba. Ọ naghị egbụ m. Ok. I na-enwe any discharge? No. Na aputa n'ahụ gi? Mba. No discharge. Ok, ok, ok. That's alright. Ihe a na-akpọ, ihe ndi Igbo a na-akpọ ntata ngwere, ọ na-eme gị n'ụkwụ ma ọ n'aka? Ọ na-eme m. Ọ na-eme m ebe a, ebe a. Ọ ebe ọ na-eme m. Na-eriwashi m ọtụta ngwere na-eriwashi m, na eme m, ọ na-eme m, ebe a nnọọ ka ọ na-eme m. Ok. Alright, alright. Ok, nsogbu adirọ. So kam just jụọ gị. In recent time, is there any wound that you've had, maybe you noticed it's not healed fast or that has not healed? Ọ kwa just, mgbe a anyị shi krịsịmasi lọta, na Jenụwarị a, ka m mma merụrụ m ahụ ebe a. Nwanne m, ọ tebeghi anya ọ lara. Ọ nọgidekwara, ọ tebekwa anya, lekwe ya, ebe a. Ok. Ọ tebekwa anya ọ lara. Alright. Alright. Ọ nwụrụ mgbe mbụ m banyere, ụdị Ihea, ọ bụ oge ntakịrị, ọ mee, ya alaa. Nkea bụ, nkea nọgidekwara gị baa ọnya. M na-ete ya, ụmụ m teghe ya Penicillin. Ok. Tegide ya, ọ lakwara ahụ. Ok. Kam jugodi gị ofu ajụjụ maka that ịnyụ mamịrị Ok. Ok. Ọ nwee ihe I na, ọ nwee ihe i na-eme ya akwusi? Mba Ok, ok, ok. Is there anything that makes it worse? Maybe you noticed that if you drink water, you go more frequently abi? Ee. Alright, alright, alright. That's ok, that's ok. Is there any drug you've taken for it? Maybe you went to chemist and they gave you any drug. Mba No? Ok, alright, there's no problem. So, there's a suspicion that I have but we'll come to that ok? Ok I will have to ask you a few more questions now. Are you having any cough that's been there for long? No Any chest pain? No Ok, alright. Are you having any joint pains? No. No joint pains? Yes. Ok. Are you having diarrhoea? I na-eje toilet mgbe ọ bụla No. Ịnyụ nshị. Ok. Alright. Anya gị kwanụ? I na-ahụ ụzọ ọfụma? Alright A na m ahụ. Ok. Alright. That's ok. Let me ask you just a few more questions now. N'ezi n'ụlọ gị now, ọ nwere onye na-arịa ife a na-akpọ ọrịa sugar, ihe a na-akpọ diabetes. Ọ nwere onye na-arịa ya? Ọ nwekwaa Ok. Mpa m, mpa m rịara diabetes ahụ. Ọkpara nne m rịa kwara ya, my senior brother. Ok. Ee. Ọ rịa kwara a Ok. Nsogbụ adirọ. Yourself now, ọ nwere any illness giwa nwee? Ịnwe diabetes? Agwa go gị mbụ na inwe diabetes? Ọ nweberọ. What about hypertension? Ok, ọrịa BP. Mba, e nwerọ m. Ok, what about Ulcer? Mba, e nwerọ m ulcer. I nwerọ ulcer? Ee. Nsogbu adirọ. I ma your genotype? Mba. Ok. That's alright. Is there any drug that you're taking now? Mba. No drug? Ee. Ok. Is there any drug you've reacted to in the past? Mba. No drug? Ok. I sị m na i lụọ la di naa? Ee. Ok. Ọ naanị gị ka di gi lụụ? Yes. Ok. I ji ụmụ? A mụrụ m ụmụ abụọ Ok. Boy or girl? Ofu nwoke na ofu nwaanyị. Ok. That's good. So I bia n'ụlọ ọgwụ anyị a maka solution to your problem abi? Yes. Yes. So, the most likely cause for what you're experiencing now bụ ife a na-akpọ diabetes. Ok. But, a ga e still, anyi ga-eme gi test. So, some other things that can cause what you are experiencing, if you have a Urinary Tract Infection. Ok. If you have a sexually transmitted infection or a mixture of both, you get? So, we're going to do some tests for you. One of the tests anyi ga-eme bụ na your blood. Anyị ga-eme things a na-akpọ fasting blood sugar Ok. So, you'll have to go to the hospital, your hospital, it's here. Go there in the morning. After having fasted over the night, we're going to check your blood sugar Ok. Then, we're also going to do test for your urine. We're going to do what we call Urinalysis Test. Ok. And a Urine Culture Test as well also, to find out what exactly is the problem. But my first suspicion is that it is diabetes that you have most likely. And the fact that your family members also have it , increase the chances of you having it as well. Ok. Ok. So, if we do those things for you and we find out that you actually have diabetes, there are actually some, some things that you have to change in your lifestyle actually. Ok. Things such as reducing the sugar content of the food that you take. You're going to take less of carbohydrates: ji na ede na rice, you'll have to reduce them. Increase more of your proteins; more of beans; more of red meat, more of red meat. Exercise also will help you Ok. Then, i mee those things, anyị confirmuo na i nwee diabetes, ọ nwere ọgwụ anyị ga enye gị as well. Ok. Nsogbu adirọ. Ọ nwere I ga-enyekwa nu m ọgwụ ahụ, m hie ụra, aga m na-anyụ tukwa mamịrị ọfụma? So, once you start, once we confirm that it's diabetes and we start those drugs for you, your blood sugar is going to come down Ok. So, it's most likely for people that have diabetes. When their blood sugar is very high like that, it causes this their body to make them urinate frequently. As a result, so anyị nye gị that ọgwụ now, ọ ga akwusi. Ok. Thank you doctor. Nsogbu adirọ. Thank you doctor. So, we'll arrange with your hospital here, ok? Ok. Ok. Nsogbu adirọ. Thank you for Thank you, ịnụ? Ok. Thank you for coming here, alright. Thank you. God bless you.",,,,,,"Sahara upload failed for data/clips/igbo_03.wav (status 400): {""data"":{},""message"":""insufficient balance to process the file"",""status"":""Error""}
"
data/clips/igbo_03.wav,igbo-english,afriswitchcare,whisper-large-v3-groq," Good morning mao, welcome to the Altridge clinic. Thank you. You can have your seat. Thank you. Ok. Elete ditah. I will get your seat. Alright. Ok, so, I will ask you some questions. Ok. Ok. I'm 60 years old. 60 years old. 60 years old. What's your name? I'm Nulu. I'm Nulu. Okay. Alright. Do you know the church? Yes, I know. Okay. What's your name? What's the name of the church? I'm Muslim. Yes. Ndi biya. Ndi mga ka Winners. Winners? Ok. A ni woni woni. A ni woni. Ok. Alright. So, gini mi e giji biya? Wan e ta? O maka ya. E nyo ma me. Ndi ma je nyo ma me. Nyo, yon yon yon yon putak oge ta yama a takwa nyo. Nyo yon yon. Eme chera mna a go kwaya o. Ok. Nyo bochag man yon lucha o burise nishi. Ok. Ken bo bigro? Nyo ka fe lo tuwa owa. Ok. So, botu nyo wwa. An man yon lucha. E, e, e, e. Asa na asato. Ok. A, mma yo chaw borasa, yo borasa. Chatu. Ok. Mbo bidiro kwan? Ogo leki nan? Mbi isi. Ok. E, e. I shi. Alright. Ok. So, kanji go fuda ju ju? When you are urinating, mba? One bu gnomu? Mba. Ok. Mba. Ok. That's alright. E, nabali kwan? I nan yo mamri? Nabali. Nkwen gen mbu o, mla ku bwa man yon mamere o fubu. Nkwen gen mbu o mla ku bwa man yon mamere o fubu A bu fwa di u bura no me li te u bura to u bura no bi fwo o chi ni e ho kaya nyo ma me le Ok ok ok ok that alright Do you always feel thirsty? Like say, you want to drink water all the time? O ne men, o ne men, me li le. If you ran me jizi, e do wa me ne bem no, kwa si me ni lan man gwo me ne. Ok, you also feel hungry all the time? Yes, I feel hungry all the time. Ok, ok. Afo gyo ni bu gyo nbu? Nba. Ok. Ok. Ni we need discharge? No. No discharge. Ok. That's alright. Iyana, po ndi i bù lạ pò tə tangwè, onè i me gi nò kù mò ə nà kà? O nè, mè, e bà, e bà, o ə bò nè mè mè. Nè i diwa shimmy o tə tangwè ə ndi diwa shimmy, nè mè mò, o nè mè mè, e bà nè nò kè o nè mè. Ok, alright, alright, ok, so baddè. I want you to enjoy the music, but you can't. It's the same song you sang in the previous video. It's the same song you sang in the previous video. The same song you sang in the previous video. I'll listen to it from now on. I'm sorry. What's your name? What's your name? It's Yakuza. It's Yakuza. What's your name? Anda. Is there anything that makes it worse? Maybe you notice that if you drink water you go more frequently a bit? Err... Alright. Alright. Alright, that's ok. That's ok. Is there any drug you have taken for it Maybe you went to chemist and they give you any drug No Okay Alright No problem So there a suspicion that I have but we'll come to that. Okay? I'll ask you a few more questions now. Are you having any cough? Have you been there for long? No. Any chest pain? No. Okay. Alright. Are you having any joint pains? No. No joint pains? okay are you having diarrhea yeah toilet okay all right and I did when I in a hose of all right all right that's okay let me ask you just a few more questions Now, what is your name? Do you have diabetes? Yes, I have diabetes. I have a brother named Ria. Okay. Okay, thank you. Your self now, how many units do you have? What about Diabetes? What about Hypertension? Or BP? What about Ulcer? What about Ulcer? Is it your Genotype? Yes Okay, that's alright Is there any Drug that you are taking now? No okay is there any drug that you have reacted to in the past? no drug okay okay is there any drug that you have reacted to in the past? no drug okay or you have been to a drug store? yes okay boy or girl? boy or girl? okay that's good okay so if there is no drug in the store no longer enough like a solution to your problem yes yes yes so the most likely cause for what you are experiencing now with even more um diabetes but i did say i gave me the test so some other things that can cause what you are experiencing If you have a urinary tract infection Okay. Or you have a sexually transmitted infection. Okay. Or a mixture of both. You get. So, we are going to do some tests for you. One of the tests I gave me was my blood. Okay. me just a fasting blood sugar so you have to go to the hospital your hospital at this year you could end the morning after having fasted over the night then to check your blood your blood sugar they were also good to do tests for your urine we're going to do what we call you analysis tests and even culture test as well also to find out what exactly is the problem but my first suspicion is that it is diabetes that you have most likely and the fact that your family members also have it increases the chances of you having it as well okay uh so if we do those tests for you and we'll find out that you actually have diabetes there are actually some some things that you have to change in your lifestyle actually things such as reducing and the sugar content of the food that you take you're going to take less of carbohydrates g na ed na rice you have to reduce the intake increase more of your protein more beans more red meat more of red meat exercise also will help you okay then you made those tests and i confirm more with diabetes So, once you confirm that you have diabetes and we start those drugs for you, your blood sugar is going to come down. So it is most likely for people that have diabetes when their blood sugar is very high like that it causes their body to make them urinate frequently as a result. So I think that's all going to be the question. So we'll arrange with your hospital here. Okay. Thank you for coming in. Thank you. God bless you.","Doc, good morning Good morning ma. Welcome to the outreach clinic Thank you Yes, you can have your seat. Thank you, Doc. Ok. Olee etu ịdị taa? Adịkwa m mma. Alright. Adị m mma. Ok. So, I will ask you some questions, ok? Ok. Afa ole ka ịdị taa now? Adị m, erukwala m 60. 60? Yes, 50 years Alright. Ọ nwee ọrụ ị na-arụ? Mba. Onwero. M nọ n'ụlọ. Ọ nwero ọrụ m na-arụ ugbua. Ok. Alright. I lụọ la di? Ee, a lụọ la m di. Ok. Nsogbu adirọ. Kee chọọchị ka ị na-ekpe ka ọ bụ Muslim? Mba, m na-aga Winners. [00:54:40 Winners? Ok. Alright, and ị nwụ onye Igbo naa Ee, a nwụ m onye Igbo. Ok, alright. So, gịnị mee gị iji bịa hụ anyị taa? Ọ nwụ maka ihea, ịnyụ mamịrị. Ok? Ee, a na m, a na m anyụ nnọọ mamịrị, you know. M nyụọ ga puta, ọ gaghị ete aka, ma gakwaa nyụọ. Ok? Even, e mechara m na-agụ kwa ya Ok? Na ụbọchị, a ga m anyụ ruchaa ugboro ịse na ịshịị. Ok. Kee mgbe o bidoro? O gafee la otu ọnwa. Ok. Otu ọnwa, ee. So, but n'ugbua, a na m anyụ ruchaa asaa na asato. Ok. M na-anyụ ruchaa ugboro asaa, nyụọ ugboro asatọ. Ee. Mgbe o bidoro kwanụ, ogbe ole ka i na-anyụ? Maybe ise. Ok. Ịshịị Alright, ok. So, ka m jụọ gị ụfọdụ ajụjụ. When you're urinating, ọ na-egbu gị mgbu? Mba. Ok. Mba Ok. That's alright. N'abali kwanu, I na-anyụ mamịrị n'abali? Oge mbu, m lakpuo, ma nyụọ mamịrị ofu ugboro. But ugbua, mgbe ụfọdụ, ugboro anọ. Ọ na-erute ugboro atọ, ugboro anọ before chị na-eho, m ga nyụọ mamịrị. Ok, ok. That's alright. Do you usually feel thirsty likely? Like you want to drink water all the time? Ọ na-eme m. Ok. Ọ na-eme m mgbe niile. Even a na m eji zi ihe dọwa mmiri ebe m nnọọ. Ok. Because mgbe niile, a na m añu mmírí. Ok. Do you also feel hungry all the time? Yes, m richa kwa ihe, m nọtu, ya adi ka ọ na m erighi ihe. M rikwa ọzọ. Ok. Ok, ok. Afọ g, ọ na-egbu gị mgbu? Mba. Mba. Ọ naghị egbụ m. Ok. I na-enwe any discharge? No. Na aputa n'ahụ gi? Mba. No discharge. Ok, ok, ok. That's alright. Ihe a na-akpọ, ihe ndi Igbo a na-akpọ ntata ngwere, ọ na-eme gị n'ụkwụ ma ọ n'aka? Ọ na-eme m. Ọ na-eme m ebe a, ebe a. Ọ ebe ọ na-eme m. Na-eriwashi m ọtụta ngwere na-eriwashi m, na eme m, ọ na-eme m, ebe a nnọọ ka ọ na-eme m. Ok. Alright, alright. Ok, nsogbu adirọ. So kam just jụọ gị. In recent time, is there any wound that you've had, maybe you noticed it's not healed fast or that has not healed? Ọ kwa just, mgbe a anyị shi krịsịmasi lọta, na Jenụwarị a, ka m mma merụrụ m ahụ ebe a. Nwanne m, ọ tebeghi anya ọ lara. Ọ nọgidekwara, ọ tebekwa anya, lekwe ya, ebe a. Ok. Ọ tebekwa anya ọ lara. Alright. Alright. Ọ nwụrụ mgbe mbụ m banyere, ụdị Ihea, ọ bụ oge ntakịrị, ọ mee, ya alaa. Nkea bụ, nkea nọgidekwara gị baa ọnya. M na-ete ya, ụmụ m teghe ya Penicillin. Ok. Tegide ya, ọ lakwara ahụ. Ok. Kam jugodi gị ofu ajụjụ maka that ịnyụ mamịrị Ok. Ok. Ọ nwee ihe I na, ọ nwee ihe i na-eme ya akwusi? Mba Ok, ok, ok. Is there anything that makes it worse? Maybe you noticed that if you drink water, you go more frequently abi? Ee. Alright, alright, alright. That's ok, that's ok. Is there any drug you've taken for it? Maybe you went to chemist and they gave you any drug. Mba No? Ok, alright, there's no problem. So, there's a suspicion that I have but we'll come to that ok? Ok I will have to ask you a few more questions now. Are you having any cough that's been there for long? No Any chest pain? No Ok, alright. Are you having any joint pains? No. No joint pains? Yes. Ok. Are you having diarrhoea? I na-eje toilet mgbe ọ bụla No. Ịnyụ nshị. Ok. Alright. Anya gị kwanụ? I na-ahụ ụzọ ọfụma? Alright A na m ahụ. Ok. Alright. That's ok. Let me ask you just a few more questions now. N'ezi n'ụlọ gị now, ọ nwere onye na-arịa ife a na-akpọ ọrịa sugar, ihe a na-akpọ diabetes. Ọ nwere onye na-arịa ya? Ọ nwekwaa Ok. Mpa m, mpa m rịara diabetes ahụ. Ọkpara nne m rịa kwara ya, my senior brother. Ok. Ee. Ọ rịa kwara a Ok. Nsogbụ adirọ. Yourself now, ọ nwere any illness giwa nwee? Ịnwe diabetes? Agwa go gị mbụ na inwe diabetes? Ọ nweberọ. What about hypertension? Ok, ọrịa BP. Mba, e nwerọ m. Ok, what about Ulcer? Mba, e nwerọ m ulcer. I nwerọ ulcer? Ee. Nsogbu adirọ. I ma your genotype? Mba. Ok. That's alright. Is there any drug that you're taking now? Mba. No drug? Ee. Ok. Is there any drug you've reacted to in the past? Mba. No drug? Ok. I sị m na i lụọ la di naa? Ee. Ok. Ọ naanị gị ka di gi lụụ? Yes. Ok. I ji ụmụ? A mụrụ m ụmụ abụọ Ok. Boy or girl? Ofu nwoke na ofu nwaanyị. Ok. That's good. So I bia n'ụlọ ọgwụ anyị a maka solution to your problem abi? Yes. Yes. So, the most likely cause for what you're experiencing now bụ ife a na-akpọ diabetes. Ok. But, a ga e still, anyi ga-eme gi test. So, some other things that can cause what you are experiencing, if you have a Urinary Tract Infection. Ok. If you have a sexually transmitted infection or a mixture of both, you get? So, we're going to do some tests for you. One of the tests anyi ga-eme bụ na your blood. Anyị ga-eme things a na-akpọ fasting blood sugar Ok. So, you'll have to go to the hospital, your hospital, it's here. Go there in the morning. After having fasted over the night, we're going to check your blood sugar Ok. Then, we're also going to do test for your urine. We're going to do what we call Urinalysis Test. Ok. And a Urine Culture Test as well also, to find out what exactly is the problem. But my first suspicion is that it is diabetes that you have most likely. And the fact that your family members also have it , increase the chances of you having it as well. Ok. Ok. So, if we do those things for you and we find out that you actually have diabetes, there are actually some, some things that you have to change in your lifestyle actually. Ok. Things such as reducing the sugar content of the food that you take. You're going to take less of carbohydrates: ji na ede na rice, you'll have to reduce them. Increase more of your proteins; more of beans; more of red meat, more of red meat. Exercise also will help you Ok. Then, i mee those things, anyị confirmuo na i nwee diabetes, ọ nwere ọgwụ anyị ga enye gị as well. Ok. Nsogbu adirọ. Ọ nwere I ga-enyekwa nu m ọgwụ ahụ, m hie ụra, aga m na-anyụ tukwa mamịrị ọfụma? So, once you start, once we confirm that it's diabetes and we start those drugs for you, your blood sugar is going to come down Ok. So, it's most likely for people that have diabetes. When their blood sugar is very high like that, it causes this their body to make them urinate frequently. As a result, so anyị nye gị that ọgwụ now, ọ ga akwusi. Ok. Thank you doctor. Nsogbu adirọ. Thank you doctor. So, we'll arrange with your hospital here, ok? Ok. Ok. Nsogbu adirọ. Thank you for Thank you, ịnụ? Ok. Thank you for coming here, alright. Thank you. God bless you.",12.172,0.6393,0.4072,0.7246,0.4431,
data/clips/igbo_03.wav,igbo-english,afriswitchcare,assemblyai-universal,"Good morning. Good morning, ma. Yeah. Welcome to the outreach clinic. Thank you. Yes, you can. You can have your seats. Thank you. Okay. A little detail. The qua momma. All right. Okay. So, I'll ask you some questions. Okay. Okay. For a little detail now. I don't call them sixty. Sixty years. Okay. All right. Worried now? Mba, we nomnulo. Worried now? Mba. Okay. All right. Ilola de. Okay. That's about it. Um. Ke le church ke ne ke be ko ye we Muslim. Maka winners, winners. Okay, all right. I need one yibo na. I have one yibo. Okay, all right. So give me, give me a gigi bia. Waiter. Oh, maka ya. In your mommy. Okay. Anoma, anoma you know mommy. You know, onion pota. Okay. Asana sato. Okay. Mm-hmm. Ma, you tell borasa. You borasa. Sato. Okay. Bo bo bidirokan. Okay. Looking at you. Maybe say. Okay. Okay. All right. Okay. So, kanji go for that, Juju? When you are urinating, oni bu ngumbu. Okay. Okay, that's all right. Na ba lekwane? Inani mamere na ba le? O game boo mola ke boo manyo mamere o fuburu. Tshwenyeho. Betsu bo a boo for di borano. Mme le tseo borato borano before tshwenyeho. Ka nyo mamere. Okay, okay, okay, okay. That's all right. Do you always feel thirsty? Like say you want to drink water all the time. Okay. Okay. If you run me using here, don't want me to be no because when you run mango me no. Okay. You also feel hungry all the time? Yes. Mm. Richa kwa here not to ya de kere. Mm. Mm. Be kwa also. Okay. Okay. Okay, afogoni bugungbu. Okay, okay. Ne weyini discharge? No, no discharge. Okay, okay, okay. That's all right. Uh, Neme eba, eba. Oye bone meme. Ne di washimi atetangu, ne di washimi ne meme. Oh ne meme eh. Eba no clone meme. Okay, all right, all right. Okay, so bad. Um, so come just drug in recent time. Is there any wound that you have had that maybe you noticed did not heal? Fast. Okay. Was not healed. Mba ishi Christmas lota na January ka mameru romahweba. One name, u tebe ku anyola. U no gide kwala, u tebe ku anyola. All right, all right. Okay. Take it there. Oh, that's quite rare. Okay. Come to go for that jumaka. That's in your memory. Okay. Okay. When you name me? Yeah, of course. Okay. Okay. Is there anything that makes it worse? Maybe you notice that if you drink water, you go you go more frequently. Abi. All right, all right, all right. That's okay, that's okay. Is there any drug you have taken for it? Maybe you went to chemists and they give you any drug? No. Okay, all right, there's no problem. Um, so there's a suspicion that I have, but we'll come to that. Okay, okay. Let me ask you a few more questions now. Um, are you having any cough? Has been there for long? No. Any chest pain? No. Okay, all right. Are you having any joint pains? No. No joint pains. Okay. Are you having diarrhea? Toilet? Okay, all right. Um, all right. Okay. All right, that's okay. Let me ask you just a few more questions now. Neezi no login na? Unye na rea ifana bo rea sugar, na bo diabetes. Unye na rea? Ah, pam. Okay. Pam pam rea diabetes. Ah ha. Opona name rea kwa rea? My senior brother. Okay. Okay. Okay, so bad. Yourself now, any illness? You with diabetes? Abaku gimbu ni with diabetes? What about hypertension or your BP? Okay. What about ulcer? Umma ulcer. Umma ulcer. Is it bad? Am I your genotype? Okay, okay, that's all right. Um, is there any drug that you're taking now? No drug. Okay, is there any drug that you have reacted to in the past? No drug. Okay, okay. Yes. Okay. Boy or girl? Okay, that's good. Okay, uh, so if there are no longer enough solution to your problem, yes, yes. So the most likely cause for what you are experiencing now, um, diabetes. Okay, but I get to see— I can make you tests. So some other things that can cause what you are experiencing, if you have a urinary tract infection or you have a sexually transmitted infection or a mixture of both, you get. So we're going to do some tests for you, um, One of the tests I gave me, now your blood, I gave me test about fasting blood sugar. Okay, so you have to, um, go to, um, the hospital, your hospital that is here. You go there in the morning after having fasted over the night for them to check your blood, your blood sugar. Okay, then we're also going to do tests for your urine. We're going to do what we call urinalysis tests. Okay. A urine culture test as well also to find out, um, what exactly is the problem. But my first suspicion is that it is diabetes that you have, most likely. And the fact that your family members also have it increases the chances of you having it as well. Okay, uh, so if we do those tests for you and we'll find out that you actually have diabetes, there are actually some Some things that you have to change in your lifestyle, actually. Things such as reducing the sugar content of the food that you take. You're going to take less of carbohydrates. G na ede na rice. You have to reduce the intake. Increase more of your protein, more of beans, more of red meats. More of red meats. Exercise also will help you. Then he made those tests, and I confirm more with diabetes. Wrong guy again, yeah, yeah, as well. Okay. So once you start those, once we confirm that it's diabetes and we start those drugs for you, your blood sugar is going to come down. Okay. So it is most likely. For people that have diabetes, when their blood sugar is very high like that, it causes their body to make them to urinate frequently as a result. So I need to get that all good now. Okay, thank you, doctor. Thank you, doctor. So we'll arrange with your hospital here. Okay, okay. Thank you for— thank you for coming in. Thank you. God bless you.","Doc, good morning Good morning ma. Welcome to the outreach clinic Thank you Yes, you can have your seat. Thank you, Doc. Ok. Olee etu ịdị taa? Adịkwa m mma. Alright. Adị m mma. Ok. So, I will ask you some questions, ok? Ok. Afa ole ka ịdị taa now? Adị m, erukwala m 60. 60? Yes, 50 years Alright. Ọ nwee ọrụ ị na-arụ? Mba. Onwero. M nọ n'ụlọ. Ọ nwero ọrụ m na-arụ ugbua. Ok. Alright. I lụọ la di? Ee, a lụọ la m di. Ok. Nsogbu adirọ. Kee chọọchị ka ị na-ekpe ka ọ bụ Muslim? Mba, m na-aga Winners. [00:54:40 Winners? Ok. Alright, and ị nwụ onye Igbo naa Ee, a nwụ m onye Igbo. Ok, alright. So, gịnị mee gị iji bịa hụ anyị taa? Ọ nwụ maka ihea, ịnyụ mamịrị. Ok? Ee, a na m, a na m anyụ nnọọ mamịrị, you know. M nyụọ ga puta, ọ gaghị ete aka, ma gakwaa nyụọ. Ok? Even, e mechara m na-agụ kwa ya Ok? Na ụbọchị, a ga m anyụ ruchaa ugboro ịse na ịshịị. Ok. Kee mgbe o bidoro? O gafee la otu ọnwa. Ok. Otu ọnwa, ee. So, but n'ugbua, a na m anyụ ruchaa asaa na asato. Ok. M na-anyụ ruchaa ugboro asaa, nyụọ ugboro asatọ. Ee. Mgbe o bidoro kwanụ, ogbe ole ka i na-anyụ? Maybe ise. Ok. Ịshịị Alright, ok. So, ka m jụọ gị ụfọdụ ajụjụ. When you're urinating, ọ na-egbu gị mgbu? Mba. Ok. Mba Ok. That's alright. N'abali kwanu, I na-anyụ mamịrị n'abali? Oge mbu, m lakpuo, ma nyụọ mamịrị ofu ugboro. But ugbua, mgbe ụfọdụ, ugboro anọ. Ọ na-erute ugboro atọ, ugboro anọ before chị na-eho, m ga nyụọ mamịrị. Ok, ok. That's alright. Do you usually feel thirsty likely? Like you want to drink water all the time? Ọ na-eme m. Ok. Ọ na-eme m mgbe niile. Even a na m eji zi ihe dọwa mmiri ebe m nnọọ. Ok. Because mgbe niile, a na m añu mmírí. Ok. Do you also feel hungry all the time? Yes, m richa kwa ihe, m nọtu, ya adi ka ọ na m erighi ihe. M rikwa ọzọ. Ok. Ok, ok. Afọ g, ọ na-egbu gị mgbu? Mba. Mba. Ọ naghị egbụ m. Ok. I na-enwe any discharge? No. Na aputa n'ahụ gi? Mba. No discharge. Ok, ok, ok. That's alright. Ihe a na-akpọ, ihe ndi Igbo a na-akpọ ntata ngwere, ọ na-eme gị n'ụkwụ ma ọ n'aka? Ọ na-eme m. Ọ na-eme m ebe a, ebe a. Ọ ebe ọ na-eme m. Na-eriwashi m ọtụta ngwere na-eriwashi m, na eme m, ọ na-eme m, ebe a nnọọ ka ọ na-eme m. Ok. Alright, alright. Ok, nsogbu adirọ. So kam just jụọ gị. In recent time, is there any wound that you've had, maybe you noticed it's not healed fast or that has not healed? Ọ kwa just, mgbe a anyị shi krịsịmasi lọta, na Jenụwarị a, ka m mma merụrụ m ahụ ebe a. Nwanne m, ọ tebeghi anya ọ lara. Ọ nọgidekwara, ọ tebekwa anya, lekwe ya, ebe a. Ok. Ọ tebekwa anya ọ lara. Alright. Alright. Ọ nwụrụ mgbe mbụ m banyere, ụdị Ihea, ọ bụ oge ntakịrị, ọ mee, ya alaa. Nkea bụ, nkea nọgidekwara gị baa ọnya. M na-ete ya, ụmụ m teghe ya Penicillin. Ok. Tegide ya, ọ lakwara ahụ. Ok. Kam jugodi gị ofu ajụjụ maka that ịnyụ mamịrị Ok. Ok. Ọ nwee ihe I na, ọ nwee ihe i na-eme ya akwusi? Mba Ok, ok, ok. Is there anything that makes it worse? Maybe you noticed that if you drink water, you go more frequently abi? Ee. Alright, alright, alright. That's ok, that's ok. Is there any drug you've taken for it? Maybe you went to chemist and they gave you any drug. Mba No? Ok, alright, there's no problem. So, there's a suspicion that I have but we'll come to that ok? Ok I will have to ask you a few more questions now. Are you having any cough that's been there for long? No Any chest pain? No Ok, alright. Are you having any joint pains? No. No joint pains? Yes. Ok. Are you having diarrhoea? I na-eje toilet mgbe ọ bụla No. Ịnyụ nshị. Ok. Alright. Anya gị kwanụ? I na-ahụ ụzọ ọfụma? Alright A na m ahụ. Ok. Alright. That's ok. Let me ask you just a few more questions now. N'ezi n'ụlọ gị now, ọ nwere onye na-arịa ife a na-akpọ ọrịa sugar, ihe a na-akpọ diabetes. Ọ nwere onye na-arịa ya? Ọ nwekwaa Ok. Mpa m, mpa m rịara diabetes ahụ. Ọkpara nne m rịa kwara ya, my senior brother. Ok. Ee. Ọ rịa kwara a Ok. Nsogbụ adirọ. Yourself now, ọ nwere any illness giwa nwee? Ịnwe diabetes? Agwa go gị mbụ na inwe diabetes? Ọ nweberọ. What about hypertension? Ok, ọrịa BP. Mba, e nwerọ m. Ok, what about Ulcer? Mba, e nwerọ m ulcer. I nwerọ ulcer? Ee. Nsogbu adirọ. I ma your genotype? Mba. Ok. That's alright. Is there any drug that you're taking now? Mba. No drug? Ee. Ok. Is there any drug you've reacted to in the past? Mba. No drug? Ok. I sị m na i lụọ la di naa? Ee. Ok. Ọ naanị gị ka di gi lụụ? Yes. Ok. I ji ụmụ? A mụrụ m ụmụ abụọ Ok. Boy or girl? Ofu nwoke na ofu nwaanyị. Ok. That's good. So I bia n'ụlọ ọgwụ anyị a maka solution to your problem abi? Yes. Yes. So, the most likely cause for what you're experiencing now bụ ife a na-akpọ diabetes. Ok. But, a ga e still, anyi ga-eme gi test. So, some other things that can cause what you are experiencing, if you have a Urinary Tract Infection. Ok. If you have a sexually transmitted infection or a mixture of both, you get? So, we're going to do some tests for you. One of the tests anyi ga-eme bụ na your blood. Anyị ga-eme things a na-akpọ fasting blood sugar Ok. So, you'll have to go to the hospital, your hospital, it's here. Go there in the morning. After having fasted over the night, we're going to check your blood sugar Ok. Then, we're also going to do test for your urine. We're going to do what we call Urinalysis Test. Ok. And a Urine Culture Test as well also, to find out what exactly is the problem. But my first suspicion is that it is diabetes that you have most likely. And the fact that your family members also have it , increase the chances of you having it as well. Ok. Ok. So, if we do those things for you and we find out that you actually have diabetes, there are actually some, some things that you have to change in your lifestyle actually. Ok. Things such as reducing the sugar content of the food that you take. You're going to take less of carbohydrates: ji na ede na rice, you'll have to reduce them. Increase more of your proteins; more of beans; more of red meat, more of red meat. Exercise also will help you Ok. Then, i mee those things, anyị confirmuo na i nwee diabetes, ọ nwere ọgwụ anyị ga enye gị as well. Ok. Nsogbu adirọ. Ọ nwere I ga-enyekwa nu m ọgwụ ahụ, m hie ụra, aga m na-anyụ tukwa mamịrị ọfụma? So, once you start, once we confirm that it's diabetes and we start those drugs for you, your blood sugar is going to come down Ok. So, it's most likely for people that have diabetes. When their blood sugar is very high like that, it causes this their body to make them urinate frequently. As a result, so anyị nye gị that ọgwụ now, ọ ga akwusi. Ok. Thank you doctor. Nsogbu adirọ. Thank you doctor. So, we'll arrange with your hospital here, ok? Ok. Ok. Nsogbu adirọ. Thank you for Thank you, ịnụ? Ok. Thank you for coming here, alright. Thank you. God bless you.",15.482,0.6102,0.3724,0.7007,0.4095,
data/clips/igbo_04.wav,igbo-english,afriswitchcare,sahara-v2.5,,"Good morning Doctor Good morning ma, welcome to the hospital. How are you doing? I'm good, thank you. Please, you can have a seat. Alright. Thank you Ok. Let me just ask you some questions first, just to confirm. How old are you now? Adim 30 years Ok. Ọrụ gịnị ka I na-arụ? I'm a business woman Ok. E nwem shop Ok. Gịnị ka I na-ere? Provision shop. Ok, ok. Ịlụ ọ na di? Mba. Alright. I na-ekpe chọọchị ka ọ I na ekpe Muslim? M na-ekpe chọọchị. Alright, and i bụ onye Igbo naa? A bụ m onye Igbo. A na m aga Anglican Church Nsogbu adirọ. Nsogbu adirọ. Gịnị mere iji bịa ụlọ ọgwụ taa? Ọ Doc, I came because of cough. A nam akwa ụkwara too much. Ọ ihea, kemgbe one week Sorry. Too much cough. Constant cough Ok. So the cough now, kee ka ọ na-eme gị? Are you. O bido, ị ga na-ahụ na-akụ, ka ọ just ọ mee gị once or twice, ọ kwụsị? M ga na-akwa na-akwa na-akwa, continuous coughing. Ok. Ọ nwee ihe na-apụta ma ị na-akwa ụdị ụkwara a? Mba. Ok, alright. E nwee ihe ị na-eme, ị gaa ebe ọzọ maọbu ị jee ebe ọ bụla, I na-akwa ụkwara. Ma ọbu ị ṅụọ mmiri oyi, ị na-akwa ụkwara? Mba Ok. So there's nothing that triggers it? Mba. Ok. Alright. Is there anything that you've noticed that makes the cough better? Mba. No. Ok. Ok. That's alright. Ahụ gị, ọ na-enwu ọkụ? E nwe dị m ahụ ọkụ. Ok. M na-enwe ahụ ọkụ. Ok. When did it start? Ihea bịdọrọ since 5 days. Ok. Like, e nwee m ahụ ọkụ since 5 days now. Ok. So ahụ gị na-anwụ ọkụ, is it throughout the day ? or in the morning it's high; afternoon it comes down; then it goes up again, then it comes back. Ahụ ọkụ steady. Constant ahụ ọkụ. Ok. Ndo. Have you noticed if you are loosing weight recently? No. Mba. Ok. Whenever you're sleeping in the night, are you really sweating excessively? Have you noticed any thing like that? Mba. Ok. Have you had contact with anyone that has been coughing recently? Mba, mba. Alright, alright, ok. That's ok. What about difficulty in breathing or shortness of breath? Do you feel like you're not breathing enough? Doc, ọkwa kemgbe. In fact, that's the reason I came. Ọ kemgbe 2days ka m chọpụtara ka, 2 days now, ọ na-ara ma ahụ, you know, ịkụ ụme for 2 days now. Ok, ok. And since it started that 2 days ago, has it been the same or its been getting worse? It's been getting worse. Ok. This type of cough now, have you had this type of cough before? Mba. Ok, ok. That's alright. Is there any other problem other than what you've discussed now that brought you to the hospital? No, no. Its just the cough. Ok. Did you travel recently? Mba. No. Alright. Ok. So I'll ask you just a few more questions Ok, Doc. Afọ, ọ na-asa gị? Mba. Ok. I na-enwe constipation? Mba. Ok. Your joints, do you have any pains in your joints? No. No pains in your joints. Anya gị kwanụ? I na-afụ ụzọ ọfụma? A na m ahụ ụzọ ọfụma. Ok, ok, ok. Ọ dị mma. Nsogbụ adirọ. Just a few more questions. I nwere any ọrịa ị na-arịa dika ife a na akpọ high BP (Hypertension)? No. I don't. I nwere ọrịa sugar? Ihe a na-akpọ diabetes. Mba. Ok. I nwere ulcer? Mba. Alright, ok. N'ezi n'ụlọ gị now, ọ nwee onye nwee any of these sicknesses m jụrụ gị now? Mba kwa o. Ok, ok,ok. That's alright. Are you currently taking any drugs now? No. Ok. No. That's why I came. Alright. Have you reacted to any drug before? No. Ok, it's alright. Thank you. So I'm going to examine you now, ok? I want to listen to your chest: the upper part, middle part and the lower part, ok? Ok. And if you feel any discomfort at any point, just let me know so that I can stop, alright? Ok. Ok. Ok. That's ok. So, from everything that we've discussed, I'm suspecting that you most likely have what we call 'Bronchopneumonia'. Ok. Pneumonia, simply put. Yes, and you can actually get it from the community due to risk factors like overcrowding or exposure to somebody that has such type of cough, you understand? As in, coughing for a long time, ok? There are other possibilities but they are less likely cause if some of the information that you've given me; such as tuberculosis. But from everything you've discussed, it's unlikely. But we're going to run some things for you to confirm my suspicions, ok? Ok. And you're going to do, a ga-ese gị foto na your chest, ok? You are gonna do a chest X-ray. We're going to take a sample of your. Ok, ị si na ọ nwerọ ihe na-apụta ma ị kwaa ụkwara, abi? Obere. In short o nweghọ, ọ nweghọ. Ọ just na-akwa but anụ ma akwaputa ihe. Ok, ok. Nsogbụ adirọ, nsogbụ adirọ. We'll still do a full blood count test for you. Ok. We will still do a full blood count test for you. There's no problem. So, when we get the results of your test, we'll let you know. Then the final issue will be discovered, then we'll give you drugs for it as well, ok? Ok. Then ok? Ok. So most likely, when it's confirmed, you'll get some antibiotics that you'll take for a period of time - about a week or two, ok? So we'll let you know when the results are out. Ok. Thank you very much for coming to the hospital, o? Thank you, Doctor. Doctor, thank you. But, ị nye m ọgwụ ahụ, ụkwara a, apart from ụkwara - that shortness of breath Ọ ga-akwusi, ọ ga-akwusi Ok. Ọ nwerọ nsogbụ, ịnụ? Ok. Thank you. Alright.",,,,,,"Sahara upload failed for data/clips/igbo_04.wav (status 400): {""data"":{},""message"":""insufficient balance to process the file"",""status"":""Error""}
"
data/clips/igbo_04.wav,igbo-english,afriswitchcare,whisper-large-v3-groq," Good morning Bob. Good morning ma, welcome to the hospital. How are you doing? I'm good, thank you. Please, you can have a seat. Alright, it's okay. Let me just ask you some questions first. Just to confirm, how old are you now? I'm 30 years. Okay. okay are we gonna can I'm a businesswoman okay okay okay okay okay What do you mean by cough? What happened? I came because of cough and my mouth was too much yeah it can be one week cough constant cough So the cough now what is it making? Are you all bitter? or just making once or twice or what? I am not, I am not coffee. Okay. Okay. Okay. Okay Okay Okay Okay So this is the cough So this is your cough Ok Is there anything that makes the cough better Ok Is there anything that makes the cough better? No. Ok. That's alright. Ok. You are there now. Ok. When did it start? I have been doing this for five days. ਸੋ nv-o uu in-syn five days. Oka. Nv-o awonk o sin five days na. ਧো কো. ਸੋ আো কে বারো আ আ ও বরো ? ো ো ো আ ও বরো. বো বরো আ ও বরো. বো আ ও বরো. Khonkon law. Ok. Yodo. Ya. Have you noticed if you are losing weight recently? No. Ok. Whenever you are sleeping the night, are you always sweating excessive? Have you noticed anything like that? No. Ok. Have you had contact with anyone that has been coughing for a long time recently? No. Alright. That's ok. What about difficulty in breathing or shortness of bread do you feel like you're not breathing alone well i came with the fact that the reason i came i came with two days i'm chopped like two days now you know okay and since i started that two days ago has it been the same which is that's been getting worse it been getting worse okay um this type of cough now have you had this type of cough before No Okay Okay That all right Is there any other problem other than what we have discussed now that brought you to the hospital No. It's just the cough. Okay. Did you travel recently? No. All right. Okay. So, I'll ask you just a few more questions. Okay. Afo Nasage? No. Okay. Newe Constipation? No. Okay. and your joints i have any pains in your joints no no pains in your joints energy quite enough just a few more questions Do you have any symptoms of high BP or hypertension? No, I don't. Do you have any symptoms of diabetes? No. Do you have any symptoms of ulcer? No. Alright. Okay. Do you have any symptoms of any of these diseases? No. Okay. Okay. That's alright. Are you currently taking any drugs now? no that's why i came all right have you reacted to any drugs before no okay that's all right thank you so i'm going to examine you now okay i want to listen to your chest the upper parts the middle parts and the lower parts okay okay and if you feel any discomfort at any time just let me know that i stop all right okay okay thank you that okay so um from everything that we have discussed I suspecting that you most likely have what we call bronchopneumonia pneumonia okay simply put yes and um what you can actually get it from the community to do some risk factors like overcrowding or exposure to somebody that has such type of cough you understand as a coffin for a long time okay um there are other possibilities but they are less likely with some of the information that you have given me such as tuberculosis but from everything you discussed it's unlikely but we're going to run some tests for you to confirm my suspicions okay and we are going to do um i guess a photo for your chests okay you don't call it chest x-ray okay i'm going to take a sample of your okay okay okay that's what i do we'll still do a full block test for you okay we'll see the full block contest for you there's no problem so when we get the results of your tests um we'll let you know and the final issue that was discovered and give you drugs for it as well okay okay so most likely if it is confirmed you get some antibiotics that you take for a period of time about a week or two okay so we'll let you know when the results are out okay thank you very much welcome to the hospital okay thank you all right","Good morning Doctor Good morning ma, welcome to the hospital. How are you doing? I'm good, thank you. Please, you can have a seat. Alright. Thank you Ok. Let me just ask you some questions first, just to confirm. How old are you now? Adim 30 years Ok. Ọrụ gịnị ka I na-arụ? I'm a business woman Ok. E nwem shop Ok. Gịnị ka I na-ere? Provision shop. Ok, ok. Ịlụ ọ na di? Mba. Alright. I na-ekpe chọọchị ka ọ I na ekpe Muslim? M na-ekpe chọọchị. Alright, and i bụ onye Igbo naa? A bụ m onye Igbo. A na m aga Anglican Church Nsogbu adirọ. Nsogbu adirọ. Gịnị mere iji bịa ụlọ ọgwụ taa? Ọ Doc, I came because of cough. A nam akwa ụkwara too much. Ọ ihea, kemgbe one week Sorry. Too much cough. Constant cough Ok. So the cough now, kee ka ọ na-eme gị? Are you. O bido, ị ga na-ahụ na-akụ, ka ọ just ọ mee gị once or twice, ọ kwụsị? M ga na-akwa na-akwa na-akwa, continuous coughing. Ok. Ọ nwee ihe na-apụta ma ị na-akwa ụdị ụkwara a? Mba. Ok, alright. E nwee ihe ị na-eme, ị gaa ebe ọzọ maọbu ị jee ebe ọ bụla, I na-akwa ụkwara. Ma ọbu ị ṅụọ mmiri oyi, ị na-akwa ụkwara? Mba Ok. So there's nothing that triggers it? Mba. Ok. Alright. Is there anything that you've noticed that makes the cough better? Mba. No. Ok. Ok. That's alright. Ahụ gị, ọ na-enwu ọkụ? E nwe dị m ahụ ọkụ. Ok. M na-enwe ahụ ọkụ. Ok. When did it start? Ihea bịdọrọ since 5 days. Ok. Like, e nwee m ahụ ọkụ since 5 days now. Ok. So ahụ gị na-anwụ ọkụ, is it throughout the day ? or in the morning it's high; afternoon it comes down; then it goes up again, then it comes back. Ahụ ọkụ steady. Constant ahụ ọkụ. Ok. Ndo. Have you noticed if you are loosing weight recently? No. Mba. Ok. Whenever you're sleeping in the night, are you really sweating excessively? Have you noticed any thing like that? Mba. Ok. Have you had contact with anyone that has been coughing recently? Mba, mba. Alright, alright, ok. That's ok. What about difficulty in breathing or shortness of breath? Do you feel like you're not breathing enough? Doc, ọkwa kemgbe. In fact, that's the reason I came. Ọ kemgbe 2days ka m chọpụtara ka, 2 days now, ọ na-ara ma ahụ, you know, ịkụ ụme for 2 days now. Ok, ok. And since it started that 2 days ago, has it been the same or its been getting worse? It's been getting worse. Ok. This type of cough now, have you had this type of cough before? Mba. Ok, ok. That's alright. Is there any other problem other than what you've discussed now that brought you to the hospital? No, no. Its just the cough. Ok. Did you travel recently? Mba. No. Alright. Ok. So I'll ask you just a few more questions Ok, Doc. Afọ, ọ na-asa gị? Mba. Ok. I na-enwe constipation? Mba. Ok. Your joints, do you have any pains in your joints? No. No pains in your joints. Anya gị kwanụ? I na-afụ ụzọ ọfụma? A na m ahụ ụzọ ọfụma. Ok, ok, ok. Ọ dị mma. Nsogbụ adirọ. Just a few more questions. I nwere any ọrịa ị na-arịa dika ife a na akpọ high BP (Hypertension)? No. I don't. I nwere ọrịa sugar? Ihe a na-akpọ diabetes. Mba. Ok. I nwere ulcer? Mba. Alright, ok. N'ezi n'ụlọ gị now, ọ nwee onye nwee any of these sicknesses m jụrụ gị now? Mba kwa o. Ok, ok,ok. That's alright. Are you currently taking any drugs now? No. Ok. No. That's why I came. Alright. Have you reacted to any drug before? No. Ok, it's alright. Thank you. So I'm going to examine you now, ok? I want to listen to your chest: the upper part, middle part and the lower part, ok? Ok. And if you feel any discomfort at any point, just let me know so that I can stop, alright? Ok. Ok. Ok. That's ok. So, from everything that we've discussed, I'm suspecting that you most likely have what we call 'Bronchopneumonia'. Ok. Pneumonia, simply put. Yes, and you can actually get it from the community due to risk factors like overcrowding or exposure to somebody that has such type of cough, you understand? As in, coughing for a long time, ok? There are other possibilities but they are less likely cause if some of the information that you've given me; such as tuberculosis. But from everything you've discussed, it's unlikely. But we're going to run some things for you to confirm my suspicions, ok? Ok. And you're going to do, a ga-ese gị foto na your chest, ok? You are gonna do a chest X-ray. We're going to take a sample of your. Ok, ị si na ọ nwerọ ihe na-apụta ma ị kwaa ụkwara, abi? Obere. In short o nweghọ, ọ nweghọ. Ọ just na-akwa but anụ ma akwaputa ihe. Ok, ok. Nsogbụ adirọ, nsogbụ adirọ. We'll still do a full blood count test for you. Ok. We will still do a full blood count test for you. There's no problem. So, when we get the results of your test, we'll let you know. Then the final issue will be discovered, then we'll give you drugs for it as well, ok? Ok. Then ok? Ok. So most likely, when it's confirmed, you'll get some antibiotics that you'll take for a period of time - about a week or two, ok? So we'll let you know when the results are out. Ok. Thank you very much for coming to the hospital, o? Thank you, Doctor. Doctor, thank you. But, ị nye m ọgwụ ahụ, ụkwara a, apart from ụkwara - that shortness of breath Ọ ga-akwusi, ọ ga-akwusi Ok. Ọ nwerọ nsogbụ, ịnụ? Ok. Thank you. Alright.",7.505,0.5553,0.3768,0.653,0.4109,
data/clips/igbo_04.wav,igbo-english,afriswitchcare,assemblyai-universal,"Good morning, Doc. Good morning, ma. Welcome to the hospital. How are you doing? I'm good. Please, you can have a seat. All right, okay. Let me just ask you some questions first, just to confirm. How old are you now? Only 30 years. Okay. I'm a businesswoman. Okay. Shop. Okay. Give me a name. Provision shop. Provision shop. Okay, okay, okay. Lola D. Mba. All right. Ni kwi church ki ni kwi Muslim? Ni kwi church. All right. Sani woni ibo na? Woniboo anumaga Anglican Church. Nsiba duru. Nsiba duru. Okay. Give me a name. Give me a name. Ologuta. Doctor, I came because of cough. Too much. Yeah, came be one week. Sorry, too much cough, constant cough. Okay, so the cough now, are you all bido or just once or twice? Continuous. Coffee. Ewe, ina tota, mna kude ukwara. Mba. Okay, alright. Ewe, ina, ewe, ina, mmi, mabu igebozo, mabuijebe obula, ina ukwara. Mabuyingumruyi, ina ukwara. Mba. Okay, so there is nothing that triggers it. Mba. Okay, alright. Is there anything that you have noticed that makes the cough better? Number no. Okay, okay, that's all right. Um, okay, okay. When did it start? Since five days. Okay, since five days. Okay, so how you now? Is it throughout the day? Or it's morning is high, the afternoon it comes down, then it goes up again, then it comes down. Ah, okay, steady, constant. Okay, um, have you noticed, um, if you are losing weight recently? No. Okay, um, whenever you're sleeping the night, are you always sweating excessively? Have you noticed anything like that? Okay, have you had contact with anyone that has been coughing for a long time recently? No. All right, all right. Okay, that's okay. What about difficulty in breathing or shortness of breath? Do you feel like you're not breathing enough? What came with? In fact, that's the reason I came. All came with two days. Come chop talaka. Two days now. Another man, you know. For two days now. Okay, and since you started that two days ago, has it been the same or it has been getting worse? It's been getting worse. Okay. Um, this type of cough now, have you had this type of cough before? Never. Okay, okay. That's all right. Is there any other problem other than what we have discussed now that brought you to the hospital? No, it's just the cough. Okay. Did you travel recently? No. All right, okay. So I'll ask you just a few more questions. Okay, okay. Constipation? Okay. Um, your joints, are you having any pains in your joints? No, no pains in your joints. Okay, okay. Um, just a few more questions. Where any urinary They can find out about high BP, hypertension? No, I don't. Okay, we don't really have sugar, diabetes? Okay, we don't, sir. All right, okay. Uh, any of these sicknesses? Okay, okay, okay, that's all right. Are you currently taking any drugs now? No, no, that's why I came. All right, have you reacted to any drugs before? No. Okay, that's all right, thank you. So I'm going to examine you now, okay? I want to listen to your chest, the upper parts, middle parts, and the lower parts, okay? And if you feel any discomfort at any time, just let me know so that I'll stop, all right? Okay. Okay, thank you. That's okay. So, um, from everything that we have discussed, uh, I I'm suspecting, um, that you most likely have what we call bronchopneumonia. Pneumonia, okay, simply put, yes. And, um, well, you can actually get it from the community due to some risk factors like overcrowding or exposure to somebody that has such type of cough, you understand, has been coughing for a long time, okay. Um, there are other possibilities, but they are less likely with some of the information that you have given me. Such as tuberculosis, but from everything you discussed, it's unlikely. But we're going to run some tests for you to confirm my suspicions. Okay, we are going to do a photo of your chest. Okay, you don't call it chest x-ray. Okay, we're going to take a sample of your. Okay, is it na? Mm. Sure, to we we all job but just na kwabeta no ma kwaputa in. Okay, okay, let's go back to. What about do? We'll still do a full blood count test for you. Okay. We'll still do a full blood count test for you. There's no problem. So when we get the results of your tests, um, we'll let you know, um, the final issue we have discovered and give you drugs for it as well. Okay? Okay. So most likely, if it is confirmed, you'll get some antibiotics that you take for a period of time, for about say a week or two. Okay? So we'll let you know when the results are out. Okay. Thank you very much for coming to the hospital today. Doctor, thank you. Better in your more. Apart from ukwala, that's shortness of breath. Okay, okay, thank you. All right.","Good morning Doctor Good morning ma, welcome to the hospital. How are you doing? I'm good, thank you. Please, you can have a seat. Alright. Thank you Ok. Let me just ask you some questions first, just to confirm. How old are you now? Adim 30 years Ok. Ọrụ gịnị ka I na-arụ? I'm a business woman Ok. E nwem shop Ok. Gịnị ka I na-ere? Provision shop. Ok, ok. Ịlụ ọ na di? Mba. Alright. I na-ekpe chọọchị ka ọ I na ekpe Muslim? M na-ekpe chọọchị. Alright, and i bụ onye Igbo naa? A bụ m onye Igbo. A na m aga Anglican Church Nsogbu adirọ. Nsogbu adirọ. Gịnị mere iji bịa ụlọ ọgwụ taa? Ọ Doc, I came because of cough. A nam akwa ụkwara too much. Ọ ihea, kemgbe one week Sorry. Too much cough. Constant cough Ok. So the cough now, kee ka ọ na-eme gị? Are you. O bido, ị ga na-ahụ na-akụ, ka ọ just ọ mee gị once or twice, ọ kwụsị? M ga na-akwa na-akwa na-akwa, continuous coughing. Ok. Ọ nwee ihe na-apụta ma ị na-akwa ụdị ụkwara a? Mba. Ok, alright. E nwee ihe ị na-eme, ị gaa ebe ọzọ maọbu ị jee ebe ọ bụla, I na-akwa ụkwara. Ma ọbu ị ṅụọ mmiri oyi, ị na-akwa ụkwara? Mba Ok. So there's nothing that triggers it? Mba. Ok. Alright. Is there anything that you've noticed that makes the cough better? Mba. No. Ok. Ok. That's alright. Ahụ gị, ọ na-enwu ọkụ? E nwe dị m ahụ ọkụ. Ok. M na-enwe ahụ ọkụ. Ok. When did it start? Ihea bịdọrọ since 5 days. Ok. Like, e nwee m ahụ ọkụ since 5 days now. Ok. So ahụ gị na-anwụ ọkụ, is it throughout the day ? or in the morning it's high; afternoon it comes down; then it goes up again, then it comes back. Ahụ ọkụ steady. Constant ahụ ọkụ. Ok. Ndo. Have you noticed if you are loosing weight recently? No. Mba. Ok. Whenever you're sleeping in the night, are you really sweating excessively? Have you noticed any thing like that? Mba. Ok. Have you had contact with anyone that has been coughing recently? Mba, mba. Alright, alright, ok. That's ok. What about difficulty in breathing or shortness of breath? Do you feel like you're not breathing enough? Doc, ọkwa kemgbe. In fact, that's the reason I came. Ọ kemgbe 2days ka m chọpụtara ka, 2 days now, ọ na-ara ma ahụ, you know, ịkụ ụme for 2 days now. Ok, ok. And since it started that 2 days ago, has it been the same or its been getting worse? It's been getting worse. Ok. This type of cough now, have you had this type of cough before? Mba. Ok, ok. That's alright. Is there any other problem other than what you've discussed now that brought you to the hospital? No, no. Its just the cough. Ok. Did you travel recently? Mba. No. Alright. Ok. So I'll ask you just a few more questions Ok, Doc. Afọ, ọ na-asa gị? Mba. Ok. I na-enwe constipation? Mba. Ok. Your joints, do you have any pains in your joints? No. No pains in your joints. Anya gị kwanụ? I na-afụ ụzọ ọfụma? A na m ahụ ụzọ ọfụma. Ok, ok, ok. Ọ dị mma. Nsogbụ adirọ. Just a few more questions. I nwere any ọrịa ị na-arịa dika ife a na akpọ high BP (Hypertension)? No. I don't. I nwere ọrịa sugar? Ihe a na-akpọ diabetes. Mba. Ok. I nwere ulcer? Mba. Alright, ok. N'ezi n'ụlọ gị now, ọ nwee onye nwee any of these sicknesses m jụrụ gị now? Mba kwa o. Ok, ok,ok. That's alright. Are you currently taking any drugs now? No. Ok. No. That's why I came. Alright. Have you reacted to any drug before? No. Ok, it's alright. Thank you. So I'm going to examine you now, ok? I want to listen to your chest: the upper part, middle part and the lower part, ok? Ok. And if you feel any discomfort at any point, just let me know so that I can stop, alright? Ok. Ok. Ok. That's ok. So, from everything that we've discussed, I'm suspecting that you most likely have what we call 'Bronchopneumonia'. Ok. Pneumonia, simply put. Yes, and you can actually get it from the community due to risk factors like overcrowding or exposure to somebody that has such type of cough, you understand? As in, coughing for a long time, ok? There are other possibilities but they are less likely cause if some of the information that you've given me; such as tuberculosis. But from everything you've discussed, it's unlikely. But we're going to run some things for you to confirm my suspicions, ok? Ok. And you're going to do, a ga-ese gị foto na your chest, ok? You are gonna do a chest X-ray. We're going to take a sample of your. Ok, ị si na ọ nwerọ ihe na-apụta ma ị kwaa ụkwara, abi? Obere. In short o nweghọ, ọ nweghọ. Ọ just na-akwa but anụ ma akwaputa ihe. Ok, ok. Nsogbụ adirọ, nsogbụ adirọ. We'll still do a full blood count test for you. Ok. We will still do a full blood count test for you. There's no problem. So, when we get the results of your test, we'll let you know. Then the final issue will be discovered, then we'll give you drugs for it as well, ok? Ok. Then ok? Ok. So most likely, when it's confirmed, you'll get some antibiotics that you'll take for a period of time - about a week or two, ok? So we'll let you know when the results are out. Ok. Thank you very much for coming to the hospital, o? Thank you, Doctor. Doctor, thank you. But, ị nye m ọgwụ ahụ, ụkwara a, apart from ụkwara - that shortness of breath Ọ ga-akwusi, ọ ga-akwusi Ok. Ọ nwerọ nsogbụ, ịnụ? Ok. Thank you. Alright.",14.878,0.4839,0.2861,0.5747,0.3213,
data/clips/yoruba_00.wav,yoruba-english,afriswitchcare,sahara-v2.5,,"Good evening sir how are you doing today? Good evening ma. Okay my name is Doctor Ayọdeji I'll be your doctor today. é pẹlẹ sir Thank you ma Ki ló gbé yín wá sí hospital lé nìí E wo iko yii ni o, this cough. It's been, it's been disturbing me. Okay For three months now Okay so for three months le ti ni wúlò Yes Alright is there any other complaints apart from nkan te n wi? E wo ara mi mo ti jo I've lost a lot of weight in the last one month Alright e jẹ a kọ́kọ́ sọ̀rọ̀ nípa weight tẹ lose yẹn . Se é mimọ lose e ni? No no awọn ara ile mi my neighbours they said ""you're losing weight, you're losing weight"" they told me. I did not quickly notice it then I started seeing my clothes were coming loose. My sókótó, sókótó mi bayi now I have to make it tighter for it to stay. Let's come back to the cough now. iko yen e so pe ati bi three months ni se é le sọ pe otí worse lati ìgbà tó ti bẹ̀rẹ̀ àbí bo se ri láti ìgbà yẹn ló se rí nísinsìnyí No it has gotten worse for sure because the side gradually just a few times a day I was experiencing, I thought it was going to away in one week. You know normal cough but it did not go. But it now became more often at night every time, every time it's just always there now. So the cough is it worse during the day or at night? There is no special time Alright ṣe ọ ni nkankan tẹ e ma n se, boya any position tẹ bá take lẹ ma n notice pe ọ ma n he ki iko yen worse? There is no particular position, there is no particular position. Alright se é ní chest pain. Àyà ma n dun mi, yes I do. I have o ma n dun mi. Se tẹ bá n wukọ́ l'àyà ma n dun yin? yes igba mí gán ti n ba wúkọ́ àyà yẹn ma ti ma n min sinu. Tí mo bá mí kanlẹ̀. Ó ma dùn mǐ? Alright okay so tẹ ba wúkọ́ ṣe é notice bóyá ẹ tu nkankan jadé? yes I have some sputum yes o ma n ni ìgbà mí ẹ̀jẹ̀ ma wan bẹ díẹ̀ Ok kíni colour nkán tẹ n tu jáde. Ó ma ń brown gan Okay Ó ma ń yellowish brown báyìí. Ṣé ó má ń pọ̀? Ó ma ń pọ̀ díẹ̀ Ó má ń pọ̀ díẹ̀ Ta ba ni kẹ measure ẹ̀ ṣé o le to bi ideri plastic bottle? Ó ma tó bẹ Okay nínú ọjọ́ kan E ka sa sọ pẹ bi Okay ìdérí plastic bottle in one day alright. ṣe é notice pe ará yín gbóná? Ìyẹn ma n wa o ma n lọ, ko fi bẹ gbóná ṣùgbọ́n ti n ba wo si. Ti n ba fowo mi pé there's some fever Ṣé bó se ma n gbóná yẹn sọ ma n pọ gan ti ma gbóná ti gbogbo ara yín ma ma gbóná gan àbí ó kàn ma n rọra gbóná díẹ̀díẹ̀ ? Ó kàn gbóná díẹ̀díẹ̀ ni Ṣe é notice pe boya e ma n sweat la le tẹ ba n sun? o yes midnight I'm always sweating even if I baff o, even if I wear cloth only , remove cloth anything I do even if there's fan I'll still sweat in the night. Ok sir, alright thank you sir. Do you notice, ok sir I've asked you about chest pain earlier. I just want to confirm, is it worse at any position? bóyá tẹ bá ile down àbí tẹ ba dìde jókòó? . Did you notice anything like that? No no Alright sé orí ò fọ́ yín rí? That one do come I think sometimes because of the stress of the cough so every now and then headache. Ẹ pẹ̀lẹ́ Ẹ sé gan Ṣe mimi o difficult? o ma n fún mi ni wàhálà díẹ̀díẹ̀ àti mí o má ń le. O ma n le lati kun Ó ma n le láti min lẹ́ẹ̀kọ́ọ́kan alright ok ṣe iṣẹ́ wo léyìn se sir? Carpenter ni mi awọn carpenter Ni mo ma n se papo. Alright nibi iṣẹ tẹ wà nisin, só ní ìgbà kankan to ni e ti tẹ dé tí notice pé bóyá nkan to n se yin bóyá o tí ṣẹlẹ̀ sí ẹnìkan nínú family yin? Family no not anyone in my family, no one else coughs. No one in your family No one has cough like this ni recently ko ni ibi kan tẹ lo àbí tẹ dé sàkíyèsí pé ó ní ẹnìkan náà to ni bẹ ṣe n wúkọ́ yi. You know I traveled to Maiduguri recently for work, one contract, one government contract and my roommate the person I was sharing the hostel with was coughing. It's true he was coughing. So this person were you living in the same room together? Yeah it was about five months back. Yes we were sharing that room together. So they put all of us there. They put us in a hostel we shared, it was a contract that took a period so we had to share like that. Alright then have you ever been, when you were younger. Do you remember if you took immunization on your arm? Do you have any mark on your arm? Where they told you that this is immunization you took . No You don't have. No I don't. Okay do you have hypertension? Have you ever been told that you have hypertension? No Okay what about diabetes? No Okay have you ever been admitted in a hospital before? Admission? wọn o admit mi rí rárá. Okay ẹ dẹ̀ gb'ẹ̀jẹ̀ naa ri? Rárá mi o gb'ẹ̀jẹ̀ ri Ẹ o sisẹ́ abẹ rí? You mean surgery, no I have not surgery before. Se ma n mu oti? you know weekend and party na. Small small . So ẹ ma ń mu ọtí lẹ́ẹ̀kọ̀ọ̀kan. yes Bi bottles mélòó lẹ má ń mu ní bí ọ̀sẹ̀ kan? Bi two bottles of beer. That's all I drink. Okay cigar nko? That one I smoke cigarette óò. How many sticks did you say you smoke in a day? You know I started with one stick, two sticks but when work because very stressful I started doing like 10 sticks in a day. Ten sticks in a day okay alright then thank you very much sir. Now I don't know if you've heard of any disease called TB before. Do you know if anybody in your family has been treated for this TB before? Is it something you've heard about before? Yes I've heard about TB, you mean tuberculosis àbí? Yes tuberculosis has anybody gotten before? Is there any one in your family who has it? Since this thing started have you started taken any medication for it? I took one cough syrup benilim syrup moti lo coughlin. Mo lo capsule won ni antibiotics ni. Mo lo flemin náà Gbogbo àwọn ògùn tẹ lo yii ṣe ẹ notice any change ìgbà tẹ lo? Rárá rárá Ṣe é ti test to wọ n ma n se fún HIV ríi? Mi ò ti se ri ọ E se ri Mi ọ ti se ri ṣe ti marry? se ti ni ìyàwó? boys lawa o. okay but ẹ ní àwọn girlfriends. Yes. Bí mélòó lẹ ní? Ẹ mọ bí pé mo máa ń travel moní ní Ìbàdàn. Moní mẹ́ta ní Lagos. Gbogbo wọn bí six ṣá. Okay gbogbo àwọn six lẹ dẹ ma n ní ìbálòpọ̀ pẹ̀lú. Ó depend síbi tí mo bá wà. Ṣé ẹ má ń lo rọ́bà ìdáàbòbò tẹ́ bá n? Rárá mi o kì ń lò. I don't use protection. I don't believe in it. How old are you now sir? I'll be 36 this year. Okay so you're currently 35. Yes. Alright sir, do you notice any form of tiredness or weakness in your body since this thing started? Yes I'm always, I'm always tired any small work that I, I don't even have energy for work like that. Yes. Alright thank you very much for answering all my questions. So now what we're going to do is that we're going to do some tests for you from àwọn nkán t'ẹ́ tí sọ, o jọ wípé nkan bi méjì lo wa l'ọ́kàn wa. Só yé yín, àwọn nkán méjì tó wà l'ọ́kàn wa ni àrùn tuberculosis tí wọn n pè ní TB then àrùn jẹjẹrẹ to ma n ṣẹlẹ sí lungs. That's lung cancer. àwọn nkán méjì ta n rò náà nìyẹn. So a ma se àwọn test fún yin. Àwọn nkán tẹ n tu jáde, a ma lo se àyẹ̀wò lórí wọn ninu lab, a dẹ̀ ma ya fọ́tò àyà yín náà. A má se àwọn blood test náà a de ma jẹ́ ki ẹ mọ èsì ìdáhùn, àwọn àyẹ̀wò yìí láti lè mọ nkan ta ma se fún yin next. Now do you have any questions for me sir? I just want to ask this TB, you know I said I've heard about it but I don't know so much. Is it something that can be treated? I know that cancer can be very difficult to treat but can TB be treated? Yes sir, so you see TB is a disease. It's an infectious disease meaning that it is caused by bacteria right? àwọn kòkòrò ti a o lè f'ojú rí àwọn ni wọ́n se okùnfà àrùn ti wọ́n ń pě ní TB a tún pě ni tuberculosis. So antibiotics naa àwọn ògùn yìí o fẹ́ da bi antibiotics lo ma n lo fún nkán tó kàn ṣẹlẹ̀ ni pé ènìyàn má ń lo àwọn ògùn yìí fún ọjọ́ pípẹ́, ó lè tó bí oṣù mẹ́fà tàbí oṣù mẹ́sàn-án tí ènìyàn ma fi lo gbogbo ògùn yìí títí tí ara ènìyàn náà à fi yà ti fi clear gbogbo kòkòrò TB to wà nínú ẹni náà. Now tó bá jẹ́ pé ẹ ti gba abẹ́rẹ́ àjẹsára ti wọ́n má n lo fún TB ni kékeré. Bo jẹ́ pé ènìyàn gan wa nínú yàrá pẹ̀lú ẹni tó ní TB kò ní wúwo tó báyìí lára yín. 13:01:10 Thank you very much 13:05:06 You are welcome sir, enjoy the rest of your day. 13:09:05 And you you too ma",,,,,,"Sahara upload failed for data/clips/yoruba_00.wav (status 400): {""data"":{},""message"":""insufficient balance to process the file"",""status"":""Error""}
"
data/clips/yoruba_00.wav,yoruba-english,afriswitchcare,whisper-large-v3-groq," Good evening sir. How are you doing today? Good evening. Good evening ma. Ok. My name is Dr. Yodeji. I'll be your doctor today. Um, Epa Lessa. Thank you ma. Kilo be nyo aso spiti mweni. Ewa, you caught in yo this cough. It's been disturbing me. Ok. For three months now. Ok, so for three months, e ten wiko? Ben. Alright. Is there any other complaints apart from ikote and we? Ah, e wara mi moti jo. I've lost a lot of weight in the last one month. Alright. So eja koko so yonipa weight te lose ni. She e mou mou lose ni. No, no. E, anwa arale mi, my neighbors, they say, ah, you are losing weight, oh, you are losing weight. They told me, I say, I did not quickly notice it. Then I started seeing that my clothes were coming loose, my shokoto. Shokoto, miba i, now I have to increase, make it tighter, just for it to stay. Ok, a loright. So, let's come back to the cough now. I kon yi ye, e sople ya ti bi 3 months ni. She li sopebe yoti worse si. Nasi batosi be abibo shewi, nasi batosi be nono shewi nesin. No, it has gotten worse for sure. Because, e say gradually ye. yeah just a few times a day i i was experienced i thought it was going to go in one one week you know normal cough now but it did not go but it now became more often at night every time every time it's just it's just always there now so the cup is it worse during the day or at night There is no special time. Ok, no special time. Alright. Shunin kokote man shi piya any position teba tek tewa niti sguman je ki kwenye wosi? There is no particular position. There is no particular position. Alright. Shi e mi chest pain? A ya man tun mi. Yes, I do. A ya man tun mi. Shi teba wu koni a ya man tun mi? Yes, ingba mi goti mba wuko ayayin mama ti ban mi sinu, ti ban mi konle, ayayin mama dumi. Alright. Ok, so ti ban wuko sheye notis dwea entu nkoko jade? Yes, I have, I have, I produced some skutum. Yes, oman ni ingba mi eje ma wanbe de. Ok, dwa koseje nye kini konon kote nsu jade? ੁman ੁman brown ੁgon. Yes, ੁman yellowish brown. kwo kwo dje o kwo dje Eba ni ke mejo e shu lec du plastic bottle A o m b r m b We kasha sak u el bě ãy bènnì Ok. ëdən İ plastic bottle m'm Oni ràn ndì Alright, e shu shi enòsi sgì bè a ràwə nyi gòənò E nye ma wa ə ʁman lo Kò fi de ði gònò sù gòn আপড়া চুল, তাম্যা തা সুভবা। Ok. She, bwish imang gono yen shwo mang bwokon two mang gono two gwaranya mang bwa bi. Okon rang gono dey dey? Okon gono dey e jenye. Ok. She, e notis pebe ya imang sweat la lete ban su? Oh yes. Midnight. I'm always sweating. Even if I baffle. Even if I wear clothes or remove clothes. Anything I do. Even if there is fun. I will still sweat the night. Ok. Sia okey okey mamanyabwaya ancak chisi ndan xa bi ikaw pi nani a mwenginya ni was yoi yoi ape ak mwenje pe a te bar ladam,a pe te bar di yi zhoku ti dwi ndan yi ape ak mwenjen? A,xai noi yi ximpo ni? Tio san san ndan,li sio mu ni kum si pe bi tindika di gandar wana fio ndan a tani si to si dadafanyan ten a ndan Some headache. Ok. There she go. She me mew difficult. Ha. Oman. Oman fumi ni. Wala de de. Ok. E a ti mi. Oman le. Oman le la si. Oman le la si. Le kon kon. Ok. She. E. She we le she sa. Ha. Kapenta ni mi. Ok. Ka penta a se oku uswi, mwa man shepo ako. Mwa man shepo ako. Alright. Ni beshe wa eni se shu, ni bako koriti eti te de si noti spi beya nkoto shen yi, nbi oti shen yi, nko korini n family yi. Ah, family. No, not anyone in my family. No one has cough. No one in your family. Yes. No one has cough like this. Meri nweri ywake mamor ywa nian yikki uye ye, nartu isi pe bi o le ni walo te kwa lukoyi. O. Yor, i a okre jwaniye nyor dwo, lor wore-wei. Yej contract ya pregi-preji gorye-gori. E lor panamon jwa a yurio lor. Si waz amchak, mboni yuthi bu yalke. Bwane sio, mi ozwa namin. so, this person were u living in the same room together? yeah, he was about, i think five months back yes, we're sharing the room together so they put all of us in a hostel we share, i mean, it was the contract that took a period, so we had to share When yu were younger Do you remember if you took immunization on your arm do you have any mark on your arm where they told you that this is immunization that you took? no I don't. do you have hypertension? no. have you ever been told I have hypertension okay what about diabetes no okay have you ever been admitted in the hospital before admission I don't know. I don't know. I don't know. You don't know? Okay. You don't know the word? I don't know the word. Okay. Have you had surgery? You mean surgery? No, I have not had any surgery before. What is your name? You know... Weekend and party now. Small small. Yes, yes. Maybe bottle of lemon or blue beer Maybe in a whole week, maybe two bottles of beer, that's all I drink What's the other one? Ah, that one, I smoke cigarette How many sticks do you say you smoke in a day? You know, I started with one stick, two sticks here but when I work it became very stressful so I do like 10 10 sticks in a day okay all right now I don't know if you've heard of any disease called CB before do you know if anybody in your family has been treated for this TV before is this something you have heard about before um yes i've heard about cb you mean tuberculosis yes yes is there anybody in your family who has it no nobody all right okay so since this thing started have you taken any medication for it any cough syrup I took cough syrup like that, benilin syrup, motilo benilin, motilo coughnin, motilo amozin capsule, one antibiotic in it, motilo flemin no. yes we found the tell me she noticed any changes in the teller Shetty shit test you know my shift HIV and we will be sure you share share share Do you want to marry? No, I don't want to marry. Okay, but I have a girlfriend. Yes I want to marry Yes I want to travel I want to travel I want to travel I want to travel Imani ni li nene A Emo o kwen bi kwen man travel Moni ni iba don Moni me ta ni le go su Bugman bi six sha. Ok. Muba wa six li le remash ni iba nu kwen li. Emo, o dipen li li timba wa. E. E shemen, roba ida buvuto ba nyo? No, I don't use protection. I don't believe in it. How old are you now, sir? I will be 36 this year. Okay, so you are currently 35? Yes. Alright, sir. Thank you very much, sir. Do you notice any form of tiredness or weakness in your body since this thing started? Yes, I'm always tired. Any small work that I do, I don't even have energy for work like that. Yes, alright. Thank you very much for answering all my questions. So, now, what we are going to do is that we are going to do some tests for you... ...from our context. So, who jo we fee nukombe meji lewa loko nwa? I show you. A won ko meji dewewa loko nwa ni anu tuberculosis... ...kwenni tibli. Den a ron jejewe tiyo ma ron, shele si, lung, that's lung cancer, a ron community a ron yonon nene. So a ma shi a ron test fwe nye, a ron kote nye tsujade nye, a ma alo shi a yon, nye nyo nye nyo nye nyo lab, a de ma ya foto a ya yon no. A ma shi a ron blood test nyo, a de ma jeke mo, isi down, isi a ron a ye woi, lati nye mo. kotamashi for me next now do you have any questions for me sir i just want to ask this tb you know i say i've heard about it but i don't know so much is this something that can be treated i know that cancer can be very difficult to treat well can tb be treated yes sir so you see tb is a disease is an infectious disease meaning that it is caused by bacteria right and one cocoon so antibiotics Aba ya jesara se man lofo tibi, mi ke kere. Kukujekpe inyo gond waninu ya lakwe lu eni ti uni tibi. Thank you very much Enjoy the rest of your day","Good evening sir how are you doing today? Good evening ma. Okay my name is Doctor Ayọdeji I'll be your doctor today. é pẹlẹ sir Thank you ma Ki ló gbé yín wá sí hospital lé nìí E wo iko yii ni o, this cough. It's been, it's been disturbing me. Okay For three months now Okay so for three months le ti ni wúlò Yes Alright is there any other complaints apart from nkan te n wi? E wo ara mi mo ti jo I've lost a lot of weight in the last one month Alright e jẹ a kọ́kọ́ sọ̀rọ̀ nípa weight tẹ lose yẹn . Se é mimọ lose e ni? No no awọn ara ile mi my neighbours they said ""you're losing weight, you're losing weight"" they told me. I did not quickly notice it then I started seeing my clothes were coming loose. My sókótó, sókótó mi bayi now I have to make it tighter for it to stay. Let's come back to the cough now. iko yen e so pe ati bi three months ni se é le sọ pe otí worse lati ìgbà tó ti bẹ̀rẹ̀ àbí bo se ri láti ìgbà yẹn ló se rí nísinsìnyí No it has gotten worse for sure because the side gradually just a few times a day I was experiencing, I thought it was going to away in one week. You know normal cough but it did not go. But it now became more often at night every time, every time it's just always there now. So the cough is it worse during the day or at night? There is no special time Alright ṣe ọ ni nkankan tẹ e ma n se, boya any position tẹ bá take lẹ ma n notice pe ọ ma n he ki iko yen worse? There is no particular position, there is no particular position. Alright se é ní chest pain. Àyà ma n dun mi, yes I do. I have o ma n dun mi. Se tẹ bá n wukọ́ l'àyà ma n dun yin? yes igba mí gán ti n ba wúkọ́ àyà yẹn ma ti ma n min sinu. Tí mo bá mí kanlẹ̀. Ó ma dùn mǐ? Alright okay so tẹ ba wúkọ́ ṣe é notice bóyá ẹ tu nkankan jadé? yes I have some sputum yes o ma n ni ìgbà mí ẹ̀jẹ̀ ma wan bẹ díẹ̀ Ok kíni colour nkán tẹ n tu jáde. Ó ma ń brown gan Okay Ó ma ń yellowish brown báyìí. Ṣé ó má ń pọ̀? Ó ma ń pọ̀ díẹ̀ Ó má ń pọ̀ díẹ̀ Ta ba ni kẹ measure ẹ̀ ṣé o le to bi ideri plastic bottle? Ó ma tó bẹ Okay nínú ọjọ́ kan E ka sa sọ pẹ bi Okay ìdérí plastic bottle in one day alright. ṣe é notice pe ará yín gbóná? Ìyẹn ma n wa o ma n lọ, ko fi bẹ gbóná ṣùgbọ́n ti n ba wo si. Ti n ba fowo mi pé there's some fever Ṣé bó se ma n gbóná yẹn sọ ma n pọ gan ti ma gbóná ti gbogbo ara yín ma ma gbóná gan àbí ó kàn ma n rọra gbóná díẹ̀díẹ̀ ? Ó kàn gbóná díẹ̀díẹ̀ ni Ṣe é notice pe boya e ma n sweat la le tẹ ba n sun? o yes midnight I'm always sweating even if I baff o, even if I wear cloth only , remove cloth anything I do even if there's fan I'll still sweat in the night. Ok sir, alright thank you sir. Do you notice, ok sir I've asked you about chest pain earlier. I just want to confirm, is it worse at any position? bóyá tẹ bá ile down àbí tẹ ba dìde jókòó? . Did you notice anything like that? No no Alright sé orí ò fọ́ yín rí? That one do come I think sometimes because of the stress of the cough so every now and then headache. Ẹ pẹ̀lẹ́ Ẹ sé gan Ṣe mimi o difficult? o ma n fún mi ni wàhálà díẹ̀díẹ̀ àti mí o má ń le. O ma n le lati kun Ó ma n le láti min lẹ́ẹ̀kọ́ọ́kan alright ok ṣe iṣẹ́ wo léyìn se sir? Carpenter ni mi awọn carpenter Ni mo ma n se papo. Alright nibi iṣẹ tẹ wà nisin, só ní ìgbà kankan to ni e ti tẹ dé tí notice pé bóyá nkan to n se yin bóyá o tí ṣẹlẹ̀ sí ẹnìkan nínú family yin? Family no not anyone in my family, no one else coughs. No one in your family No one has cough like this ni recently ko ni ibi kan tẹ lo àbí tẹ dé sàkíyèsí pé ó ní ẹnìkan náà to ni bẹ ṣe n wúkọ́ yi. You know I traveled to Maiduguri recently for work, one contract, one government contract and my roommate the person I was sharing the hostel with was coughing. It's true he was coughing. So this person were you living in the same room together? Yeah it was about five months back. Yes we were sharing that room together. So they put all of us there. They put us in a hostel we shared, it was a contract that took a period so we had to share like that. Alright then have you ever been, when you were younger. Do you remember if you took immunization on your arm? Do you have any mark on your arm? Where they told you that this is immunization you took . No You don't have. No I don't. Okay do you have hypertension? Have you ever been told that you have hypertension? No Okay what about diabetes? No Okay have you ever been admitted in a hospital before? Admission? wọn o admit mi rí rárá. Okay ẹ dẹ̀ gb'ẹ̀jẹ̀ naa ri? Rárá mi o gb'ẹ̀jẹ̀ ri Ẹ o sisẹ́ abẹ rí? You mean surgery, no I have not surgery before. Se ma n mu oti? you know weekend and party na. Small small . So ẹ ma ń mu ọtí lẹ́ẹ̀kọ̀ọ̀kan. yes Bi bottles mélòó lẹ má ń mu ní bí ọ̀sẹ̀ kan? Bi two bottles of beer. That's all I drink. Okay cigar nko? That one I smoke cigarette óò. How many sticks did you say you smoke in a day? You know I started with one stick, two sticks but when work because very stressful I started doing like 10 sticks in a day. Ten sticks in a day okay alright then thank you very much sir. Now I don't know if you've heard of any disease called TB before. Do you know if anybody in your family has been treated for this TB before? Is it something you've heard about before? Yes I've heard about TB, you mean tuberculosis àbí? Yes tuberculosis has anybody gotten before? Is there any one in your family who has it? Since this thing started have you started taken any medication for it? I took one cough syrup benilim syrup moti lo coughlin. Mo lo capsule won ni antibiotics ni. Mo lo flemin náà Gbogbo àwọn ògùn tẹ lo yii ṣe ẹ notice any change ìgbà tẹ lo? Rárá rárá Ṣe é ti test to wọ n ma n se fún HIV ríi? Mi ò ti se ri ọ E se ri Mi ọ ti se ri ṣe ti marry? se ti ni ìyàwó? boys lawa o. okay but ẹ ní àwọn girlfriends. Yes. Bí mélòó lẹ ní? Ẹ mọ bí pé mo máa ń travel moní ní Ìbàdàn. Moní mẹ́ta ní Lagos. Gbogbo wọn bí six ṣá. Okay gbogbo àwọn six lẹ dẹ ma n ní ìbálòpọ̀ pẹ̀lú. Ó depend síbi tí mo bá wà. Ṣé ẹ má ń lo rọ́bà ìdáàbòbò tẹ́ bá n? Rárá mi o kì ń lò. I don't use protection. I don't believe in it. How old are you now sir? I'll be 36 this year. Okay so you're currently 35. Yes. Alright sir, do you notice any form of tiredness or weakness in your body since this thing started? Yes I'm always, I'm always tired any small work that I, I don't even have energy for work like that. Yes. Alright thank you very much for answering all my questions. So now what we're going to do is that we're going to do some tests for you from àwọn nkán t'ẹ́ tí sọ, o jọ wípé nkan bi méjì lo wa l'ọ́kàn wa. Só yé yín, àwọn nkán méjì tó wà l'ọ́kàn wa ni àrùn tuberculosis tí wọn n pè ní TB then àrùn jẹjẹrẹ to ma n ṣẹlẹ sí lungs. That's lung cancer. àwọn nkán méjì ta n rò náà nìyẹn. So a ma se àwọn test fún yin. Àwọn nkán tẹ n tu jáde, a ma lo se àyẹ̀wò lórí wọn ninu lab, a dẹ̀ ma ya fọ́tò àyà yín náà. A má se àwọn blood test náà a de ma jẹ́ ki ẹ mọ èsì ìdáhùn, àwọn àyẹ̀wò yìí láti lè mọ nkan ta ma se fún yin next. Now do you have any questions for me sir? I just want to ask this TB, you know I said I've heard about it but I don't know so much. Is it something that can be treated? I know that cancer can be very difficult to treat but can TB be treated? Yes sir, so you see TB is a disease. It's an infectious disease meaning that it is caused by bacteria right? àwọn kòkòrò ti a o lè f'ojú rí àwọn ni wọ́n se okùnfà àrùn ti wọ́n ń pě ní TB a tún pě ni tuberculosis. So antibiotics naa àwọn ògùn yìí o fẹ́ da bi antibiotics lo ma n lo fún nkán tó kàn ṣẹlẹ̀ ni pé ènìyàn má ń lo àwọn ògùn yìí fún ọjọ́ pípẹ́, ó lè tó bí oṣù mẹ́fà tàbí oṣù mẹ́sàn-án tí ènìyàn ma fi lo gbogbo ògùn yìí títí tí ara ènìyàn náà à fi yà ti fi clear gbogbo kòkòrò TB to wà nínú ẹni náà. Now tó bá jẹ́ pé ẹ ti gba abẹ́rẹ́ àjẹsára ti wọ́n má n lo fún TB ni kékeré. Bo jẹ́ pé ènìyàn gan wa nínú yàrá pẹ̀lú ẹni tó ní TB kò ní wúwo tó báyìí lára yín. 13:01:10 Thank you very much 13:05:06 You are welcome sir, enjoy the rest of your day. 13:09:05 And you you too ma",18.847,0.6503,0.4244,0.7445,0.4657,
data/clips/yoruba_00.wav,yoruba-english,afriswitchcare,assemblyai-universal,"Good evening, sir. How are you doing today? Good evening. Good evening, ma. Okay, my name is Doctor Ayodeji. I'll be your doctor today. Um, thank you, ma. You know, being in hospital, this cough, um, it's been, it's been disturbing me. Okay, for three months now. Okay, so for three months, it's in wukop. All right. Is there any other complaints apart from it cutting away? Ah, ewarami mutijo. I've lost a lot of weight in the last one month. All right. So eja kokoso onipa. Weight they lose me. She a more more losing. No, no. I want aralemi. My neighbors they say ah you are losing weight. You are losing weight. They told me. I say I did not quickly notice it. Then I started seeing that my clothes were coming loose. My my shokoto shokoto mi ba yi. Now I have to. Increase, make it tighter just for it to stay. Okay. All right. So let's come back to the cough now. Coinye, eso ke atibi three months. Me she oti ele shele so ke beyoti worse. Na sebatosi bere? Abi bo shiri na sebatosi bere? No, no shiri nesi. No, it has gotten worse for sure because it started gradually. Yeah. Okay. Just. A few times a day. I, I was experiencing— I thought it was going to go in one, one week, you know, normal cough now, but it did not go. But it now became more often at night, every time, every time. It's just, it's just always there now. So the cough, is it worse during the day or at night? Uh, there is no special time. Oh, okay. Anytime. All right. Showing kokotemanship via any position. Teba take, teba notice. Bumange kipo enwosi. There is no particular position. There is no particular position. All right. She any chest pain? Ah, ayamandumi. Yes, I do. Ayamandumi. She teba wukoni ayamandumi. Yes. Inba mi got inba wuko. Ayamamatiba missing no. Okay. All right. Okay. So, tebang ukoshe notice baya entsuku kojade. Ah, yes. I have. I have. I produce some sputum. Okay. Yes. Omani ngbami ejema wambede. Okay. Ngako seje ngikini kolong content jadi. Ah, oman. Brown. Okay. Yes, oman yellowish brown. By oman bo. Ah, oman ko deyo. Oman ko deyo. Um. Ebony care measure. Shole doyidevi plastic bottle. Ah, omatube. Omatube. Niyo joko? Eh, kasha sakwe biye beni. Okay. Idevi plastic bottle. Mm-hmm. On one day. All right. Eshishiya notice gube araying guno. Ee, nyama wa manlo ku fika hi vunoxiboho timba wu fi timba for hungu a mimokwe ya yes there's some fever okay swi vo swi ma vunoxiboho hi swo ma boko ku ma vunoxiboho wa nyama wa bi yo kona vunoxiboho vukonga vunoxiboho ni okay swi heta swi swi bebeya i ma sweats la leti va swi Oh yes, uh, midnight I'm always sweating. Even if I buffle, even if I wear clothes or remove clothes, anything I do, even if there's fan, I will still sweat the night. Okay, sir. Um, all right, thank you, sir. Do you notice— okay, so I've asked you about chest pain earlier. Um, I just want to confirm, is it worse at With any position, but at a bad lie down, a bit a bad did they joke? Do you notice anything like that? No, no. All right. She real for you? That one do come. I think sometimes because of the stress of the cough. So every now and then some headache. Okay, no. I should go. She me meal difficult. Ah, oh, oh man, oh man, for me, voilà, there, there. Okay. Et à Timi, oh man, les, oh man, les là c'est les pleins concombres. All right. Okay. Chez, euh, chez Olen, chez soi. À Carpenter, Nimi. Carpenter, c'est au-dessus, maman, je sais pas quoi. Maman, je sais pas quoi. All right. Ni ni beshiwa ini sešoni ba kokoritse, um, eti tete desinotis pibe ya nkotonši ye nyibiotiše ye nekokorini family. Ah family. No, not anyone in my family. No one has cough. Yes, no one has cough like this. Recently ko ni bikokotelo habiten shakizi pibe ya oleni kono tu ubukho beshi ubukho. Ah, you know, I traveled to Maiduguri recently for work. One contract, one government contract. And my roommate, the person I was sharing the hostel with, he was coughing. Ah, it's true, he was coughing. Yes. So this person, were you living in the same room together? Yeah, it was about, I think, 5 months back. Okay. Yes, we were sharing that room together, so they put all of us in one. Yeah, they put us in a hostel. Okay. We shared. We— I mean, it was a contract that took a period, so we had to share like that. Okay. All right then. Have you ever been, um, When you were younger, do you remember if you took immunization on your arm? Do you have any mark on your arm where they told you that this is immunization that you took? Ah, no, you don't have it. Okay. Do you have hypertension? Have you ever been told I have hypertension? Okay. What about diabetes? No. Okay, have you ever been admitted in the hospital before? Admission? Okay. Okay. Uh, you mean surgery? No, I've not. I've not had any surgery before. Um, you know Weekend and party now, small small. Yes, yes. Maybe in a whole week, maybe 2 bottles of beer. That's all I drink. Okay. Ah, that one, I smoke cigarettes too. How, how many, how many sticks do you, do you say you smoke? In a day? You know, I started with 1 stick, 2 sticks here, but when work became very stressful, so I do like maybe 10, 10 sticks in a day. Okay, all right then. Thank you very much, sir. Now, I don't know if you've heard of any disease called TB before? Do you know if anybody in your family has been treated for this TB before? Is this something you have heard about before? Um, yes, I've heard about TB. You mean tuberculosis? Yes, tuberculosis. Have you heard about it before? Yes. Is there anybody in your family who has it? No, nobody. Never heard about anybody in your family that has it? All right. Okay, so since this thing started, have you taken any medication for it? Any cough syrup? Ah, I took um coughs own cough syrup like that. Benylin, hey, Benylin syrup. Motilo Benylin, Motilo Coughlin, Molo Amozie capsule. Okay, one antibiotic in it. Molo, eh, molo Fleming no. Okay. Yes. Buba o botello i she notice any changes in batello ayobu? Ara ara. See any changes? She eti she test to a woman she for HIV and kobogu. Ah, mi ti shiri yo. Mi ti shiri. She she she is married. It's Niyamu. Ah no, ha boys lawal. Okay, but it's boy Niyamu. I'm already our girlfriend. Yes. Yes. Ah, em okwibinkwe man travel. Monini Ibadan. Monimetani Lagos. So, we want be six sha. Okay. Mm. We ba one six, ile de manche ni balu kofelu. Eh, emo o depend ni bitimba wa. Eh. Te sheman lo robai dabu vutebanu. No, I don't use protection. I don't believe in it. Okay, sir. How old are you now, sir? I'll be thirty-six this year. Okay, so you are currently 35? Yes. All right, sir, thank you very much. So do you notice any form of tiredness or weakness in your body since this thing started? Yes, I'm always, I'm always tired. Any small work that I do, I don't even have energy for work like that. Okay. Yes. All right, thank you very much for answering all my questions. So now what we are going to do is that we are going to do some tests for you from our kotetiso. Oh, Joe, if we combine medile walokonwa, show you. Our komedi today walokonwani, our tuberculosis, then our jeje we see oman. She'll see lungs. That's lung cancer. Ah, comment je dis? Ah, oui, non, non, non. So, ah, ma chérie, on teste pour rien. Ah, quand t'es en sous-jardinier, ah, malheureusement, on est au lab. Ah, demain, il y a photo, ah, il y a rien. Ah, ma chérie, blood test, non. Ah, demain, j'ai que mort. Ici, down. Ici, ah, ouais, oui. Là, tu l'as mis. More. Next. Now, do you have any questions for me, sir? I just want to ask, this TB, you know, I say I've heard about it, but I don't know so much. Is this something that can be treated? I know that cancer can be very difficult to treat, but can TB be treated? Yes, sir. So you see, TB is a disease, is an infectious disease. Meaning that it is caused by bacteria, right? I want kokoroti, I want ifojiri, I want newon shie okufa. I want someone clean with TB, someone clean with tuberculosis. So antibiotics no, I want greef. Ofe da be antibiotics no, niyomanlo. Ikotoko onsheleni kpe, niyomanlo. I want greef. Ojo kope, oletobi oshume fasun. Mais son, si on m'a fait le bobo, si si si si, ti a régné non, a fait, a fait clé bobo, kokoro tibito wane m'a régné. Now, toba dekpe etiba, abe aje sara, si on m'a luffu tibi, nikekeri, eee, kudekpe nyogon wane noyala kwelu ene ti Thank you very much. You're welcome, sir. Enjoy the rest of your day, sir. You too.","Good evening sir how are you doing today? Good evening ma. Okay my name is Doctor Ayọdeji I'll be your doctor today. é pẹlẹ sir Thank you ma Ki ló gbé yín wá sí hospital lé nìí E wo iko yii ni o, this cough. It's been, it's been disturbing me. Okay For three months now Okay so for three months le ti ni wúlò Yes Alright is there any other complaints apart from nkan te n wi? E wo ara mi mo ti jo I've lost a lot of weight in the last one month Alright e jẹ a kọ́kọ́ sọ̀rọ̀ nípa weight tẹ lose yẹn . Se é mimọ lose e ni? No no awọn ara ile mi my neighbours they said ""you're losing weight, you're losing weight"" they told me. I did not quickly notice it then I started seeing my clothes were coming loose. My sókótó, sókótó mi bayi now I have to make it tighter for it to stay. Let's come back to the cough now. iko yen e so pe ati bi three months ni se é le sọ pe otí worse lati ìgbà tó ti bẹ̀rẹ̀ àbí bo se ri láti ìgbà yẹn ló se rí nísinsìnyí No it has gotten worse for sure because the side gradually just a few times a day I was experiencing, I thought it was going to away in one week. You know normal cough but it did not go. But it now became more often at night every time, every time it's just always there now. So the cough is it worse during the day or at night? There is no special time Alright ṣe ọ ni nkankan tẹ e ma n se, boya any position tẹ bá take lẹ ma n notice pe ọ ma n he ki iko yen worse? There is no particular position, there is no particular position. Alright se é ní chest pain. Àyà ma n dun mi, yes I do. I have o ma n dun mi. Se tẹ bá n wukọ́ l'àyà ma n dun yin? yes igba mí gán ti n ba wúkọ́ àyà yẹn ma ti ma n min sinu. Tí mo bá mí kanlẹ̀. Ó ma dùn mǐ? Alright okay so tẹ ba wúkọ́ ṣe é notice bóyá ẹ tu nkankan jadé? yes I have some sputum yes o ma n ni ìgbà mí ẹ̀jẹ̀ ma wan bẹ díẹ̀ Ok kíni colour nkán tẹ n tu jáde. Ó ma ń brown gan Okay Ó ma ń yellowish brown báyìí. Ṣé ó má ń pọ̀? Ó ma ń pọ̀ díẹ̀ Ó má ń pọ̀ díẹ̀ Ta ba ni kẹ measure ẹ̀ ṣé o le to bi ideri plastic bottle? Ó ma tó bẹ Okay nínú ọjọ́ kan E ka sa sọ pẹ bi Okay ìdérí plastic bottle in one day alright. ṣe é notice pe ará yín gbóná? Ìyẹn ma n wa o ma n lọ, ko fi bẹ gbóná ṣùgbọ́n ti n ba wo si. Ti n ba fowo mi pé there's some fever Ṣé bó se ma n gbóná yẹn sọ ma n pọ gan ti ma gbóná ti gbogbo ara yín ma ma gbóná gan àbí ó kàn ma n rọra gbóná díẹ̀díẹ̀ ? Ó kàn gbóná díẹ̀díẹ̀ ni Ṣe é notice pe boya e ma n sweat la le tẹ ba n sun? o yes midnight I'm always sweating even if I baff o, even if I wear cloth only , remove cloth anything I do even if there's fan I'll still sweat in the night. Ok sir, alright thank you sir. Do you notice, ok sir I've asked you about chest pain earlier. I just want to confirm, is it worse at any position? bóyá tẹ bá ile down àbí tẹ ba dìde jókòó? . Did you notice anything like that? No no Alright sé orí ò fọ́ yín rí? That one do come I think sometimes because of the stress of the cough so every now and then headache. Ẹ pẹ̀lẹ́ Ẹ sé gan Ṣe mimi o difficult? o ma n fún mi ni wàhálà díẹ̀díẹ̀ àti mí o má ń le. O ma n le lati kun Ó ma n le láti min lẹ́ẹ̀kọ́ọ́kan alright ok ṣe iṣẹ́ wo léyìn se sir? Carpenter ni mi awọn carpenter Ni mo ma n se papo. Alright nibi iṣẹ tẹ wà nisin, só ní ìgbà kankan to ni e ti tẹ dé tí notice pé bóyá nkan to n se yin bóyá o tí ṣẹlẹ̀ sí ẹnìkan nínú family yin? Family no not anyone in my family, no one else coughs. No one in your family No one has cough like this ni recently ko ni ibi kan tẹ lo àbí tẹ dé sàkíyèsí pé ó ní ẹnìkan náà to ni bẹ ṣe n wúkọ́ yi. You know I traveled to Maiduguri recently for work, one contract, one government contract and my roommate the person I was sharing the hostel with was coughing. It's true he was coughing. So this person were you living in the same room together? Yeah it was about five months back. Yes we were sharing that room together. So they put all of us there. They put us in a hostel we shared, it was a contract that took a period so we had to share like that. Alright then have you ever been, when you were younger. Do you remember if you took immunization on your arm? Do you have any mark on your arm? Where they told you that this is immunization you took . No You don't have. No I don't. Okay do you have hypertension? Have you ever been told that you have hypertension? No Okay what about diabetes? No Okay have you ever been admitted in a hospital before? Admission? wọn o admit mi rí rárá. Okay ẹ dẹ̀ gb'ẹ̀jẹ̀ naa ri? Rárá mi o gb'ẹ̀jẹ̀ ri Ẹ o sisẹ́ abẹ rí? You mean surgery, no I have not surgery before. Se ma n mu oti? you know weekend and party na. Small small . So ẹ ma ń mu ọtí lẹ́ẹ̀kọ̀ọ̀kan. yes Bi bottles mélòó lẹ má ń mu ní bí ọ̀sẹ̀ kan? Bi two bottles of beer. That's all I drink. Okay cigar nko? That one I smoke cigarette óò. How many sticks did you say you smoke in a day? You know I started with one stick, two sticks but when work because very stressful I started doing like 10 sticks in a day. Ten sticks in a day okay alright then thank you very much sir. Now I don't know if you've heard of any disease called TB before. Do you know if anybody in your family has been treated for this TB before? Is it something you've heard about before? Yes I've heard about TB, you mean tuberculosis àbí? Yes tuberculosis has anybody gotten before? Is there any one in your family who has it? Since this thing started have you started taken any medication for it? I took one cough syrup benilim syrup moti lo coughlin. Mo lo capsule won ni antibiotics ni. Mo lo flemin náà Gbogbo àwọn ògùn tẹ lo yii ṣe ẹ notice any change ìgbà tẹ lo? Rárá rárá Ṣe é ti test to wọ n ma n se fún HIV ríi? Mi ò ti se ri ọ E se ri Mi ọ ti se ri ṣe ti marry? se ti ni ìyàwó? boys lawa o. okay but ẹ ní àwọn girlfriends. Yes. Bí mélòó lẹ ní? Ẹ mọ bí pé mo máa ń travel moní ní Ìbàdàn. Moní mẹ́ta ní Lagos. Gbogbo wọn bí six ṣá. Okay gbogbo àwọn six lẹ dẹ ma n ní ìbálòpọ̀ pẹ̀lú. Ó depend síbi tí mo bá wà. Ṣé ẹ má ń lo rọ́bà ìdáàbòbò tẹ́ bá n? Rárá mi o kì ń lò. I don't use protection. I don't believe in it. How old are you now sir? I'll be 36 this year. Okay so you're currently 35. Yes. Alright sir, do you notice any form of tiredness or weakness in your body since this thing started? Yes I'm always, I'm always tired any small work that I, I don't even have energy for work like that. Yes. Alright thank you very much for answering all my questions. So now what we're going to do is that we're going to do some tests for you from àwọn nkán t'ẹ́ tí sọ, o jọ wípé nkan bi méjì lo wa l'ọ́kàn wa. Só yé yín, àwọn nkán méjì tó wà l'ọ́kàn wa ni àrùn tuberculosis tí wọn n pè ní TB then àrùn jẹjẹrẹ to ma n ṣẹlẹ sí lungs. That's lung cancer. àwọn nkán méjì ta n rò náà nìyẹn. So a ma se àwọn test fún yin. Àwọn nkán tẹ n tu jáde, a ma lo se àyẹ̀wò lórí wọn ninu lab, a dẹ̀ ma ya fọ́tò àyà yín náà. A má se àwọn blood test náà a de ma jẹ́ ki ẹ mọ èsì ìdáhùn, àwọn àyẹ̀wò yìí láti lè mọ nkan ta ma se fún yin next. Now do you have any questions for me sir? I just want to ask this TB, you know I said I've heard about it but I don't know so much. Is it something that can be treated? I know that cancer can be very difficult to treat but can TB be treated? Yes sir, so you see TB is a disease. It's an infectious disease meaning that it is caused by bacteria right? àwọn kòkòrò ti a o lè f'ojú rí àwọn ni wọ́n se okùnfà àrùn ti wọ́n ń pě ní TB a tún pě ni tuberculosis. So antibiotics naa àwọn ògùn yìí o fẹ́ da bi antibiotics lo ma n lo fún nkán tó kàn ṣẹlẹ̀ ni pé ènìyàn má ń lo àwọn ògùn yìí fún ọjọ́ pípẹ́, ó lè tó bí oṣù mẹ́fà tàbí oṣù mẹ́sàn-án tí ènìyàn ma fi lo gbogbo ògùn yìí títí tí ara ènìyàn náà à fi yà ti fi clear gbogbo kòkòrò TB to wà nínú ẹni náà. Now tó bá jẹ́ pé ẹ ti gba abẹ́rẹ́ àjẹsára ti wọ́n má n lo fún TB ni kékeré. Bo jẹ́ pé ènìyàn gan wa nínú yàrá pẹ̀lú ẹni tó ní TB kò ní wúwo tó báyìí lára yín. 13:01:10 Thank you very much 13:05:06 You are welcome sir, enjoy the rest of your day. 13:09:05 And you you too ma",27.492,0.5945,0.3729,0.7032,0.4264,
data/clips/yoruba_01.wav,yoruba-english,afriswitchcare,sahara-v2.5,,"Good afternoon sir , you are welcome to the clinic today..I'm your doctor for today. What's your name sir? My name is Mr Ola Ajanaku. Alright, how old are you, Mr Ola? I'm 60. Okay, what do you do? I'm a retired teacher o. Okay sir alright. Can you tell me why you are coming to the clinic today? Since like yesterday code switch e wo side eyi side apa ọtun yí. ọ kan weak ata apa mi ati ese mi. o kan weak lati àná. Around what time ni àná le notice? Lọwọ igba tan play ball 4 ni irọlẹ Around 4PM 4PM ni irọlẹ bẹẹni. Okay did you notice that there was sudden or it was gradual weakness. No all of a sudden ni all of a sudden. Okay can you remember what you were doing when you noticed the. Ahh we were watching football. So bi okocha fẹ gba ball yen e mo tension mo kan pariwo ahhhh. Mo de subu igba yen ni right side ati apa at'ẹsẹ oti weak. Mi ti e le gbe. ṣe notice pe any other part of your body o weak just like right side. Igba to ṣẹlẹ ati sọrọ mi ofi bẹ. I couldn't speak very clearly so. Okay That was just the other thing I noticed. But ni isin se speaking yen so better bayi. I can at least o ti clear sí but apa at'ẹsẹ yen. o sí weak. Yes igba ti ọ ṣẹlẹ did you lose consciousness. Did you faint? Noo Okay you did not faint. You know because it was sudden I just fell back on the chair and I just sat down there. They poured water on me wọn tiẹ fún mi, wọn gbe fanu pe boya mo faint ni but I knew everything thing. E de f'ori gba Mi fori gba Ẹ dẹ ṣubú ṣí ilẹ̀ńlẹ̀ yàtò sí bè ṣe jòko sí chair yẹn. No I did not fall Okay has this ever happened to you before? No Before yesterday. No Alright is there any other complaints that you have apart from the ones that you've mentioned to me now the weakness and the way you were talking. When it just happened there was saliva coming from one side of my mouth. One side of your mouth okay. Alright any headache? Hmm, since two days ago my head has been banging banging banging. You've having headache since two days ago. Yes Was it really severe? Ahh it was severe o. It was really severe Alright sir. mo fe bere awọn questions kan lowo yin. Have you ever been told that you have hypertension? bẹ́ẹ̀ni : okay ati igba wo lo sofun yin pé è ni hypertension. I was still in service about 10 years back. 10 years ago. ṣe ni hospital lo ti sọ fún yin pé è ni hypertension àbí? Our clinic, school clinic. Ok and when they diagnosed you with hypertension, did they give you any medications to be taken? Yes they did but mi ọ kin lo. Mi like bó ṣe maa ń jẹ́ kí ara mi se, so mi o kin lo. can you remember the name of the medications they gave you? Ìkan, ó dà bi kékeré báyìí Nofedipine okay. mélòó ni àwọn ògùn yìí. Ìgbà yẹn, mẹ́ta péré ni. Okay Eléyìí tí mo sọ yẹn then there was another one that was also small. It starts with letter ""L"" . Yes it was causing me to cough small small so wọ́n wá ní kí ń máà lòó mọ́. Were you taking any drugs apart from this? ẹ sọ pé mẹ́ta ni. wọ́n maa n fún mi ní aspirin kékeré, vasopirin. Vasoprin and ko to di, ẹ sọ pé è kin lo àwọn ògùn yín dédé. Ṣé ẹ maa ń lọ sí hospital fún monthly checkup? Mi ò ki ń lòó. : Ẹ ki ń lòó. So can you remember the last time tẹ lo àwọn ògùn yín. : Three months ago mo ní headache báyìí ni mo kàn wo pé ó ti pẹ́ tí mo ti lo ògùn mi kin kan lòó. Okay, ṣé yàtọ̀ sí headache yen. Só ní any other thing tí ẹ maa ń notice. Ṣé ojú yín ò kì ń sú? : Ojú mi ò kì ń sú : Ojú yín ò ki ń sú, báwo ni àyà yín? Ṣé àyà o ki ń dùn yìn? Àyà máa ń dùn mí. Mo máa ń, ìgbà mí tí mo bá se iṣẹ́ kékeré báyìí. Kín n kàn rin upstairs àti mí o ma n ni ra díẹ̀. I feel my heart beating too yes. Báwo ni itọ̀ yín, sé ẹ ń tọ̀ dáadáa? Mò ń tọ̀ dáadáa Ẹ sọ pe mímí yen o má ń nira ti ẹ́ bá ti ní rìn . Lálẹ́ ń kọ́ ti ẹ bá lie down sí orí bed? Ṣé ó ma n ṣẹlẹ̀ pé kẹ kan torí pé. you have to sit up out of bed just so you can feel better. Yes Alright In fact, ní ìgbà mi gan ó ma ń to bi pillow mẹ́rin kin tó le sùn l'álẹ́. Alright sir. ìkọ nko? Any cough? That night when it started I used to cough in the night so when I stated using pillows I don't cough anymore. } Alright sè é sacase pe ẹsẹ yin wù. Yes óò i used to experience that one. My shoes will just be tight. Alright thank you sir. se wọn ọ so fún yin ní clinic pe è ni ito sugar? No, no. e ni ito sugar but wọn sọ pe è cholesterol mi pe ki normal Ni igba yen. Okay won so fun yin pé cholesterol yin ọ normal , okay alright. sè é , se ma n mu oti. Mo ma n m'oti o. Bi bottle melo le ma n mu lojo kan? E mo since I'm retired tí mo bá lọ club everyday. me and my friends we drink about two, three bottles sometimes give. Okay cigar ńkọ́? Not very much about five, six in a day. About five six in a day. Not very too much. Alright thank you sir. Have ever been admitted in a hospital? No Have you had any surgeries? No. Alright sir. Okay do you have any questions for me sir before I go on? Doctor see this results for my vital signs that they showed me. Okay so this results all the checks that they did were normal except the blood pressure. So your blood pressure is 160/100 and what that means is that; it is very high. ìfúnpá yín ó ga and ìfúnpá to se ga yẹn òhun ló fa weakness tẹ bẹ̀rẹ̀ sí feel ní apá ọtun yin àti ẹsẹ́ ọ̀tún yín. and that is what is called stroke. You understand yes because ìfúnpá yẹn ti ga gan-an, kò wá jẹ́ kí ẹ̀jẹ̀ tó yẹ kó ma flow s'ínu brain yin ko flow dáadáa at that particular point in time yesterday when it happened and that was what caused the weakness so ẹ̀jẹ̀ tó yẹ ko flow no no time yen òhun lo cause tí ẹ́ le gbé ọwọ́ yin dáadáa even till now ni tori owo yin nisin ko ni agbara ti bo se ye ko ni agbara ti. Ese yin na nisin é le fi rin da bi ti tele mo. So nkán tá má se fún yin a ma nitori kí se ọpọlọ nìkan ni hypertension le affect. So ye n yu, I le affect heart. o le affect kidneys a dẹ̀ fẹ́ kó di ìgbà tí ẹ tún ma padà wá fún problems of your heart or your kidneys before we do something about it. So we're going to run test to check the condition of your heart and the condition of your kidneys and other vital organs in your body and then we'll let you know where we'll go from there. But even now we're also going to watch you. Our aim right now is to ensure that we reduce your blood pressure gradually as much as possible just to ensure that it gets to a normal level. So when it gets to a normal level, we then start you know. We start checking you out, we just start following you up on a monthly visits. Then a ma refer yin lo sí physiotherapy because we need your hand and your leg to come back to full working state. Ẹ sé gan-an, ẹ sé gan-an",,,,,,"Sahara upload failed for data/clips/yoruba_01.wav (status 400): {""data"":{},""message"":""insufficient balance to process the file"",""status"":""Error""}
"
data/clips/yoruba_01.wav,yoruba-english,afriswitchcare,whisper-large-v3-groq," good afternoon sir you're welcome to the clinic today I'm your doctor for today what's your name sir my name is Elijah not all right how are they you mr. Allah I'm 60 okay what do you do I'm a retired teacher okay sir all right can you tell me why you have come to the clinic today seems like yesterday I was hiding inside the apartment open week at a funny at SME we clutch on around what time me and you know well that one playboy for around 4 p.m. one roll a Benny okay did you notice that I was certain or it was gradual weakness all of the sudden all of a sudden all right can you remember what you were doing when you noticed we're watching football so be a coach a bad boy tension mocha pargo ha so as a binding right side at sea apart they say routine what's the ocean very weak meet a little bit gossip share notice been other part of your body or weak just like right side yeah abiba in the colon um that was just the other thing i noticed but listening she speaking else better by and i can at least put the classy or acquire testing yes but the ocean did you lose consciousness did you feel no okay you did not feel it you know because it was sudden i just fell back on the chair okay and i just sat down there they poured water on me once a swimming on the fan I knew everything okay a de for it but me for you okay a sugar ceiling they get the sleep a shit you could see me change no I did not fall okay as this about happened to you before no before yesterday no all right is there any other complaints that you have apart from the ones that you have mentioned to me now the weakness and then the way you're the way you were talking when it just happened there was saliva coming from one side of my mouth all right any headache ah since two days ago my head has been banging yes was it really severe i was severe okay it was really severe all right sir on february our questions now have you ever been told that you have hypertension I was in hospital 10 years ago. At the hospital, did you suffer from any hypertension? I was still in service about 10 years ago. 10 years ago. Did the hospital suffer from any hypertension? Our school clinic. When they diagnosed your hypertension, did they give you any medications to be taken? Yes, they did. But I don't know. I don't know what they did to me. Can you remember the name of the medication they gave you? Hmm. It was Nifedi Pim. okay what is this? ah, it's a metal ring okay it's a small ring then there was another one that was also small it starts with letter L okay like a synapple yes, it was causing me to cough small small so that's why it's called a synapple okay were you taking any other drug apart from this supplement um so can you remember the last time tell you three months ago Niyateki bae nan nukwa wakwa o kwe ah oti pweti moti lugu miyeje kien kon lua Ok She yato si yateki nye em shuni eni oda eni oda ten teman nusi she ojumio kien shu Hmm, ojumio kien shu. Ojumio kien shu. Pa woi, aya nisha aya o kien du mi? Aya man du mi? Muma, ingba mi timba shi isheke kereba hi, kin kore, hostess, kuma mi ati mi, kuma nirade, then I feel my heart beating too. Ok, yes. Pao ni tohin, shen to dada? A, n to dada. Su, eso ki mi mi ye, uman nirade, teba si yin, teba si yin mi? Tito, nini pepe tato yo teba lai, si rebed shuman shen le peke konsa, tope you have to sit up out of bed just so you can feel better. Yes. Alright, that also happens. Nita, mi, mi damigo, man tobi bilu meri, intole sunbay. Ok, intole sunbay. Alright, si. I konko, any cough? This night, when it started, I used to cough, so when I started using the pillows, I don't cough anymore You don't cough anymore? Alright. She, sake isi ikbe yese yin? Ah yes, soI used to experience that one. My shoes were just tight Okay. Alright. Thank you, sir. She mo Sofueyini Clinic, Bibe Yaini Itoshuga? ੈ, no, no, not at all. But, one something, eh, eh, cholesterol mi. We ku normal ang danyi. Ok, one something pe cholesterol ni ku normal ang oti. Alright, she, eh, she mamu oti. Ah, mamu oti yo. Eh, bi botu mi lile mamu yo joko. amosin zanri tsaya moman timbalo club every day now me and my friends would drink about two three bottles sometimes five ok sigampo not very much about five 5-6 in the day About 5-6 in the day Alright, thank you sir Have you ever been admitted in the hospital No Have you had any surgeries no all right sir okay do you have any questions for me sir before I go on doctor see these results for my vital signs that they showed me okay so this results all the all the checks that they did when normal except your blood pressure so your blood pressure is 160 over 100 and what that means is that it is very high if you find you got and if you want to date Gagne we look for weakness the basic human about me I say so soon and that is what is called stroke you understand yes because if you find it double what Jackie AJ to a coma flusin bring me food food at a particular point in time yesterday when it happened and that was what caused the weakness so ejector a coup smooth the floomer in the time you look for strictly a liquid We are not able to see the doctor. We are not able to see the doctor. We are not able to see the doctor. So what we are going to do is, we are going to take the blood from the heart and we are going to take the blood from the liver. Because hypertension has an effect. It affects the heart, it affects the kidneys. And it affects the liver. So we are going to take the blood from the liver and we are going to take the blood from the liver. Problems of your heart or your kidneys before we do something about it. So we're going to run tests that will check the condition of your heart and the condition of your kidneys and other vital organs in your body. And then we'll let you know where we go from there. But even now, we're also going to watch you. And then what's our aim right now also is to ensure that we reduce your blood pressure gradually as much as possible just to ensure that it gets to a normal level. So when it gets to a minimal level, we then start checking you out. We start following you up on monthly visits. Then I'm referring you to physiotherapy. Because we need your hand and your leg to come back to its full working state. Alright? Thank you very much.","Good afternoon sir , you are welcome to the clinic today..I'm your doctor for today. What's your name sir? My name is Mr Ola Ajanaku. Alright, how old are you, Mr Ola? I'm 60. Okay, what do you do? I'm a retired teacher o. Okay sir alright. Can you tell me why you are coming to the clinic today? Since like yesterday code switch e wo side eyi side apa ọtun yí. ọ kan weak ata apa mi ati ese mi. o kan weak lati àná. Around what time ni àná le notice? Lọwọ igba tan play ball 4 ni irọlẹ Around 4PM 4PM ni irọlẹ bẹẹni. Okay did you notice that there was sudden or it was gradual weakness. No all of a sudden ni all of a sudden. Okay can you remember what you were doing when you noticed the. Ahh we were watching football. So bi okocha fẹ gba ball yen e mo tension mo kan pariwo ahhhh. Mo de subu igba yen ni right side ati apa at'ẹsẹ oti weak. Mi ti e le gbe. ṣe notice pe any other part of your body o weak just like right side. Igba to ṣẹlẹ ati sọrọ mi ofi bẹ. I couldn't speak very clearly so. Okay That was just the other thing I noticed. But ni isin se speaking yen so better bayi. I can at least o ti clear sí but apa at'ẹsẹ yen. o sí weak. Yes igba ti ọ ṣẹlẹ did you lose consciousness. Did you faint? Noo Okay you did not faint. You know because it was sudden I just fell back on the chair and I just sat down there. They poured water on me wọn tiẹ fún mi, wọn gbe fanu pe boya mo faint ni but I knew everything thing. E de f'ori gba Mi fori gba Ẹ dẹ ṣubú ṣí ilẹ̀ńlẹ̀ yàtò sí bè ṣe jòko sí chair yẹn. No I did not fall Okay has this ever happened to you before? No Before yesterday. No Alright is there any other complaints that you have apart from the ones that you've mentioned to me now the weakness and the way you were talking. When it just happened there was saliva coming from one side of my mouth. One side of your mouth okay. Alright any headache? Hmm, since two days ago my head has been banging banging banging. You've having headache since two days ago. Yes Was it really severe? Ahh it was severe o. It was really severe Alright sir. mo fe bere awọn questions kan lowo yin. Have you ever been told that you have hypertension? bẹ́ẹ̀ni : okay ati igba wo lo sofun yin pé è ni hypertension. I was still in service about 10 years back. 10 years ago. ṣe ni hospital lo ti sọ fún yin pé è ni hypertension àbí? Our clinic, school clinic. Ok and when they diagnosed you with hypertension, did they give you any medications to be taken? Yes they did but mi ọ kin lo. Mi like bó ṣe maa ń jẹ́ kí ara mi se, so mi o kin lo. can you remember the name of the medications they gave you? Ìkan, ó dà bi kékeré báyìí Nofedipine okay. mélòó ni àwọn ògùn yìí. Ìgbà yẹn, mẹ́ta péré ni. Okay Eléyìí tí mo sọ yẹn then there was another one that was also small. It starts with letter ""L"" . Yes it was causing me to cough small small so wọ́n wá ní kí ń máà lòó mọ́. Were you taking any drugs apart from this? ẹ sọ pé mẹ́ta ni. wọ́n maa n fún mi ní aspirin kékeré, vasopirin. Vasoprin and ko to di, ẹ sọ pé è kin lo àwọn ògùn yín dédé. Ṣé ẹ maa ń lọ sí hospital fún monthly checkup? Mi ò ki ń lòó. : Ẹ ki ń lòó. So can you remember the last time tẹ lo àwọn ògùn yín. : Three months ago mo ní headache báyìí ni mo kàn wo pé ó ti pẹ́ tí mo ti lo ògùn mi kin kan lòó. Okay, ṣé yàtọ̀ sí headache yen. Só ní any other thing tí ẹ maa ń notice. Ṣé ojú yín ò kì ń sú? : Ojú mi ò kì ń sú : Ojú yín ò ki ń sú, báwo ni àyà yín? Ṣé àyà o ki ń dùn yìn? Àyà máa ń dùn mí. Mo máa ń, ìgbà mí tí mo bá se iṣẹ́ kékeré báyìí. Kín n kàn rin upstairs àti mí o ma n ni ra díẹ̀. I feel my heart beating too yes. Báwo ni itọ̀ yín, sé ẹ ń tọ̀ dáadáa? Mò ń tọ̀ dáadáa Ẹ sọ pe mímí yen o má ń nira ti ẹ́ bá ti ní rìn . Lálẹ́ ń kọ́ ti ẹ bá lie down sí orí bed? Ṣé ó ma n ṣẹlẹ̀ pé kẹ kan torí pé. you have to sit up out of bed just so you can feel better. Yes Alright In fact, ní ìgbà mi gan ó ma ń to bi pillow mẹ́rin kin tó le sùn l'álẹ́. Alright sir. ìkọ nko? Any cough? That night when it started I used to cough in the night so when I stated using pillows I don't cough anymore. } Alright sè é sacase pe ẹsẹ yin wù. Yes óò i used to experience that one. My shoes will just be tight. Alright thank you sir. se wọn ọ so fún yin ní clinic pe è ni ito sugar? No, no. e ni ito sugar but wọn sọ pe è cholesterol mi pe ki normal Ni igba yen. Okay won so fun yin pé cholesterol yin ọ normal , okay alright. sè é , se ma n mu oti. Mo ma n m'oti o. Bi bottle melo le ma n mu lojo kan? E mo since I'm retired tí mo bá lọ club everyday. me and my friends we drink about two, three bottles sometimes give. Okay cigar ńkọ́? Not very much about five, six in a day. About five six in a day. Not very too much. Alright thank you sir. Have ever been admitted in a hospital? No Have you had any surgeries? No. Alright sir. Okay do you have any questions for me sir before I go on? Doctor see this results for my vital signs that they showed me. Okay so this results all the checks that they did were normal except the blood pressure. So your blood pressure is 160/100 and what that means is that; it is very high. ìfúnpá yín ó ga and ìfúnpá to se ga yẹn òhun ló fa weakness tẹ bẹ̀rẹ̀ sí feel ní apá ọtun yin àti ẹsẹ́ ọ̀tún yín. and that is what is called stroke. You understand yes because ìfúnpá yẹn ti ga gan-an, kò wá jẹ́ kí ẹ̀jẹ̀ tó yẹ kó ma flow s'ínu brain yin ko flow dáadáa at that particular point in time yesterday when it happened and that was what caused the weakness so ẹ̀jẹ̀ tó yẹ ko flow no no time yen òhun lo cause tí ẹ́ le gbé ọwọ́ yin dáadáa even till now ni tori owo yin nisin ko ni agbara ti bo se ye ko ni agbara ti. Ese yin na nisin é le fi rin da bi ti tele mo. So nkán tá má se fún yin a ma nitori kí se ọpọlọ nìkan ni hypertension le affect. So ye n yu, I le affect heart. o le affect kidneys a dẹ̀ fẹ́ kó di ìgbà tí ẹ tún ma padà wá fún problems of your heart or your kidneys before we do something about it. So we're going to run test to check the condition of your heart and the condition of your kidneys and other vital organs in your body and then we'll let you know where we'll go from there. But even now we're also going to watch you. Our aim right now is to ensure that we reduce your blood pressure gradually as much as possible just to ensure that it gets to a normal level. So when it gets to a normal level, we then start you know. We start checking you out, we just start following you up on a monthly visits. Then a ma refer yin lo sí physiotherapy because we need your hand and your leg to come back to full working state. Ẹ sé gan-an, ẹ sé gan-an",11.724,0.5879,0.3832,0.6747,0.4146,
data/clips/yoruba_01.wav,yoruba-english,afriswitchcare,assemblyai-universal,"Good afternoon, sir. Uh, you're welcome to the clinic today. I'm your doctor for today. Um, what's your name, sir? My name is Ola Janoko. All right, how old are you, Mr. Ola? I'm 60. Okay, what do you do? I'm a retired teacher. Okay, sir. All right, can you tell me why you have come to the clinic today? It seems like yesterday. There was sidey sidey apart from you. O con weak. Atapa me, atese me. O con weak like ya no. Around what time? Niya no. You notice? Ah, no more. You are some playboy. Four. Around four p.m. Yes. Four neurolebeni. Okay. Did you notice that it was sudden or it was gradual weakness? No, all of a sudden. Okay, all of a sudden. All right. Can you remember what you were doing when you noticed the weakness? We're watching football. Okay. So be okocha shefeg baboye. Emo tension mo ko. So as a man, right side, very weak. She noticed any other part of your body weak, just like right side? Okay, yeah, I couldn't speak very clearly, so that was just the other thing I I noticed. But listen, she speaking here, it's better by— and I can at least— oh, she weak. Yes. Did you lose consciousness? Did you faint? No. Okay, you did not faint. You know, because it was sudden, I just fell back on the chair. Okay. And I just sat down there. They poured water on me. What's a fumi? Okpe fan. Peke boya move fenty ni. But I I knew everything. Okay. Eh de forigba. Me forigba rara. Okay. Eh shubusilenle yaposibe shejukusi witchen. No, I did not fall. Okay. Has this ever happened to you before? No. Before yesterday? No. All right, is there any other complaints that you have apart from the ones that you have mentioned to me now? The weakness and then the way you are— the way you were talking. Yeah, when it just happened, there was saliva coming from one side of my mouth. Okay, all right. Any headache? Ah. Since two days ago, my head has been banging, banging, banging. Yes. Was it really severe? Ah, it was severe. Okay. It was really severe. All right, sir. February, our questions follow. Now, have you ever been told that you have hypertension? Ben. Okay, I was, I was still in service about 10 years back. 10 years ago, our clinic, school clinic. Okay, and when they diagnosed your hypertension, did they give you any medications to be taken? Yes, they did. But me kindle. I mean, like go shumange karami she so me kindle. Can you remember the name of the medications they give you? Hmm. Ikong oda bi ke ke re bye nife dipin. Nife dipin. Okay. Me luniya wobu. Ah, mbaye meta kwirini. Okay. Ele timosoye. Then there was another one that was also small. It starts with letter L. Okay, like sinupril? Yes, it was causing me to cough small small. Right. So that's okay. Were you taking any other drug apart from this? Esokeme tano. Eh, omanfumini aspirin ke ke. Envasoprim. Envasoprim. Okay. And kutodi esoke ekin lo arogwe. Did Sherman Lossy Hospital for monthly checkup? No. No. Ekin lo. So can you remember the last time tellu arogwe? Three months ago, money headache by noni mokoko ah. Otipati moti logumije ke nkondlo. Okay. She ya to see headache ye. Um, shuni any other any other thing themanusi? She ojuniyo ke nshu? Ojumiyo ke nshu? Ojumiyo ke nshu? Fa woni aya insha'Allah ke ntumi? Aya mandumi? Mama, I'm glad me it's in bashik. I shake it here by King Kong Ridge upstairs. Okay. Uma mi atimi. Okay. Uma nira die. Okay. Then I feel my heart beating too. Okay. Yes. Pauni toin shento dada. Ah. Nto dada. So eso kwimi mi ye uma nira tebasiin tebasiin mi. Laleng kotaba lie down, so he rebed. Shuman shelle, pick hair consa. Turkey, you have to sit up out of bed just so you can feel better. Yes. All right. That also happens. In fact, me, da mi gon man to be pillow Mary. Intoleration, right? Intoleration, Laleng. All right. So he conquer any cough and that night. When it started, I used to cough in the night. So when I started using the pillows, I don't cough anymore. You don't cough anymore. All right. Ah, yes. So I used to, I used to experience that one. My shoes would just be tight. Okay. All right. Thank you, sir. Ah no, no, no. But once of we cholesterol me, we cool normal by. Okay, once of me cholesterol cool normal. Okay. All right. She egg. She ma mu oti. Ah. Emma, since I'm retired, club every day, me and my friends, we drink about two three bottles, sometimes five. Okay, ciganco? Not very much about. 5, 6 in a day. About 5, 6. Not very too much. All right, thank you, sir. Um, have you ever been admitted in the hospital? No. No. Have you had any surgeries? Uh, no. All right, so, okay, do you have any questions for me, sir? Before I go on, doctor, see these results for my vital signs that they showed me. Okay, so these results, um, all the, all the checks that they did were normal except your blood pressure. So your blood pressure is 160 over 100, and what that means is that it is very high. Ifupanyi oga and ifupatude ganye unlofa weakness, and that is what is called stroke, you understand? Yes, because at that particular point in time yesterday when it happened And that was what caused the weakness. So, ejeto eku flow, ku flow mo. Ni timing ye, unlu coste kwi eli gyo wo indada, itse eli gye se indada even till now. Utori kwi owoyinisi, ku ku ku ni akbara tu, bushiye kushiye ndi akbara tu. Ese yinonisi, eli film idada, biyikitele mo. So what? Because I'm a chef, hypertension affects heart, it affects kidneys. Problems of your heart or your kidneys before we do something about it. So we're going to run tests. That will check the condition of your heart and the condition of your kidneys and other vital organs in your body, and then we'll let you know where we go from there. But even now, we are also going to watch you, and then what's our aim right now also is to ensure that we reduce your blood pressure gradually as much as possible, just to ensure that It gets to a normal level. So when it gets to a normal level, um, we then start, you know, we start checking you out. We start following you up on monthly visits. Then am I referring to see physiotherapy? Because we need your hands and your leg to come back to its full working state. All right, okay. All right, thank you very much.","Good afternoon sir , you are welcome to the clinic today..I'm your doctor for today. What's your name sir? My name is Mr Ola Ajanaku. Alright, how old are you, Mr Ola? I'm 60. Okay, what do you do? I'm a retired teacher o. Okay sir alright. Can you tell me why you are coming to the clinic today? Since like yesterday code switch e wo side eyi side apa ọtun yí. ọ kan weak ata apa mi ati ese mi. o kan weak lati àná. Around what time ni àná le notice? Lọwọ igba tan play ball 4 ni irọlẹ Around 4PM 4PM ni irọlẹ bẹẹni. Okay did you notice that there was sudden or it was gradual weakness. No all of a sudden ni all of a sudden. Okay can you remember what you were doing when you noticed the. Ahh we were watching football. So bi okocha fẹ gba ball yen e mo tension mo kan pariwo ahhhh. Mo de subu igba yen ni right side ati apa at'ẹsẹ oti weak. Mi ti e le gbe. ṣe notice pe any other part of your body o weak just like right side. Igba to ṣẹlẹ ati sọrọ mi ofi bẹ. I couldn't speak very clearly so. Okay That was just the other thing I noticed. But ni isin se speaking yen so better bayi. I can at least o ti clear sí but apa at'ẹsẹ yen. o sí weak. Yes igba ti ọ ṣẹlẹ did you lose consciousness. Did you faint? Noo Okay you did not faint. You know because it was sudden I just fell back on the chair and I just sat down there. They poured water on me wọn tiẹ fún mi, wọn gbe fanu pe boya mo faint ni but I knew everything thing. E de f'ori gba Mi fori gba Ẹ dẹ ṣubú ṣí ilẹ̀ńlẹ̀ yàtò sí bè ṣe jòko sí chair yẹn. No I did not fall Okay has this ever happened to you before? No Before yesterday. No Alright is there any other complaints that you have apart from the ones that you've mentioned to me now the weakness and the way you were talking. When it just happened there was saliva coming from one side of my mouth. One side of your mouth okay. Alright any headache? Hmm, since two days ago my head has been banging banging banging. You've having headache since two days ago. Yes Was it really severe? Ahh it was severe o. It was really severe Alright sir. mo fe bere awọn questions kan lowo yin. Have you ever been told that you have hypertension? bẹ́ẹ̀ni : okay ati igba wo lo sofun yin pé è ni hypertension. I was still in service about 10 years back. 10 years ago. ṣe ni hospital lo ti sọ fún yin pé è ni hypertension àbí? Our clinic, school clinic. Ok and when they diagnosed you with hypertension, did they give you any medications to be taken? Yes they did but mi ọ kin lo. Mi like bó ṣe maa ń jẹ́ kí ara mi se, so mi o kin lo. can you remember the name of the medications they gave you? Ìkan, ó dà bi kékeré báyìí Nofedipine okay. mélòó ni àwọn ògùn yìí. Ìgbà yẹn, mẹ́ta péré ni. Okay Eléyìí tí mo sọ yẹn then there was another one that was also small. It starts with letter ""L"" . Yes it was causing me to cough small small so wọ́n wá ní kí ń máà lòó mọ́. Were you taking any drugs apart from this? ẹ sọ pé mẹ́ta ni. wọ́n maa n fún mi ní aspirin kékeré, vasopirin. Vasoprin and ko to di, ẹ sọ pé è kin lo àwọn ògùn yín dédé. Ṣé ẹ maa ń lọ sí hospital fún monthly checkup? Mi ò ki ń lòó. : Ẹ ki ń lòó. So can you remember the last time tẹ lo àwọn ògùn yín. : Three months ago mo ní headache báyìí ni mo kàn wo pé ó ti pẹ́ tí mo ti lo ògùn mi kin kan lòó. Okay, ṣé yàtọ̀ sí headache yen. Só ní any other thing tí ẹ maa ń notice. Ṣé ojú yín ò kì ń sú? : Ojú mi ò kì ń sú : Ojú yín ò ki ń sú, báwo ni àyà yín? Ṣé àyà o ki ń dùn yìn? Àyà máa ń dùn mí. Mo máa ń, ìgbà mí tí mo bá se iṣẹ́ kékeré báyìí. Kín n kàn rin upstairs àti mí o ma n ni ra díẹ̀. I feel my heart beating too yes. Báwo ni itọ̀ yín, sé ẹ ń tọ̀ dáadáa? Mò ń tọ̀ dáadáa Ẹ sọ pe mímí yen o má ń nira ti ẹ́ bá ti ní rìn . Lálẹ́ ń kọ́ ti ẹ bá lie down sí orí bed? Ṣé ó ma n ṣẹlẹ̀ pé kẹ kan torí pé. you have to sit up out of bed just so you can feel better. Yes Alright In fact, ní ìgbà mi gan ó ma ń to bi pillow mẹ́rin kin tó le sùn l'álẹ́. Alright sir. ìkọ nko? Any cough? That night when it started I used to cough in the night so when I stated using pillows I don't cough anymore. } Alright sè é sacase pe ẹsẹ yin wù. Yes óò i used to experience that one. My shoes will just be tight. Alright thank you sir. se wọn ọ so fún yin ní clinic pe è ni ito sugar? No, no. e ni ito sugar but wọn sọ pe è cholesterol mi pe ki normal Ni igba yen. Okay won so fun yin pé cholesterol yin ọ normal , okay alright. sè é , se ma n mu oti. Mo ma n m'oti o. Bi bottle melo le ma n mu lojo kan? E mo since I'm retired tí mo bá lọ club everyday. me and my friends we drink about two, three bottles sometimes give. Okay cigar ńkọ́? Not very much about five, six in a day. About five six in a day. Not very too much. Alright thank you sir. Have ever been admitted in a hospital? No Have you had any surgeries? No. Alright sir. Okay do you have any questions for me sir before I go on? Doctor see this results for my vital signs that they showed me. Okay so this results all the checks that they did were normal except the blood pressure. So your blood pressure is 160/100 and what that means is that; it is very high. ìfúnpá yín ó ga and ìfúnpá to se ga yẹn òhun ló fa weakness tẹ bẹ̀rẹ̀ sí feel ní apá ọtun yin àti ẹsẹ́ ọ̀tún yín. and that is what is called stroke. You understand yes because ìfúnpá yẹn ti ga gan-an, kò wá jẹ́ kí ẹ̀jẹ̀ tó yẹ kó ma flow s'ínu brain yin ko flow dáadáa at that particular point in time yesterday when it happened and that was what caused the weakness so ẹ̀jẹ̀ tó yẹ ko flow no no time yen òhun lo cause tí ẹ́ le gbé ọwọ́ yin dáadáa even till now ni tori owo yin nisin ko ni agbara ti bo se ye ko ni agbara ti. Ese yin na nisin é le fi rin da bi ti tele mo. So nkán tá má se fún yin a ma nitori kí se ọpọlọ nìkan ni hypertension le affect. So ye n yu, I le affect heart. o le affect kidneys a dẹ̀ fẹ́ kó di ìgbà tí ẹ tún ma padà wá fún problems of your heart or your kidneys before we do something about it. So we're going to run test to check the condition of your heart and the condition of your kidneys and other vital organs in your body and then we'll let you know where we'll go from there. But even now we're also going to watch you. Our aim right now is to ensure that we reduce your blood pressure gradually as much as possible just to ensure that it gets to a normal level. So when it gets to a normal level, we then start you know. We start checking you out, we just start following you up on a monthly visits. Then a ma refer yin lo sí physiotherapy because we need your hand and your leg to come back to full working state. Ẹ sé gan-an, ẹ sé gan-an",15.474,0.5379,0.3333,0.6343,0.3724,
data/clips/yoruba_02.wav,yoruba-english,afriswitchcare,sahara-v2.5,,"Ẹ káàsán welcome to the clinic. ẹ káàsán How are you doing today? Fine So why are you here? I have pain in my tummy, in the lower part of my tummy. Àti ìgbà wo ni yẹn ti bẹ̀rẹ̀? Ó ti tó 3 days báyìí. Yàtọ̀ sí yẹn ń kọ́? Mo tún sàkíyèsí pé discharge *wa l'ójú ara mi o dé dabi pe o ṣé diẹ so fún bí ọjọ́ márùn-ún báyìí.* Okay ẹ jẹ́ a kọ́kọ́ bẹ̀rẹ̀ pẹ̀lú pain yẹn to wa ni ìsàlẹ̀ ikú yín. So how bad is the pain? Very bad óò, it's very very bad. If you're to rate it on a scale of 0 to 10. 0 being that there's no pain and 10 being the worst pain of your life. What would you rate it? I'll rate it 8 because the pain is very bad there. So I'm the lower part of tummy does it go anywhere from there? ṣe é lo any ògùn ní ìgbà tí e bẹrẹ lati ma experience pain yii? Mo kan lọ paracetamol Ni Okay no ìgbà tí rẹ lọ paracetamol yen e feel relief àbí ee feel any. O kan stop diẹ fún bí one hour ọ tún padà ní. Kile ma n to ma n jẹki pain yen worse si Rárá kò sí . Okay se é ní tẹ ti ni pain yìí. No Báwo ni ìtọ̀ yín se rí? O wa okay. O normal Is there any frequency to the bathroom since this pain started? [02:8:58] No Okay and do you have any temperature or have you noticed any temperature rising? Yes yes yes Okay. How long has it been for? Around the time I noticed the pain my body was also hot. And was it very hurt or a little bit. It was very hot. yatọ sí ìyẹn nko ṣe ará ríi any ninu ito yin e kin rin eje àbí nkankan. Rárá oo Alright e jẹ a sọrọ nipa discharge yen e ni pe otí bẹrẹ fún ìjọ marun bayi àbí? Bẹẹni Okay so pọ gan àbí diẹ diẹ? Ọ pọ Okay ṣe ọ ni any particular smell. [02: 59:41] The smell is bad, very very bad. It does not smell good at all. Kini colour e? It's like green. And no se green yen ko si eje ni bẹ ninu e No Ok láti ìgbà tí e ti bẹ̀rẹ̀ sí ma ri se ti l'ogun yatọ sí paracetamol te so? No Are you married? No No you're not married yet. Are you in a relationship? Yes How many partners do you have? Like three or four. And do you have sexual relations with all of them? Yes Se é ma n lo protection to ma n pè ní ruba idabo? No Okay is there a reason you don't use that? I just don't like it. Have you experienced any weight loss? No Okay and are, do you. How often do you meet your parents? Anytime, there's no there's no time for it. It can be twice a week, it can be three times a week. As any one of them complained about this kind of, any kind of sexually transmitted infections to you? No Nobody has contacted you concerning any difficulty urinating or anything. No Have you had this before this abdominal lower body discharge? No this is the first time. Okay so ṣe é ti se test HIV ri? Mo ti ṣe ri wọn sọ pe negative. O tí tó igba wo tẹ ti ṣe? Six months Okay alright ko sí problem see anything wa tẹ fe bẹrẹ lọwọ mi? Mo kọ fẹ mọ kilo ṣẹlẹ and what's the way forward. Okay so pẹlu gbogbo nkan rẹ ti ṣalaye the most likely cause is or the most likely diagnosis is a Pelvic Inflammatory Infection or a Pelvic Inflammatory Disease and nkan to ma n fa ni awọn kọkọrọ ta ma nipa ibi na lọpọ. Ti ba se tita bẹ ti E káàsán welcome to the clinic. e káàsán How are you doing today? Fine So why are you here? I have pain in my tummy, in the lower part of my tummy. Ati ìgbà wo ni yen ti bẹrẹ? Oti to 3 days bayi. Yàtọ̀ sí yẹn ńkọ́? Mo tun sàkíyèsí pé discharge wá l'ójú ara mi, o dẹ̀ dàbí pe o ṣé díẹ̀ so fún bí ọjọ́ márùn báyìí. Okay ẹ jẹ́ a kọ́kọ́ bẹ̀rẹ̀ pẹ̀lú pain yẹn tó wà níbi ìsàlẹ̀ ikú yín. So how bad is the pain? Very bad o, it's very very bad. If you're to rate it on a scale of 0 to 10. 0 being that there's no pain and 10 being the worst pain of your life. What would you rate it? I'll rate it 8 because the pain is very bad there. So in the lower part of tummy does it go anywhere from there? ṣe ẹ loi any ògùn ní ìgbà tí ẹ bẹ̀rẹ̀ lati ma experience pain yii? Mo kàn lo paracetamol ni Okay now ìgbà tí ẹ lo paracetamol yẹn ẹ feel relief àbí ẹ́ feel any. Ó kàn stop diẹ fún bí one hour ó tún padà ní. Sé ẹ rí nkan tí ẹ ma n se tó ma ń n jẹ́ kí pain yẹn worse si. Rárá kò sí . Okay sé ẹ ó bì throughout tẹ ti ní pain yìí No Báwo ni ìtọ̀ yín se ríi? O wa okay. Yorùbá>Ó normal. Is there any frequency to the bathroom since this pain started? [02:8:58] No Okay and do you have any temperature or have you noticed any temperature rising? Yes, yes, yes, Okay that's true. How long has it been for? Around the time I noticed the pain my body was also hot. Okay, And was it very hurt or a little bit. It was very hot. yàtọ̀ sí ìyẹn ń kọ́ ṣé a ri any. Inú ìtọ̀ yín ẹ ki ń rí ẹ̀jẹ̀ àbí nkànkan? Rárá o Alright, ẹ jẹ a sọ̀rọ̀ nípa discharge yẹn ẹ ní pé o ó tí bẹ̀rẹ̀ fún ọjọ́ marun báyìí àbí? Bẹ́ẹ̀ni Okay só pọ̀ gan àbí díẹ̀ díẹ̀? Ó pọ̀ Okay ṣe o ni any particular smell. [02: 59:41] The smell is bad, very, very bad. It does not smell good at all. kí ni colour ẹ̀? It's like green. And bó se green yẹn kò si ẹ̀jẹ̀ ní bẹ̀ nínú ẹ̀ No Ok láti ìgbà tí ẹ ti bẹ̀rẹ̀ sí ma ri, sé ẹ ti l'ògùn yàtọ̀ sí paracetamol tẹ sọ? No Are you married? No No you're not married yet. Are you in a relationship? Yes Okay How many partners do you have? Like three or four. Okay And do you have sexual relations with all of them? Yes Ṣé ẹ má ń lo protection ta ma n pè ní rọ́bà ìdáàbòbò ? No Okay is there a reason you don't use that? I just don't like it. (kay Have you experienced any weight loss? No. Okay and are, do you. How often do you meet your partners? Anytime, there's no there's no specific time for it. It can be twice a week, it can be three times a week. As any one of them complained about this kind of or any kind of sexually transmitted infections to you? No Nobody has contacted you concerning any difficulty urinating or anything. No Have you had this before this abdominal lower body discharge? No this is the first time. Okay so ṣe ẹ ti se test HIV ri? Mo ti ṣé rí wọ́n sọ pé negative. Ó ti tó ìgbà wo tẹ ti ṣé? Six months Okay alright kò sí problem sé anything wà tẹ fẹ́ bèrè l'ọ́wọ́ mi? Mo kàn fẹ́ mọ kíló ṣẹlẹ̀ and what's the way forward. Okay so pẹ̀lú gbogbo nkán tí ẹ ti ṣàlàyé the most likely cause is or the most likely cause is or the most likely diagnosis is a Pelvic Inflammatory Infection or a Pelvic Inflammatory Disease and nkán tó ma ń fa ni àwọn kòkòrò ta ma ń kó níbi ìbálòpọ̀. Tá ba dẹ ti ko láti ibi ìbálòpọ̀, o ma n lọ sínú obìrin o ma ń cause àwọn infection. tó le máà fa kí inú ìsàlẹ̀ inú kó ma ro yin. To ba dẹ pẹ́ irú obìnrín le ma ri nkán nla l'ójú ara wọn to ma ni òórùn tí o da bẹ́ ti ṣe ṣàlàyé. Okay Ṣe ọ̀rọ̀ mi ye yín? Bẹ́ẹ̀ni Okay so usually the next step will be to actually investigate and find out which organism is exactly, is the exact cause of this. Okay. So most cases bacteria tí ó bá jẹ́ a ma fún yín ní antibiotics tí a ri pé o ma gbọ́ to ma le le clear gbogbo. bacteria.Ṣé ọ̀rọ̀ mi ye yín? Yes yàtọ̀ sí yẹn a má tún bá yín sọ àwọn ọ̀rọ̀ ráńpẹ́ nípa sexual, more like sexual education. Okay I know you are aware but I think that you should also take more precaution in your with your partners so that you can prevent things like this in the future and throughout this period you should refrain from sexual intercourse as much possible. Okay As much as possible. Abstinence is very important in this period until you're treated and also you need to reach out to your partners to make sure they're also treated. Okay Do you understand? Ẹ pẹ̀lẹ́ Alright thank you Doctor So Màá kọ àwọn ìwé kan fún yín. Okay",,,,,,"Sahara upload failed for data/clips/yoruba_02.wav (status 400): {""data"":{},""message"":""insufficient balance to process the file"",""status"":""Error""}
"
data/clips/yoruba_02.wav,yoruba-english,afriswitchcare,whisper-large-v3-groq," Dhekason. welcome to the clinic How are you doing today? Fine So why are you here. I have pain in my tummy the lower part of my tummy Ok, You are well there? It's been three days. how long have you had pain? I noticed that someone came and discharged me discharge what new germ the goosy do a job man better be okay and Jaffa paraklu appealing that's up a one of these I like me so how bad is the thing very body is baby if you have to raise it on a scale of zero to ten ছে বা আ কো কহারা এদে যেসি কিন বা যূ বা এবরা তবো উরো, ো জੋ রিমে ঒ক রোষি, বিচে নামে আরাদে বিপো খোর কোল্প বা. Ke, shen elu enyo gwen, niko ba ti e beres, ni experience e pweni? Mwen, mwen, mwen kon lupa as taman. Ke, mwen gwa te lupa as taman en shen e feel relieved, abie, e feel eni relieved. E kon, e kon stop jev, abie, lona waw, su padan. Tëman she twi ki ʃō ʃom ʋan ʌʂa ki ʃo çi. ʌʌ ʒa, kwə ʃi! sh A B d w o t si ni Yun b o n i i re wa o ki n a I z ni തະো໼າຶ਍ຩອອວຖອອວດຼ തຩະບຠືຈ? ౨ you have any temperature have you noticed any temperature rising yes how long has nothing was what and the time manage is the pain my body was another was it very hot. I just said mitchell that is Ian Coltrane আরী, েনী ঈ তોজুরো, ফেরী ্జে আোইরৎকો এুছে আোরোরোরো। We'll start with the discharge. এরে আোরোরো, এর্ভোরো উর্বে উর্বে রোরো রোরো। ? ? ? ? ? ? ? ? Ok, lati bati eti besiniri shesi log nko koya tosi paristamon beso? No. Ok. Are you married please? No. You are not married. Are you in a relationship? Yes. Ok. How many partners do you have? Like three or four. And do you have sexual relations with all of them Yes She is a no protection come up with new robot double book no is there reason you don't use that I just don't like it have you experienced any weight loss recently and do you how often do you meet your partners any time there's no there's no specific time to it and the twice a week and three times a week as any one of them complain of this kind of any kind of them sexually transmitted infections you know nobody has contacted you concerning any difficulty urinating or anything you know have you had this before like this no abdominal pain with vagina discharge no this is the first time okay so she actually a thirsty hiv um also called negative okay How long did it take you to get here? 6 months Okay Alright, what is the problem? Tell me what you have been doing I have been taking care of the house and what is the way forward? Okay So, when you go to the house shalai the most likely cause is um or the most likely diagnosis is a pelvic inflammatory infection or pelvic inflammatory disease And in Kotoman Fani anwo Kokoro Tsa man koni pa ibi ibalopo. Ok. Tua de ti koni bi ibalopo bae. Oman losi ino oberi. ə ʻu man kosi anwen infeksyon ti ʻo li mā fa ki in wō ʻi ʾalè nw mān rón yon, ʻu baʿat ʻepè ʻi rōo brain bè li mān rī in kòn là tō dżu àr anwen tō ʻu ʻa ni ʻon rọ ʻutï ʻo dà pè shè ʾalai. OK. Se, ʻor mi yon. Dèng. OK, so ʻusually the next step would be to ʻachually investigate and find out which organism is exactly is the exact cause of this. Okay. Yes. So, most cases, bacteria, si yo baje bacteria ama kwenye ni antibiotics si a rupi wo magbo tomane le kle bu bu bacteria yi. Choro me gen. Yes. Ya to si gen ama tun banyin so ora wan, or a rampa coniwa a section more like sexual education um i know you are aware but i think you should also take more precautions in your um with your partners so that you can prevent things like this in the future and throughout this period you should also abstain from is very important in this period until you are treated and also you need to reach out to your partners to make sure they are also treated okay you understand thank you so my welcome okay","Ẹ káàsán welcome to the clinic. ẹ káàsán How are you doing today? Fine So why are you here? I have pain in my tummy, in the lower part of my tummy. Àti ìgbà wo ni yẹn ti bẹ̀rẹ̀? Ó ti tó 3 days báyìí. Yàtọ̀ sí yẹn ń kọ́? Mo tún sàkíyèsí pé discharge *wa l'ójú ara mi o dé dabi pe o ṣé diẹ so fún bí ọjọ́ márùn-ún báyìí.* Okay ẹ jẹ́ a kọ́kọ́ bẹ̀rẹ̀ pẹ̀lú pain yẹn to wa ni ìsàlẹ̀ ikú yín. So how bad is the pain? Very bad óò, it's very very bad. If you're to rate it on a scale of 0 to 10. 0 being that there's no pain and 10 being the worst pain of your life. What would you rate it? I'll rate it 8 because the pain is very bad there. So I'm the lower part of tummy does it go anywhere from there? ṣe é lo any ògùn ní ìgbà tí e bẹrẹ lati ma experience pain yii? Mo kan lọ paracetamol Ni Okay no ìgbà tí rẹ lọ paracetamol yen e feel relief àbí ee feel any. O kan stop diẹ fún bí one hour ọ tún padà ní. Kile ma n to ma n jẹki pain yen worse si Rárá kò sí . Okay se é ní tẹ ti ni pain yìí. No Báwo ni ìtọ̀ yín se rí? O wa okay. O normal Is there any frequency to the bathroom since this pain started? [02:8:58] No Okay and do you have any temperature or have you noticed any temperature rising? Yes yes yes Okay. How long has it been for? Around the time I noticed the pain my body was also hot. And was it very hurt or a little bit. It was very hot. yatọ sí ìyẹn nko ṣe ará ríi any ninu ito yin e kin rin eje àbí nkankan. Rárá oo Alright e jẹ a sọrọ nipa discharge yen e ni pe otí bẹrẹ fún ìjọ marun bayi àbí? Bẹẹni Okay so pọ gan àbí diẹ diẹ? Ọ pọ Okay ṣe ọ ni any particular smell. [02: 59:41] The smell is bad, very very bad. It does not smell good at all. Kini colour e? It's like green. And no se green yen ko si eje ni bẹ ninu e No Ok láti ìgbà tí e ti bẹ̀rẹ̀ sí ma ri se ti l'ogun yatọ sí paracetamol te so? No Are you married? No No you're not married yet. Are you in a relationship? Yes How many partners do you have? Like three or four. And do you have sexual relations with all of them? Yes Se é ma n lo protection to ma n pè ní ruba idabo? No Okay is there a reason you don't use that? I just don't like it. Have you experienced any weight loss? No Okay and are, do you. How often do you meet your parents? Anytime, there's no there's no time for it. It can be twice a week, it can be three times a week. As any one of them complained about this kind of, any kind of sexually transmitted infections to you? No Nobody has contacted you concerning any difficulty urinating or anything. No Have you had this before this abdominal lower body discharge? No this is the first time. Okay so ṣe é ti se test HIV ri? Mo ti ṣe ri wọn sọ pe negative. O tí tó igba wo tẹ ti ṣe? Six months Okay alright ko sí problem see anything wa tẹ fe bẹrẹ lọwọ mi? Mo kọ fẹ mọ kilo ṣẹlẹ and what's the way forward. Okay so pẹlu gbogbo nkan rẹ ti ṣalaye the most likely cause is or the most likely diagnosis is a Pelvic Inflammatory Infection or a Pelvic Inflammatory Disease and nkan to ma n fa ni awọn kọkọrọ ta ma nipa ibi na lọpọ. Ti ba se tita bẹ ti E káàsán welcome to the clinic. e káàsán How are you doing today? Fine So why are you here? I have pain in my tummy, in the lower part of my tummy. Ati ìgbà wo ni yen ti bẹrẹ? Oti to 3 days bayi. Yàtọ̀ sí yẹn ńkọ́? Mo tun sàkíyèsí pé discharge wá l'ójú ara mi, o dẹ̀ dàbí pe o ṣé díẹ̀ so fún bí ọjọ́ márùn báyìí. Okay ẹ jẹ́ a kọ́kọ́ bẹ̀rẹ̀ pẹ̀lú pain yẹn tó wà níbi ìsàlẹ̀ ikú yín. So how bad is the pain? Very bad o, it's very very bad. If you're to rate it on a scale of 0 to 10. 0 being that there's no pain and 10 being the worst pain of your life. What would you rate it? I'll rate it 8 because the pain is very bad there. So in the lower part of tummy does it go anywhere from there? ṣe ẹ loi any ògùn ní ìgbà tí ẹ bẹ̀rẹ̀ lati ma experience pain yii? Mo kàn lo paracetamol ni Okay now ìgbà tí ẹ lo paracetamol yẹn ẹ feel relief àbí ẹ́ feel any. Ó kàn stop diẹ fún bí one hour ó tún padà ní. Sé ẹ rí nkan tí ẹ ma n se tó ma ń n jẹ́ kí pain yẹn worse si. Rárá kò sí . Okay sé ẹ ó bì throughout tẹ ti ní pain yìí No Báwo ni ìtọ̀ yín se ríi? O wa okay. Yorùbá>Ó normal. Is there any frequency to the bathroom since this pain started? [02:8:58] No Okay and do you have any temperature or have you noticed any temperature rising? Yes, yes, yes, Okay that's true. How long has it been for? Around the time I noticed the pain my body was also hot. Okay, And was it very hurt or a little bit. It was very hot. yàtọ̀ sí ìyẹn ń kọ́ ṣé a ri any. Inú ìtọ̀ yín ẹ ki ń rí ẹ̀jẹ̀ àbí nkànkan? Rárá o Alright, ẹ jẹ a sọ̀rọ̀ nípa discharge yẹn ẹ ní pé o ó tí bẹ̀rẹ̀ fún ọjọ́ marun báyìí àbí? Bẹ́ẹ̀ni Okay só pọ̀ gan àbí díẹ̀ díẹ̀? Ó pọ̀ Okay ṣe o ni any particular smell. [02: 59:41] The smell is bad, very, very bad. It does not smell good at all. kí ni colour ẹ̀? It's like green. And bó se green yẹn kò si ẹ̀jẹ̀ ní bẹ̀ nínú ẹ̀ No Ok láti ìgbà tí ẹ ti bẹ̀rẹ̀ sí ma ri, sé ẹ ti l'ògùn yàtọ̀ sí paracetamol tẹ sọ? No Are you married? No No you're not married yet. Are you in a relationship? Yes Okay How many partners do you have? Like three or four. Okay And do you have sexual relations with all of them? Yes Ṣé ẹ má ń lo protection ta ma n pè ní rọ́bà ìdáàbòbò ? No Okay is there a reason you don't use that? I just don't like it. (kay Have you experienced any weight loss? No. Okay and are, do you. How often do you meet your partners? Anytime, there's no there's no specific time for it. It can be twice a week, it can be three times a week. As any one of them complained about this kind of or any kind of sexually transmitted infections to you? No Nobody has contacted you concerning any difficulty urinating or anything. No Have you had this before this abdominal lower body discharge? No this is the first time. Okay so ṣe ẹ ti se test HIV ri? Mo ti ṣé rí wọ́n sọ pé negative. Ó ti tó ìgbà wo tẹ ti ṣé? Six months Okay alright kò sí problem sé anything wà tẹ fẹ́ bèrè l'ọ́wọ́ mi? Mo kàn fẹ́ mọ kíló ṣẹlẹ̀ and what's the way forward. Okay so pẹ̀lú gbogbo nkán tí ẹ ti ṣàlàyé the most likely cause is or the most likely cause is or the most likely diagnosis is a Pelvic Inflammatory Infection or a Pelvic Inflammatory Disease and nkán tó ma ń fa ni àwọn kòkòrò ta ma ń kó níbi ìbálòpọ̀. Tá ba dẹ ti ko láti ibi ìbálòpọ̀, o ma n lọ sínú obìrin o ma ń cause àwọn infection. tó le máà fa kí inú ìsàlẹ̀ inú kó ma ro yin. To ba dẹ pẹ́ irú obìnrín le ma ri nkán nla l'ójú ara wọn to ma ni òórùn tí o da bẹ́ ti ṣe ṣàlàyé. Okay Ṣe ọ̀rọ̀ mi ye yín? Bẹ́ẹ̀ni Okay so usually the next step will be to actually investigate and find out which organism is exactly, is the exact cause of this. Okay. So most cases bacteria tí ó bá jẹ́ a ma fún yín ní antibiotics tí a ri pé o ma gbọ́ to ma le le clear gbogbo. bacteria.Ṣé ọ̀rọ̀ mi ye yín? Yes yàtọ̀ sí yẹn a má tún bá yín sọ àwọn ọ̀rọ̀ ráńpẹ́ nípa sexual, more like sexual education. Okay I know you are aware but I think that you should also take more precaution in your with your partners so that you can prevent things like this in the future and throughout this period you should refrain from sexual intercourse as much possible. Okay As much as possible. Abstinence is very important in this period until you're treated and also you need to reach out to your partners to make sure they're also treated. Okay Do you understand? Ẹ pẹ̀lẹ́ Alright thank you Doctor So Màá kọ àwọn ìwé kan fún yín. Okay",14.125,0.7961,0.6442,0.8358,0.6625,
data/clips/yoruba_02.wav,yoruba-english,afriswitchcare,assemblyai-universal,"Eka son, welcome to the clinic. Eka son. Yeah. How are you doing today? Fine. So why are you here? I have pain in my tummy, the lower part of my tummy. Okay. Asu baoni esibere? Um, up to three days. Bye. Okay. Atosienko. Um, discharge one new joint. Okay, um, so, um, how bad is the pain? Very bad. It's very, very painful. If you have to rate it on a scale of zero to ten, with zero being that there is no pain and ten being the worst pain of your life, what would you rate it? I rate it eight because pain is very bad. Okay. So in the lower part of your tummy, does it go anywhere from there? No. Okay. Okay. She hello any ogu. Ningbati Ebres, ni experience pain? Mm, mukulu lupasta moni. Okay. Ngate lupasta moni, she feel relief. Abi feel any relief? Of course, of course. Stop there for me for one hour. So pardon me. Sharing got a list. Teman, she, she go, cho manje keep pain worse. Okay. She a be throughout thirty nine pain here. No. Ba onito a yi sheri? Oh wow, okay. No more. Eh, she is there any frequency to the bathroom since this pain started? No. Okay. And do you have any temperature? Have you noticed any temperature rising? Yes, yes. Okay, that's true. How long has that been? It was hot around the time I noticed the pain. My body was also hot. Okay, and was it very hot or just a little? It was very hot. Okay. All right. Eja sorong kwa discharging, any particular smell? Yeah, smell is bad, very, very bad. Okay. Does not smell good at all. Okay. It's like green. Okay. And bushy greenie, echo. Say jeno, eh? No. Okay. Okay. La ti ba ti eti besiniri, eh, shesi logu nkoko yato si faris tamode so. No. Okay. Are you married, please? No. You're not married. Are you in a relationship? Yes. Okay. How many partners do you have? Like, like three or four. Okay. And do you have sexual relations with all of them? Yes. Okay. She a man low protection. Um, um, Tomakuni roba idabobo. No. Okay. Is there a reason you don't use that? I just don't like it. Okay. Have you experienced any weight loss recently? Okay. And, um, do you— how often do you meet your, um, partners? Anytime. There's no, there's no specific time to it. It can be twice a week, it can be 3 times a week. Has any one of them complained of this, um, kind of, uh, any kind of, um, sexually transmitted infections to you? No. Nobody has contacted you concerning any difficulty urinating or anything? No. Have you had this before? Like this lower abdominal pain with vaginal discharge? No, this is the first time. Okay. So, she eti she testy HIV re? Um, oti sherry also for negative. Okay. Atitoba oti eti she. Six months. Okay. All right, cause the problem. She anything what a February low me? Eh, confirm more kilo shelly and what's the way forward? Okay. So, um, पहले वो कौन को thirty शालाई है? The most likely cause is, or the most likely diagnosis is a pelvic inflammatory infection or pelvic inflammatory disease. And in kotoman fani angu kukuru, taman koni ba ibi balupo. Okay. Toba toba deti taba deti koni bi ibalupo ba woman. Bomani losi no bring, bomani cause a infection. Ti o le mafaki no isalenu marunyo. To badegbe, iro bring be le mari inkonlato juara wo. To mani onuti o dabbe beti she shalaye. Okay. She or me then. Okay. So usually the next step would be to. To actually investigate and find out which organism is exactly is the exact cause of this. Okay. Yes. So most cases, bacterial. Tiobaje bacteria amafuini antibiotics. Tiaripe umagbo and tomali clear bububacteria. Sure, meyeng. Yes. That's a sign. Amatun, buying so rawon or rampakon ikwa sexual more like sexual education. I know you are aware, but I think you should also take more precautions in your with your partners so that you can prevent things like this in the future. And throughout this period, you should also abstain. From sexual intercourse, okay, as much as possible. Abstinence is very important in this period until you are treated, and also you need to reach out to your partners to make sure they are also treated. Okay, do you understand? Thank you, doctor. So, maakwa, we wait confirm. Okay.","Ẹ káàsán welcome to the clinic. ẹ káàsán How are you doing today? Fine So why are you here? I have pain in my tummy, in the lower part of my tummy. Àti ìgbà wo ni yẹn ti bẹ̀rẹ̀? Ó ti tó 3 days báyìí. Yàtọ̀ sí yẹn ń kọ́? Mo tún sàkíyèsí pé discharge *wa l'ójú ara mi o dé dabi pe o ṣé diẹ so fún bí ọjọ́ márùn-ún báyìí.* Okay ẹ jẹ́ a kọ́kọ́ bẹ̀rẹ̀ pẹ̀lú pain yẹn to wa ni ìsàlẹ̀ ikú yín. So how bad is the pain? Very bad óò, it's very very bad. If you're to rate it on a scale of 0 to 10. 0 being that there's no pain and 10 being the worst pain of your life. What would you rate it? I'll rate it 8 because the pain is very bad there. So I'm the lower part of tummy does it go anywhere from there? ṣe é lo any ògùn ní ìgbà tí e bẹrẹ lati ma experience pain yii? Mo kan lọ paracetamol Ni Okay no ìgbà tí rẹ lọ paracetamol yen e feel relief àbí ee feel any. O kan stop diẹ fún bí one hour ọ tún padà ní. Kile ma n to ma n jẹki pain yen worse si Rárá kò sí . Okay se é ní tẹ ti ni pain yìí. No Báwo ni ìtọ̀ yín se rí? O wa okay. O normal Is there any frequency to the bathroom since this pain started? [02:8:58] No Okay and do you have any temperature or have you noticed any temperature rising? Yes yes yes Okay. How long has it been for? Around the time I noticed the pain my body was also hot. And was it very hurt or a little bit. It was very hot. yatọ sí ìyẹn nko ṣe ará ríi any ninu ito yin e kin rin eje àbí nkankan. Rárá oo Alright e jẹ a sọrọ nipa discharge yen e ni pe otí bẹrẹ fún ìjọ marun bayi àbí? Bẹẹni Okay so pọ gan àbí diẹ diẹ? Ọ pọ Okay ṣe ọ ni any particular smell. [02: 59:41] The smell is bad, very very bad. It does not smell good at all. Kini colour e? It's like green. And no se green yen ko si eje ni bẹ ninu e No Ok láti ìgbà tí e ti bẹ̀rẹ̀ sí ma ri se ti l'ogun yatọ sí paracetamol te so? No Are you married? No No you're not married yet. Are you in a relationship? Yes How many partners do you have? Like three or four. And do you have sexual relations with all of them? Yes Se é ma n lo protection to ma n pè ní ruba idabo? No Okay is there a reason you don't use that? I just don't like it. Have you experienced any weight loss? No Okay and are, do you. How often do you meet your parents? Anytime, there's no there's no time for it. It can be twice a week, it can be three times a week. As any one of them complained about this kind of, any kind of sexually transmitted infections to you? No Nobody has contacted you concerning any difficulty urinating or anything. No Have you had this before this abdominal lower body discharge? No this is the first time. Okay so ṣe é ti se test HIV ri? Mo ti ṣe ri wọn sọ pe negative. O tí tó igba wo tẹ ti ṣe? Six months Okay alright ko sí problem see anything wa tẹ fe bẹrẹ lọwọ mi? Mo kọ fẹ mọ kilo ṣẹlẹ and what's the way forward. Okay so pẹlu gbogbo nkan rẹ ti ṣalaye the most likely cause is or the most likely diagnosis is a Pelvic Inflammatory Infection or a Pelvic Inflammatory Disease and nkan to ma n fa ni awọn kọkọrọ ta ma nipa ibi na lọpọ. Ti ba se tita bẹ ti E káàsán welcome to the clinic. e káàsán How are you doing today? Fine So why are you here? I have pain in my tummy, in the lower part of my tummy. Ati ìgbà wo ni yen ti bẹrẹ? Oti to 3 days bayi. Yàtọ̀ sí yẹn ńkọ́? Mo tun sàkíyèsí pé discharge wá l'ójú ara mi, o dẹ̀ dàbí pe o ṣé díẹ̀ so fún bí ọjọ́ márùn báyìí. Okay ẹ jẹ́ a kọ́kọ́ bẹ̀rẹ̀ pẹ̀lú pain yẹn tó wà níbi ìsàlẹ̀ ikú yín. So how bad is the pain? Very bad o, it's very very bad. If you're to rate it on a scale of 0 to 10. 0 being that there's no pain and 10 being the worst pain of your life. What would you rate it? I'll rate it 8 because the pain is very bad there. So in the lower part of tummy does it go anywhere from there? ṣe ẹ loi any ògùn ní ìgbà tí ẹ bẹ̀rẹ̀ lati ma experience pain yii? Mo kàn lo paracetamol ni Okay now ìgbà tí ẹ lo paracetamol yẹn ẹ feel relief àbí ẹ́ feel any. Ó kàn stop diẹ fún bí one hour ó tún padà ní. Sé ẹ rí nkan tí ẹ ma n se tó ma ń n jẹ́ kí pain yẹn worse si. Rárá kò sí . Okay sé ẹ ó bì throughout tẹ ti ní pain yìí No Báwo ni ìtọ̀ yín se ríi? O wa okay. Yorùbá>Ó normal. Is there any frequency to the bathroom since this pain started? [02:8:58] No Okay and do you have any temperature or have you noticed any temperature rising? Yes, yes, yes, Okay that's true. How long has it been for? Around the time I noticed the pain my body was also hot. Okay, And was it very hurt or a little bit. It was very hot. yàtọ̀ sí ìyẹn ń kọ́ ṣé a ri any. Inú ìtọ̀ yín ẹ ki ń rí ẹ̀jẹ̀ àbí nkànkan? Rárá o Alright, ẹ jẹ a sọ̀rọ̀ nípa discharge yẹn ẹ ní pé o ó tí bẹ̀rẹ̀ fún ọjọ́ marun báyìí àbí? Bẹ́ẹ̀ni Okay só pọ̀ gan àbí díẹ̀ díẹ̀? Ó pọ̀ Okay ṣe o ni any particular smell. [02: 59:41] The smell is bad, very, very bad. It does not smell good at all. kí ni colour ẹ̀? It's like green. And bó se green yẹn kò si ẹ̀jẹ̀ ní bẹ̀ nínú ẹ̀ No Ok láti ìgbà tí ẹ ti bẹ̀rẹ̀ sí ma ri, sé ẹ ti l'ògùn yàtọ̀ sí paracetamol tẹ sọ? No Are you married? No No you're not married yet. Are you in a relationship? Yes Okay How many partners do you have? Like three or four. Okay And do you have sexual relations with all of them? Yes Ṣé ẹ má ń lo protection ta ma n pè ní rọ́bà ìdáàbòbò ? No Okay is there a reason you don't use that? I just don't like it. (kay Have you experienced any weight loss? No. Okay and are, do you. How often do you meet your partners? Anytime, there's no there's no specific time for it. It can be twice a week, it can be three times a week. As any one of them complained about this kind of or any kind of sexually transmitted infections to you? No Nobody has contacted you concerning any difficulty urinating or anything. No Have you had this before this abdominal lower body discharge? No this is the first time. Okay so ṣe ẹ ti se test HIV ri? Mo ti ṣé rí wọ́n sọ pé negative. Ó ti tó ìgbà wo tẹ ti ṣé? Six months Okay alright kò sí problem sé anything wà tẹ fẹ́ bèrè l'ọ́wọ́ mi? Mo kàn fẹ́ mọ kíló ṣẹlẹ̀ and what's the way forward. Okay so pẹ̀lú gbogbo nkán tí ẹ ti ṣàlàyé the most likely cause is or the most likely cause is or the most likely diagnosis is a Pelvic Inflammatory Infection or a Pelvic Inflammatory Disease and nkán tó ma ń fa ni àwọn kòkòrò ta ma ń kó níbi ìbálòpọ̀. Tá ba dẹ ti ko láti ibi ìbálòpọ̀, o ma n lọ sínú obìrin o ma ń cause àwọn infection. tó le máà fa kí inú ìsàlẹ̀ inú kó ma ro yin. To ba dẹ pẹ́ irú obìnrín le ma ri nkán nla l'ójú ara wọn to ma ni òórùn tí o da bẹ́ ti ṣe ṣàlàyé. Okay Ṣe ọ̀rọ̀ mi ye yín? Bẹ́ẹ̀ni Okay so usually the next step will be to actually investigate and find out which organism is exactly, is the exact cause of this. Okay. So most cases bacteria tí ó bá jẹ́ a ma fún yín ní antibiotics tí a ri pé o ma gbọ́ to ma le le clear gbogbo. bacteria.Ṣé ọ̀rọ̀ mi ye yín? Yes yàtọ̀ sí yẹn a má tún bá yín sọ àwọn ọ̀rọ̀ ráńpẹ́ nípa sexual, more like sexual education. Okay I know you are aware but I think that you should also take more precaution in your with your partners so that you can prevent things like this in the future and throughout this period you should refrain from sexual intercourse as much possible. Okay As much as possible. Abstinence is very important in this period until you're treated and also you need to reach out to your partners to make sure they're also treated. Okay Do you understand? Ẹ pẹ̀lẹ́ Alright thank you Doctor So Màá kọ àwọn ìwé kan fún yín. Okay",15.031,0.7147,0.582,0.7838,0.6072,
data/clips/yoruba_03.wav,yoruba-english,afriswitchcare,sahara-v2.5,,"Thank you doctor. Now I can, I can answer your question. Thank you so much for attending to us that emergency. No problem sir. You're welcome so can you tell me how this all started? She's just 2 year's old, three days ago she complained about pain that when she want to pee, she'll be feeling pain. I said maybe she was not drinking water well. Then yesterday she started complaining that she is feeling cold. I touched her body she was hot, very hot, then 1 hour ago she was still talking to her brother o next thing she started jerking, she started jerking and for like 5 minutes before it stopped. Okay so this jerking was were you noticed and rushed her to the hospital. Yes So you said the jerking lasted for about 5 minutes. Alright was her whole body shaking? It was her arm and her leg. Her arm and her leg that was shaking okay and after it stopped for this five minutes, did she sleep? Hà ó sùn She slept All the way here se ló ń sùn Okay, now is ,this the first time this thing will happen to her, this jerking? Yeah this jerking. She has never had this kind of thing before? Okay you said her body was hot. How hot? Was it very hot? Her mother did temperature check, thermometer. Temperature check. What was it? 38.1 she now put water on her body. wọ́n fi omi tẹ ara ẹ Okay and igba ton Fi omi sí ara rẹ. Did the temperature reduce? Yes ó wálẹ̀ sì bí í 37.4. Sé ẹ fun ni paracetamol at any point? Bẹẹni a fún ní paracetamol. Ẹ so pé ó ń sọkún nígbà tó ń tọ̀ three days ago okay. se ko dẹ̀ complain pé inú run òun. Ẹ mọ̀ pé ọmọdé nkán tó ma sọ náà kò pọ̀ na, ó kàn, ìyẹn nìkan l'ó dà bíi pé o ń cause pain discomfort fun discomfort yẹn Ẹ dẹ̀ notice pé ìgbà tó bá n tọ̀, s'oun sọkún nígbà tó n tọ̀? Òun sunkún, oun sunkún gan-an Okay Sé kò ní cough? No kò wúkọ́ cough Ko wúkọ́, kò sọ pé àyà ń dun òun àbí nkán nkán Rárá kò sọ bẹ́ẹ̀ Okay, now. Sé àti ìgbà tí ẹ ti bí bó se n dàgbà sí ẹ notice bóyá any delays wa. Ìgbà tó yẹ kó sọ̀rọ̀, ó sọ̀rọ̀. Ìgbà tó yẹ kó rin, ó rin? yes Has she completed all her vaccines? Yes she did, she had everything. She has taken everything. She's a very healthy child not until now. Up until now. Okay have you ever needed to bring her to the hospital to be admitted for? No, no even when she was born her mum was out of the hospital the next day. Okay, now has any of her siblings ever had this kind of thing before? rárá kò sí 'nu wọn How many siblings does she have? Two She has two siblings okay. What kind of water lo ma n mu? She drinks pure sachet water. báwo lẹ se má ń dispose waste ní environment yín? a ni proper disposal for waste management to come pickup. Alright irú toilet wo ni ẹ̀ ń lò ? Modern one, water closet. water closet, alright okay Ẹ dẹ sọ pé kò sí any other person tó ti ni iru nkan bayi ri? Yes Láàrín àwọn siblings ẹ́. okay is there any medication to wa allergic si? No, mi ò mọ anyone Okay have you given her any other medication since this thing started apart from paracetamol? When that fever was not going, was not getting better. So we decided that we were going to buy . Okay So we gave her just one but that was the only one we gave her earlier today. Okay is she allergic to any medication to your knowledge? No Alright okay sir I just want to ask you couple more questions. When this jerking happened alright did. Did she hit her head on any thing. No Okay she didn't sustain any injury She was in bed when it happened She was in bed when it happened. Alright thank you very much. Do you have any questions for me because I believe probably have some questions. Yes I'm worried though because like I said she's a very healthy child so kí ló lè ṣẹlẹ̀ gangan Alright so sé ẹ rí in children less than 5 years old tí ara wọn bá ti gbóná gan. When they have high fever just like she has had in this situation where you said she has pain when she's urinating. That is what we call urinary tract infection it is one of the causes of fever in a child of this age. Malaria is also another cause and that's why I asked some other questions you know. So when their temperature gets really high like that it's just like triggers what we call ephebral convulsions. Which is that their brain just goes into overdrive and just starts having these jerking. These convulsions right? And the thing is this is why it's very important that when children having high temperature you Always ensure that you bring down that temperature because you don't want this kind of thing to happen. Because we don't want a situation whereby in the future she'll now start having seizures like this, so that's what we're trying to avoid. So you know henceforth whenever you notice that she has high body temperature like this bring it down immediately. Give ibuprofen or you give paracetamol and then you ensure you mop her body with lukewarm water alright? So yes so that's báwo la se ma kí lẹ má wá se fún nisin ti ara ẹ́ ma fi balẹ̀. so nísìn-ín infection tí ó ní yen tí mo ti sọ UTI yẹn a ma fun ni antibiotics just to ensure that the infection clears off. Once the infection clears off the fever will go down. So we're not going to have another case of convulsion again. Thank you very much. ẹ sé gan.",,,,,,"Sahara upload failed for data/clips/yoruba_03.wav (status 400): {""data"":{},""message"":""insufficient balance to process the file"",""status"":""Error""}
"
data/clips/yoruba_03.wav,yoruba-english,afriswitchcare,whisper-large-v3-groq," Thank you doctor. Now I can answer your question but thank you so much for attending to us in that emergency. No problem sir. You're welcome. So can you tell me how this all started? You know my child, she's just three years old. Two days ago she complained about pain that when she wants to pee she'll be feeling pain. Ok. I say maybe she's not drinking water well. Then, yesterday she started complaining that she's feeling cold. I touched her body. She was hot, very hot. Then, one hour ago, she was still talking to her brother. Next thing, she started jerking, started jerking. And then, for like five minutes, the phone, it stopped. Ok. so this jerking was what you noticed and then rushed her to the hospital yes so um you said the jerking lasted for like five minutes all right was she she was the whole her whole body shaking it was her arm and her leg her arm and her legs are shaking okay nd after it's top for this five minutes did she sleep now this is the first time this kind of thing will happen to add this drinking yeah just never had this kind of thing before okay you said check temperature check with that it was 38 okay she now put water on her body one few meter all right okay and if that's not for me to already she feel the the temperature reduced yes or wireless cb 37.4 okay she f funny parasitama at any point A ben yo, afi, afi ni parastama. Ok. A so pe, un suku baton to, three days ago. Yes. Ok. Mshe ko de complain upe, ino nyo. Nyo komode, in koto ma so no, ko ponoko, inye ni komloda, kon kosi pen, kon discomfort e. Pen, discomfort, pere notis pen baton, bato ban ton, nisho suku baton to. A, on shukur gon. On shukur gon. Ok. She kon ni kof. No, o kovu kof. Kovu kof. O sope a, e, maya ndro wabin kof. Ra, ra, kosobe. Ok. Now, she, la, asibati, eti, bi. Bo, she inda basi, e, no sispe a, e, ni, dileswa. Batoye kosoro, kosoro. Yes, yes. OK. OK. Did she, has she completed all her vaccines? Yes, she did. She had everything. She has taken everything. She's a very healthy child up until now. OK. Have you ever had to bring her to the hospital to be admitted before? No. No. Even when she was born, her mum was out of the hospital the next day. OK. বੈরে ਸੋ বੋਸੁরੀ ੮েੜ্અর੆ । ୖেবে Water Closet Ere, s'okey ku si any other person tuti ni rin kombay wi Lanria-wi o sibilinze? Mno Is there any medication tu wa alergic si? No, mi ino mani nwo Ok Have you given any other medication since this thing started apart from paracetamol? when this chicken happened all right did she hit her head on anything she didn't sustain any injury was in bed when he happened okay she was in bed when it happened all right then thank you very much do you have any questions for me because I believe you probably have any some questions I'm worried though, because like I said, she's a very healthy child. So kilole Shele gong gong. Alright So Sherry in children less than five years old si hara mwaba old see how about when they have very high fever just like she has had in this situation where you said she has pain when she's urinating that is what we call a urinary tract infection so it's one of the causes of fever in a child of this age malaria is also another cause and that's why i asked some other questions you know um and so when their temperature gets really high like that it just like triggers what we call a febrile convulsion which is that their brain just goes into overdrive and just they just start having this checking these convulsions right and the thing is um that's this is why it's very important that when children are having high temperature we always ensure that we bring down that temperature because we don't want this kind of thing to happen because we also don't want a situation whereby in the future she will not start having seizures like this right so that is what we try to avoid so you know henceforth whenever you notice that she has high body temperature like that bring it down immediately give ibuprofen or you give paracetamol and then you ensure that you mop a body with lukewarm water all right so yes so that is What are the effects of the infection on the body? The infection is caused by antibiotics. Just to ensure that the infection clears off. Once the infection clears off, the fever will go down. And so we are not going to have another case of conversion again. Thank you very much. Thank you.","Thank you doctor. Now I can, I can answer your question. Thank you so much for attending to us that emergency. No problem sir. You're welcome so can you tell me how this all started? She's just 2 year's old, three days ago she complained about pain that when she want to pee, she'll be feeling pain. I said maybe she was not drinking water well. Then yesterday she started complaining that she is feeling cold. I touched her body she was hot, very hot, then 1 hour ago she was still talking to her brother o next thing she started jerking, she started jerking and for like 5 minutes before it stopped. Okay so this jerking was were you noticed and rushed her to the hospital. Yes So you said the jerking lasted for about 5 minutes. Alright was her whole body shaking? It was her arm and her leg. Her arm and her leg that was shaking okay and after it stopped for this five minutes, did she sleep? Hà ó sùn She slept All the way here se ló ń sùn Okay, now is ,this the first time this thing will happen to her, this jerking? Yeah this jerking. She has never had this kind of thing before? Okay you said her body was hot. How hot? Was it very hot? Her mother did temperature check, thermometer. Temperature check. What was it? 38.1 she now put water on her body. wọ́n fi omi tẹ ara ẹ Okay and igba ton Fi omi sí ara rẹ. Did the temperature reduce? Yes ó wálẹ̀ sì bí í 37.4. Sé ẹ fun ni paracetamol at any point? Bẹẹni a fún ní paracetamol. Ẹ so pé ó ń sọkún nígbà tó ń tọ̀ three days ago okay. se ko dẹ̀ complain pé inú run òun. Ẹ mọ̀ pé ọmọdé nkán tó ma sọ náà kò pọ̀ na, ó kàn, ìyẹn nìkan l'ó dà bíi pé o ń cause pain discomfort fun discomfort yẹn Ẹ dẹ̀ notice pé ìgbà tó bá n tọ̀, s'oun sọkún nígbà tó n tọ̀? Òun sunkún, oun sunkún gan-an Okay Sé kò ní cough? No kò wúkọ́ cough Ko wúkọ́, kò sọ pé àyà ń dun òun àbí nkán nkán Rárá kò sọ bẹ́ẹ̀ Okay, now. Sé àti ìgbà tí ẹ ti bí bó se n dàgbà sí ẹ notice bóyá any delays wa. Ìgbà tó yẹ kó sọ̀rọ̀, ó sọ̀rọ̀. Ìgbà tó yẹ kó rin, ó rin? yes Has she completed all her vaccines? Yes she did, she had everything. She has taken everything. She's a very healthy child not until now. Up until now. Okay have you ever needed to bring her to the hospital to be admitted for? No, no even when she was born her mum was out of the hospital the next day. Okay, now has any of her siblings ever had this kind of thing before? rárá kò sí 'nu wọn How many siblings does she have? Two She has two siblings okay. What kind of water lo ma n mu? She drinks pure sachet water. báwo lẹ se má ń dispose waste ní environment yín? a ni proper disposal for waste management to come pickup. Alright irú toilet wo ni ẹ̀ ń lò ? Modern one, water closet. water closet, alright okay Ẹ dẹ sọ pé kò sí any other person tó ti ni iru nkan bayi ri? Yes Láàrín àwọn siblings ẹ́. okay is there any medication to wa allergic si? No, mi ò mọ anyone Okay have you given her any other medication since this thing started apart from paracetamol? When that fever was not going, was not getting better. So we decided that we were going to buy . Okay So we gave her just one but that was the only one we gave her earlier today. Okay is she allergic to any medication to your knowledge? No Alright okay sir I just want to ask you couple more questions. When this jerking happened alright did. Did she hit her head on any thing. No Okay she didn't sustain any injury She was in bed when it happened She was in bed when it happened. Alright thank you very much. Do you have any questions for me because I believe probably have some questions. Yes I'm worried though because like I said she's a very healthy child so kí ló lè ṣẹlẹ̀ gangan Alright so sé ẹ rí in children less than 5 years old tí ara wọn bá ti gbóná gan. When they have high fever just like she has had in this situation where you said she has pain when she's urinating. That is what we call urinary tract infection it is one of the causes of fever in a child of this age. Malaria is also another cause and that's why I asked some other questions you know. So when their temperature gets really high like that it's just like triggers what we call ephebral convulsions. Which is that their brain just goes into overdrive and just starts having these jerking. These convulsions right? And the thing is this is why it's very important that when children having high temperature you Always ensure that you bring down that temperature because you don't want this kind of thing to happen. Because we don't want a situation whereby in the future she'll now start having seizures like this, so that's what we're trying to avoid. So you know henceforth whenever you notice that she has high body temperature like this bring it down immediately. Give ibuprofen or you give paracetamol and then you ensure you mop her body with lukewarm water alright? So yes so that's báwo la se ma kí lẹ má wá se fún nisin ti ara ẹ́ ma fi balẹ̀. so nísìn-ín infection tí ó ní yen tí mo ti sọ UTI yẹn a ma fun ni antibiotics just to ensure that the infection clears off. Once the infection clears off the fever will go down. So we're not going to have another case of convulsion again. Thank you very much. ẹ sé gan.",11.058,0.5083,0.3463,0.5994,0.3774,
data/clips/yoruba_03.wav,yoruba-english,afriswitchcare,assemblyai-universal,"Thank you, doctor. Now you— I can answer your question, but thank you so much for attending to us in that emergency. No, no problem, sir. Um, you're welcome. So can you tell me how this all started? Ah, you know, my child, that 3— she's just 3 years old. 2 days ago, she complained about pain, that when she wants to pee, she'll be feeling pain. Okay. I said maybe she's not drinking water well. Then Yesterday she started complaining that she's feeling cold. I touched her body, she was hot, very hot. Then one hour ago she was still talking with her brother. Next thing she started jerking, started jerking, and then for like 5 minutes before it stopped. Okay, so this jerking was where you noticed and then rushed her to the hospital? Yes. So, um, you said the jerking lasted for like five minutes. Maybe. All right. Was she? Was the whole her whole body shaking? It was her arm and her leg. Arm and her leg that was shaking. Okay. And after it stopped for these five minutes, um, did she sleep? Ah, oh soon. She slept all the way here. Okay, long soon. Okay. Now, is this the first time this kind of thing will happen to her? This Yeah, that's very fortunate. She has never had this kind of thing before. Okay, you said her body was hot, right? How hot was it? Very hot. Her mother did a temperature check. Temperature check. What was it? 38.1. Okay, she now put water on her body. Okay, and did she feel— did the temperature reduce? Yes. Cv thirty-seven point four. Okay. She funi paracetamol at any point? Ah, Beni, a funi paracetamol. Okay. A sokpe un sukun baton to three days ago. Yes. Okay. Um, she could complain pain in lung. Mokomo de in kotuma so no ko ko ko no ko inyen koloda ko cause pain from discomfort. Discomfort, but notice being bathed one time. The shower soap come bath on top. Ah, on soap gone, on soap gone. Okay, she connect off. No, for who? For who? For soap I am, I am doing. I've been for quite a while. Okay, now she last acid bathy, acid B. Boshi indagasi, notice there any delays? Wa, batoye ko soro, ko soro. Batoye ko uri, uri. Yes, yes. Okay, okay. Did she come? Has she completed all her vaccines? Yes, she, she did. She had everything. She has taken everything. In fact, she's, she's a very healthy child up until now. Okay, have you ever had to bring her to the hospital to be admitted before? No, even when she was born, uh, mom was out of the hospital the next day. Okay, now has any of her siblings ever had this kind of thing before? No. How many siblings does she have? 2. She has 2 siblings. Okay, um, what kind of water? And she drinks pure social water. Okay. Oh, they should not dispose waste in the environment. Any proper disposal for waste management to come pick up. All right. Your toilet only and no more than one. Okay. Water closet. Water closet. All right. Okay. It is okay because any other person to see me, you know, come by. Siblings. Okay. Is there any medication to my allergics? No, me, anyone. Okay. Have you given her any other medication since this thing started apart from paracetamol? When, when that fever was not going, was not getting better So we decided that we're going to buy Brustan N. Okay, so we gave her just one, but that was the only one we gave her earlier today. Okay, is she allergic to any medication to your knowledge? No. All right, okay, so I just want to ask a couple more questions. When this jerking happened, all right, Did did she hit her head on anything? No. Okay, she didn't sustain any injuries. She was in bed when it happened. Okay, she was in bed when it happened. All right then. Thank you very much. Do you have any questions for me? Because I believe you probably have any questions. I have some questions. I'm worried though, because like I said, she's a very healthy child. So kilo le shelle gongo. All right. So Sherry, in children. Less than five years old. See, our own body go not gone when they have very high fever, just like she has had in this situation where you said she has pain when she's urinating. That is what we call a urinary tract infection. So it's one of the causes of fever in a child of this age. Malaria is also another cause, and that's why I asked some other questions. You know. And so when their temperature gets really high like that, it just like triggers what we call a febrile convulsion, which is that their brain just goes into overdrive and just— they just start having this jerking, these convulsions, right? And the thing is, um, that's— this is why it's very important that when children are having high temperature we always ensure that we bring down that temperature because we don't want this kind of thing to happen. Because we also don't want a situation whereby in the future she will not start having seizures like this, right? So that is what we try to avoid. So, you know, henceforth, whenever you notice that she has high body temperature like that, bring it down immediately. Give ibuprofen Or you give paracetamol, and then you ensure that you mop her body with lukewarm water. All right. So yes. So that's it. Baoni achi mawa kila kile mawa shefunsin tiara emafi bale. So nesi infection ti oniye ti mocheso uti aye amafuni antibiotics just to ensure that infection clears off. Once the infection clears off. The fever will go down, and so we are not going to have another case of convulsion again. Okay, right. Thank you very much.","Thank you doctor. Now I can, I can answer your question. Thank you so much for attending to us that emergency. No problem sir. You're welcome so can you tell me how this all started? She's just 2 year's old, three days ago she complained about pain that when she want to pee, she'll be feeling pain. I said maybe she was not drinking water well. Then yesterday she started complaining that she is feeling cold. I touched her body she was hot, very hot, then 1 hour ago she was still talking to her brother o next thing she started jerking, she started jerking and for like 5 minutes before it stopped. Okay so this jerking was were you noticed and rushed her to the hospital. Yes So you said the jerking lasted for about 5 minutes. Alright was her whole body shaking? It was her arm and her leg. Her arm and her leg that was shaking okay and after it stopped for this five minutes, did she sleep? Hà ó sùn She slept All the way here se ló ń sùn Okay, now is ,this the first time this thing will happen to her, this jerking? Yeah this jerking. She has never had this kind of thing before? Okay you said her body was hot. How hot? Was it very hot? Her mother did temperature check, thermometer. Temperature check. What was it? 38.1 she now put water on her body. wọ́n fi omi tẹ ara ẹ Okay and igba ton Fi omi sí ara rẹ. Did the temperature reduce? Yes ó wálẹ̀ sì bí í 37.4. Sé ẹ fun ni paracetamol at any point? Bẹẹni a fún ní paracetamol. Ẹ so pé ó ń sọkún nígbà tó ń tọ̀ three days ago okay. se ko dẹ̀ complain pé inú run òun. Ẹ mọ̀ pé ọmọdé nkán tó ma sọ náà kò pọ̀ na, ó kàn, ìyẹn nìkan l'ó dà bíi pé o ń cause pain discomfort fun discomfort yẹn Ẹ dẹ̀ notice pé ìgbà tó bá n tọ̀, s'oun sọkún nígbà tó n tọ̀? Òun sunkún, oun sunkún gan-an Okay Sé kò ní cough? No kò wúkọ́ cough Ko wúkọ́, kò sọ pé àyà ń dun òun àbí nkán nkán Rárá kò sọ bẹ́ẹ̀ Okay, now. Sé àti ìgbà tí ẹ ti bí bó se n dàgbà sí ẹ notice bóyá any delays wa. Ìgbà tó yẹ kó sọ̀rọ̀, ó sọ̀rọ̀. Ìgbà tó yẹ kó rin, ó rin? yes Has she completed all her vaccines? Yes she did, she had everything. She has taken everything. She's a very healthy child not until now. Up until now. Okay have you ever needed to bring her to the hospital to be admitted for? No, no even when she was born her mum was out of the hospital the next day. Okay, now has any of her siblings ever had this kind of thing before? rárá kò sí 'nu wọn How many siblings does she have? Two She has two siblings okay. What kind of water lo ma n mu? She drinks pure sachet water. báwo lẹ se má ń dispose waste ní environment yín? a ni proper disposal for waste management to come pickup. Alright irú toilet wo ni ẹ̀ ń lò ? Modern one, water closet. water closet, alright okay Ẹ dẹ sọ pé kò sí any other person tó ti ni iru nkan bayi ri? Yes Láàrín àwọn siblings ẹ́. okay is there any medication to wa allergic si? No, mi ò mọ anyone Okay have you given her any other medication since this thing started apart from paracetamol? When that fever was not going, was not getting better. So we decided that we were going to buy . Okay So we gave her just one but that was the only one we gave her earlier today. Okay is she allergic to any medication to your knowledge? No Alright okay sir I just want to ask you couple more questions. When this jerking happened alright did. Did she hit her head on any thing. No Okay she didn't sustain any injury She was in bed when it happened She was in bed when it happened. Alright thank you very much. Do you have any questions for me because I believe probably have some questions. Yes I'm worried though because like I said she's a very healthy child so kí ló lè ṣẹlẹ̀ gangan Alright so sé ẹ rí in children less than 5 years old tí ara wọn bá ti gbóná gan. When they have high fever just like she has had in this situation where you said she has pain when she's urinating. That is what we call urinary tract infection it is one of the causes of fever in a child of this age. Malaria is also another cause and that's why I asked some other questions you know. So when their temperature gets really high like that it's just like triggers what we call ephebral convulsions. Which is that their brain just goes into overdrive and just starts having these jerking. These convulsions right? And the thing is this is why it's very important that when children having high temperature you Always ensure that you bring down that temperature because you don't want this kind of thing to happen. Because we don't want a situation whereby in the future she'll now start having seizures like this, so that's what we're trying to avoid. So you know henceforth whenever you notice that she has high body temperature like this bring it down immediately. Give ibuprofen or you give paracetamol and then you ensure you mop her body with lukewarm water alright? So yes so that's báwo la se ma kí lẹ má wá se fún nisin ti ara ẹ́ ma fi balẹ̀. so nísìn-ín infection tí ó ní yen tí mo ti sọ UTI yẹn a ma fun ni antibiotics just to ensure that the infection clears off. Once the infection clears off the fever will go down. So we're not going to have another case of convulsion again. Thank you very much. ẹ sé gan.",15.384,0.3788,0.2192,0.5064,0.2618,
data/clips/yoruba_04.wav,yoruba-english,afriswitchcare,sahara-v2.5,,"Good afternoon sir and welcome to the clinic today, I'm Doctor Oyíndà and I'll be attending to you today. Can you tell me your name sir? My name is Múrí. Okay Múrí Ọ̀kánlàwọ́n Mr Múrí how old are you sir? I'm still a young boy, sixty years old ni mí Okay alright sixty years. iṣẹ́ wo léyìn se sir? I'm a retired traffic coordinator. Okay are you married sir? mo ní ìyàwó, ìyàwó méjì. Okay alright thank you very much sir. So ṣe ẹ lè sọ reason tẹ se wá sí clinic lenìí? Orókún mi ni o orókún mi méjèèjì bayii ó má ń ro mí, my knees. Okay so orókún méjèèjì ló ń ro yin, àti ìgbà wo ló ti bẹ̀rẹ̀ sí ma ro yín? Just about two weeks. Okay so láti ìgbà tó ti bẹ̀rẹ̀ ní two weeks ago se ẹ lè sọ pé bó ṣe bẹ̀rẹ̀ náà ló ṣe n ro yin nisin? Has it gotten worse or it has remained the same? I can say that it has, it started gradually, it started gradually and then became worse and worse and now it's even it's really disturbing me. Okay if you're to grade the pain over 10, what would you grade it? Like six, six over ten. Six over ten that's a lot, I'm so sorry about this. Thank you Okay can you describe the pain, is it peppering you. báwo ló ṣe ń se yin? So ń ro yín ni? Ó ń rò mí, ó ń ro mí gan. Alright tó bá dẹ̀ bẹ̀rẹ̀ sí ma ro yín sé ó má ń lọ sí any other part ní ẹsẹ̀ yín àbí any other part of your body? Kò kì ń lọ sí ibò min just my knees. Okay sé ó ní anything pé tẹ ba, pe ẹ ti notice tó ma ń jẹ́ kí pain yẹn worse àbí to ma n jẹ́ kó better? Tó bá ba dún mi bayii ó ń dùn mí. Okay se ẹ notice pé bóyá okay ó ma ń burú sí àbí ó má ń dùn yín si? You're right tí mo bá se jí láàárọ̀ it's usually there but as the day goes on you know ó má ń reduce. Kí ló máa ń ṣé tẹ bá ń rìn? Okay yes ó ma reduce bẹ́ẹ̀ni. Alright ṣe ẹsè yẹn ò wú? No kò wú. Ṣé ẹ dẹ ṣubú at any point in time? You don't have any wounds on your body? No, no, no Okay so ẹ sọ pe kò wú se ko doti na? Ẹ sàkíyèsí pé bóyá o ma ń gbóná Mi ò sàkíyèsí pé o ń gbóná Alright ṣe é ṣe notice No rárá rárá. Orí ò fọ́ yín Rárá ori o fọ mi. Alright okay is there any other complaint rẹ ni yatọ sí ẹsẹ to n dun yin? E ko sọ complaint kankan. Sé àti ìgbà tí pain yii ti bẹrẹ ṣe ti lo any medication? Ibuprofen Ibuprofen Bẹẹni mo ma n lo ni lekakan. Does it relieve your pain? Just a little and then it comes back. Okay alright thank you very much so I'm also going to ask you a couple of questions. Have you ever been diagnosed with hypertension? One time wọn sọ pe ìfúnpá mi lọ sókè diẹ ṣugbọn wọn ọ fún mi logun o ṣé ti normal lati ìgbà yen. okay é de check e recently PE bóyá wọn sọ pe no ko high. Mo ṣẹṣẹ check e ni ọsẹ mẹrin sẹyin. Alright okay diabetes nko? ito sugar se wọn ever so fún yin. no I'm not diabetic. Okay ulcer nko? Noo Se e ma n mu cigar? No I don't smoke. Okay do you take alcohol? You know once in a while you know in the evenings, weekends, when we go to parties just that. Alright thank you very much. Okay so awọn questions to moti bẹrẹ lọwọ yín yi ka le fi mo nkan to n ṣẹlẹ sí ẹsẹ yín ni. so what we are now going to do next is to ask you to go do an X-ray on your knee. So a ma se photo ese mejeeji yen a de ma wa. To ba ti ṣe test yẹn tan result tẹ́ bá gbà. You can bring it back to the clinic for us to examine and review it, alright. Thank you very much. Ẹ sé gan",,,,,,"Sahara upload failed for data/clips/yoruba_04.wav (status 400): {""data"":{},""message"":""insufficient balance to process the file"",""status"":""Error""}
"
data/clips/yoruba_04.wav,yoruba-english,afriswitchcare,whisper-large-v3-groq," i'm dr and i will be attending to you today can you tell me your name sir my name is mr murray um how are you sir i'm i'm still a young boy 60 years old okay all right 60 years all right you shall learn shisha ah i'm a retired traffic coordinator Ok, are you married sir? Ha, yon ni ya wo, yon la wo meji. Ok. Alright, thank you very much sir. So, share the stories and tell us the clinic name. Ha, ono koni yo, ono koni meji jibayi, sholuman ro mi, my niece. Ok, so, ono koni meji jibayi, asbalo siber si yon yi bayi? বাবৎ। ৭੤ A ti li sukwe bushi bere, nor u shi shen yoni miste ng, has it gotten worse or it has remained the same? I can say that it has it started It started gradually and then became worse and worse and now it really disturbing me Oh, okay. If you are to grade the pain over ten, what grade would you give it? Like six. Six over ten. Oh, six over ten. Okay, that's a lot. I'm so sorry about this. Thank you. Okay, so can you describe the pain? Is it peppery? Is it aching me? Pa lo shen shen mi shon royi mi? Abu mi jon mi? Ye, on ro mi. On ro mi gon. Alright. She, toba de esi beresi royi mi, she oman losi any other part mi eseni, abu any other part of your body? No, no. Kose koken losi bi mi. Just my knees. Ok. Shun ni anything, tu e pi te ba e ti notice bi te ba she umanje ki penyo wos si abu manje ki penyo beta? E, kosim kosim uli she. Uwa si unting ibe unjum i noni. Ok, she e notice bi be ya okey a ro uman burusi abu ya le uman dungu. You are right. Simba she jilaro is usually there but as the day goes on you know you may reduce So tebari you may get better You may reduce Alright. Shwe e seyo yon wu? A, kwen. Shwe e de shubu at any point in time, you don't have any wound on your knee? No. Ok. Suy e sot pe ko u shi ku de buno, e shaki skubi yo u buno? Mi shaki skubi yo u buno. All right. Shi e de mutis skubi yo ara ino u buno? Ino. Rara. Ovi o komi? Rara. Ovi o komi. All right. Is there any other complaints geni ya kosi e seti u ndon u? রো Ok... Nn nè ... nn ... রো ɣো ɛ ɦɒ. ... nn ... ɦɔ. Ɠ ɨɦ ɦɦ ... ɦɦ. ... ɦɦ ... ɦɦ ... ɦɦ. Nn nn nn nn nn nn nn Nn nn nn nn One time one sotpe i kum kwa mi lo sot i dhe shwe ba wu o fumi lo gung o de si nama kwa mi one time ones okay confirm illo soti YES you go off new go there no elastic okay check our resented ah no no no I check in the scenario scene okay diabetes and for sure I'm not diabetic. How are you? I'm ok. Do you drink? No, I don't smoke. Do you take alcohol? Once in a while. In the evenings, weekends, when we go to parties. Just that. Alright. Thank you very much. ok so a question for you Kylie film on cotton shell sts a so what's bad now going to do next is to ask you to go to an extra of uni so a mashie photo SME Gini and a mawak the battle at the shit testing at all results the bagba you can bring it back to the clinic post to examine our reviews alright? Thank you very much","Good afternoon sir and welcome to the clinic today, I'm Doctor Oyíndà and I'll be attending to you today. Can you tell me your name sir? My name is Múrí. Okay Múrí Ọ̀kánlàwọ́n Mr Múrí how old are you sir? I'm still a young boy, sixty years old ni mí Okay alright sixty years. iṣẹ́ wo léyìn se sir? I'm a retired traffic coordinator. Okay are you married sir? mo ní ìyàwó, ìyàwó méjì. Okay alright thank you very much sir. So ṣe ẹ lè sọ reason tẹ se wá sí clinic lenìí? Orókún mi ni o orókún mi méjèèjì bayii ó má ń ro mí, my knees. Okay so orókún méjèèjì ló ń ro yin, àti ìgbà wo ló ti bẹ̀rẹ̀ sí ma ro yín? Just about two weeks. Okay so láti ìgbà tó ti bẹ̀rẹ̀ ní two weeks ago se ẹ lè sọ pé bó ṣe bẹ̀rẹ̀ náà ló ṣe n ro yin nisin? Has it gotten worse or it has remained the same? I can say that it has, it started gradually, it started gradually and then became worse and worse and now it's even it's really disturbing me. Okay if you're to grade the pain over 10, what would you grade it? Like six, six over ten. Six over ten that's a lot, I'm so sorry about this. Thank you Okay can you describe the pain, is it peppering you. báwo ló ṣe ń se yin? So ń ro yín ni? Ó ń rò mí, ó ń ro mí gan. Alright tó bá dẹ̀ bẹ̀rẹ̀ sí ma ro yín sé ó má ń lọ sí any other part ní ẹsẹ̀ yín àbí any other part of your body? Kò kì ń lọ sí ibò min just my knees. Okay sé ó ní anything pé tẹ ba, pe ẹ ti notice tó ma ń jẹ́ kí pain yẹn worse àbí to ma n jẹ́ kó better? Tó bá ba dún mi bayii ó ń dùn mí. Okay se ẹ notice pé bóyá okay ó ma ń burú sí àbí ó má ń dùn yín si? You're right tí mo bá se jí láàárọ̀ it's usually there but as the day goes on you know ó má ń reduce. Kí ló máa ń ṣé tẹ bá ń rìn? Okay yes ó ma reduce bẹ́ẹ̀ni. Alright ṣe ẹsè yẹn ò wú? No kò wú. Ṣé ẹ dẹ ṣubú at any point in time? You don't have any wounds on your body? No, no, no Okay so ẹ sọ pe kò wú se ko doti na? Ẹ sàkíyèsí pé bóyá o ma ń gbóná Mi ò sàkíyèsí pé o ń gbóná Alright ṣe é ṣe notice No rárá rárá. Orí ò fọ́ yín Rárá ori o fọ mi. Alright okay is there any other complaint rẹ ni yatọ sí ẹsẹ to n dun yin? E ko sọ complaint kankan. Sé àti ìgbà tí pain yii ti bẹrẹ ṣe ti lo any medication? Ibuprofen Ibuprofen Bẹẹni mo ma n lo ni lekakan. Does it relieve your pain? Just a little and then it comes back. Okay alright thank you very much so I'm also going to ask you a couple of questions. Have you ever been diagnosed with hypertension? One time wọn sọ pe ìfúnpá mi lọ sókè diẹ ṣugbọn wọn ọ fún mi logun o ṣé ti normal lati ìgbà yen. okay é de check e recently PE bóyá wọn sọ pe no ko high. Mo ṣẹṣẹ check e ni ọsẹ mẹrin sẹyin. Alright okay diabetes nko? ito sugar se wọn ever so fún yin. no I'm not diabetic. Okay ulcer nko? Noo Se e ma n mu cigar? No I don't smoke. Okay do you take alcohol? You know once in a while you know in the evenings, weekends, when we go to parties just that. Alright thank you very much. Okay so awọn questions to moti bẹrẹ lọwọ yín yi ka le fi mo nkan to n ṣẹlẹ sí ẹsẹ yín ni. so what we are now going to do next is to ask you to go do an X-ray on your knee. So a ma se photo ese mejeeji yen a de ma wa. To ba ti ṣe test yẹn tan result tẹ́ bá gbà. You can bring it back to the clinic for us to examine and review it, alright. Thank you very much. Ẹ sé gan",10.018,0.6936,0.4642,0.762,0.4952,
data/clips/yoruba_04.wav,yoruba-english,afriswitchcare,assemblyai-universal,"Good afternoon, sir, and welcome to the clinic today. I'm Dr. Onyega, and I will be attending to you today. Can you tell me your name, sir? My name is Mui. Okay, Mr. Mui, um, how old are you, sir? Um, I'm still a young boy, 60 years old. Okay. Okay, all right. Sixty years. All right. Is she a nurse, sir? Ah, I'm a retired traffic coordinator. Okay. Are you married, sir? Ah, moni ya wo. Ya wo meji. Okay. All right. Thank you very much, sir. So, um, share the stories in the shiwasi clinic. Ha, honokoni yo. Honokumeje di bae sholomaromi my niece. Okay, so honokumeje ji o timiwe ngase balosibere se yone bae? Just about two weeks. Okay. So last time I saw sibere, two weeks ago, she le sokwe bushi bere. No, le shishenyo yone seng. Has it gotten worse or it has remained the same? Um, I can say that it has. It started gradually. It started gradually and then became worse and worse, and now it's even— it's really disturbing me. Oh, okay. If you are to grade the pain over 10, what grade will you give it? Like six, six over ten. Oh, six over ten. Okay, that's a lot. I'm so sorry about this. Thank you. Okay, so can you describe the pain? Is it peppery? Is it aching you? All right. Um, she. To ban esi bere siro inye. She uman losi any other parts. Ni eseni abi any other parts of your body? No, no. Kutsi kukin losi bini? Just my knees. Okay. She unye anything to ekute ba etinotis bute ba she umanje kipe inye worse. Abumange kipe inye better. Eh, kutsi nkutsi mule she. Uwasintu miba undumi nono. Okay, share notice people. Okay, aro, umang Brucey, abi ale umang Jones. You are right. Simba, she's usually there, but as the day goes on, you know, umang reduce. All right. She is saying you. Ah, okay. She added, she will at any point in time. You don't have any wound on your knee? No. Okay. So, so, people, we check the bone. Eh, shakis, people, your bone. Me, shakis, it go bone. All right. Um, she added, notice people, your eyeliner bone. No, rara, rara. Are you fine? Rara, are you fine? All right. Um, okay. Is there any other complaints? Any complaints? She has body pains, but she's taking medication. Ibuprofen. Ibuprofen. Then, woman do learn compound. Does it relieve your pain? Just a little, and then it comes back. Okay. All right, then. Thank you very much. So I'm also going to ask you a couple of questions. Have you ever been diagnosed of hypertension? Um. One time, once of a week, confirm you lost okay. Yes, you go on off. You log on. Oh, that's normal acid diet. Okay. They check recently. It's once of a week. No, go high. Must check maybe scenario saying. All right. Okay. Diabetes in call. It's a sugar. Sugar. I know I'm not diabetic. I'm not diabetic. Also, uncle? Ah, no. All right. No, I don't smoke. Okay. Um, do you take alcohol? Once in a while, you know, in the evenings, weekend when we go to parties. Just, just that. All right, thank you very much. Okay, so our question. Simosi, biriloyi, kalifimonkoto, shelesi, eseyini. So what we are now going to do next is to ask you to go do an x-ray of your knee. So amashi foto esemijiji, ademawa, tebatsawati, she testing. Results, you can bring it back to the clinic for us to examine and review it. All right, okay, thank you very much.","Good afternoon sir and welcome to the clinic today, I'm Doctor Oyíndà and I'll be attending to you today. Can you tell me your name sir? My name is Múrí. Okay Múrí Ọ̀kánlàwọ́n Mr Múrí how old are you sir? I'm still a young boy, sixty years old ni mí Okay alright sixty years. iṣẹ́ wo léyìn se sir? I'm a retired traffic coordinator. Okay are you married sir? mo ní ìyàwó, ìyàwó méjì. Okay alright thank you very much sir. So ṣe ẹ lè sọ reason tẹ se wá sí clinic lenìí? Orókún mi ni o orókún mi méjèèjì bayii ó má ń ro mí, my knees. Okay so orókún méjèèjì ló ń ro yin, àti ìgbà wo ló ti bẹ̀rẹ̀ sí ma ro yín? Just about two weeks. Okay so láti ìgbà tó ti bẹ̀rẹ̀ ní two weeks ago se ẹ lè sọ pé bó ṣe bẹ̀rẹ̀ náà ló ṣe n ro yin nisin? Has it gotten worse or it has remained the same? I can say that it has, it started gradually, it started gradually and then became worse and worse and now it's even it's really disturbing me. Okay if you're to grade the pain over 10, what would you grade it? Like six, six over ten. Six over ten that's a lot, I'm so sorry about this. Thank you Okay can you describe the pain, is it peppering you. báwo ló ṣe ń se yin? So ń ro yín ni? Ó ń rò mí, ó ń ro mí gan. Alright tó bá dẹ̀ bẹ̀rẹ̀ sí ma ro yín sé ó má ń lọ sí any other part ní ẹsẹ̀ yín àbí any other part of your body? Kò kì ń lọ sí ibò min just my knees. Okay sé ó ní anything pé tẹ ba, pe ẹ ti notice tó ma ń jẹ́ kí pain yẹn worse àbí to ma n jẹ́ kó better? Tó bá ba dún mi bayii ó ń dùn mí. Okay se ẹ notice pé bóyá okay ó ma ń burú sí àbí ó má ń dùn yín si? You're right tí mo bá se jí láàárọ̀ it's usually there but as the day goes on you know ó má ń reduce. Kí ló máa ń ṣé tẹ bá ń rìn? Okay yes ó ma reduce bẹ́ẹ̀ni. Alright ṣe ẹsè yẹn ò wú? No kò wú. Ṣé ẹ dẹ ṣubú at any point in time? You don't have any wounds on your body? No, no, no Okay so ẹ sọ pe kò wú se ko doti na? Ẹ sàkíyèsí pé bóyá o ma ń gbóná Mi ò sàkíyèsí pé o ń gbóná Alright ṣe é ṣe notice No rárá rárá. Orí ò fọ́ yín Rárá ori o fọ mi. Alright okay is there any other complaint rẹ ni yatọ sí ẹsẹ to n dun yin? E ko sọ complaint kankan. Sé àti ìgbà tí pain yii ti bẹrẹ ṣe ti lo any medication? Ibuprofen Ibuprofen Bẹẹni mo ma n lo ni lekakan. Does it relieve your pain? Just a little and then it comes back. Okay alright thank you very much so I'm also going to ask you a couple of questions. Have you ever been diagnosed with hypertension? One time wọn sọ pe ìfúnpá mi lọ sókè diẹ ṣugbọn wọn ọ fún mi logun o ṣé ti normal lati ìgbà yen. okay é de check e recently PE bóyá wọn sọ pe no ko high. Mo ṣẹṣẹ check e ni ọsẹ mẹrin sẹyin. Alright okay diabetes nko? ito sugar se wọn ever so fún yin. no I'm not diabetic. Okay ulcer nko? Noo Se e ma n mu cigar? No I don't smoke. Okay do you take alcohol? You know once in a while you know in the evenings, weekends, when we go to parties just that. Alright thank you very much. Okay so awọn questions to moti bẹrẹ lọwọ yín yi ka le fi mo nkan to n ṣẹlẹ sí ẹsẹ yín ni. so what we are now going to do next is to ask you to go do an X-ray on your knee. So a ma se photo ese mejeeji yen a de ma wa. To ba ti ṣe test yẹn tan result tẹ́ bá gbà. You can bring it back to the clinic for us to examine and review it, alright. Thank you very much. Ẹ sé gan",14.704,0.5964,0.3677,0.7045,0.4191,
data/clips/yoruba_05.wav,yoruba-english,afriswitchcare,sahara-v2.5,,"Okay good morning. Good morning. orúkọ mi ni Doctor Salami. kíni orúkọ ti yín? Saheed Ọmọ́bọ́láńlé okay ọmọ ọdún mélòó ni yín? Sixty years of age. Okay báwo l'ára yín lenìí? I'm better. Okay so what brought you to the hospital today? I noticed that my right body láti òkè delẹ o weak. Okay so how long has this weakness been for? About 4 hours ago. Okay so weakness yìí só kan dédé bẹrẹ àbí díẹ̀ díẹ̀? Ó kàn dédé bẹ̀rẹ̀ ni. okay so what where you doing before this weakness. tán sọrọ wípé What were you doing when it first started? I was watching AFCON match. Okay so who was playing? Can you tell me the circumstances surrounding it? Nigeria and Egypt so nkán to ṣẹlẹ̀ ni pé the opponent team wọ́n score so o shock mi gan. okay so ìgbà tí o wa ṣẹlẹ̀ kí le wá se yin? Ìgbà tó ṣẹlẹ̀ mo notice pe ẹgbẹ ẹnu mi wọ́ s'ẹ́gbẹ̀ẹ́. okay at that moment where you able to talk? No Okay so before kí gbogbo eléyìí tó ṣẹlẹ̀ where you having any previous complaint before? Of course mo ní orí fífọ́ kan. Okay so ori fifọ yen se gbogbo ori yin àbí ọ ni particular side to n fo yin. Gbogbo ori mi Okay se igba to ni ori yen fo yin se é ṣubu at any point in time? At all. Okay at any point in time se notice pe boya e . rárá. okay was there any loss of vision at any point in time? Not at all. Okay sé ẹ ní ìfúnpá gíga? Só ti sọ fún yin pé ẹ ní ìfúnpá gíga? Bẹ́ẹ̀ni Okay ìgbà wo ló sọ fún yín pé ẹ ní ìfúnpá gíga? Ó tí tó bí a year báyìí. Okay so igba to ti n ni ìfúnpá gíga ki le wa n se? Ṣé ẹ ma n lo ògùn? Mo stop lati ma lo ògùn mi ìgbà tí mo get, igba ti mo get better. Okay so ń torí pé ẹ ti get better le sẹ stop ògùn yín mọ́. Okay se ẹ má ń lo clinic gangan? Rárá Kí ló dé tẹ n kin lọ sí clinic? Ìgbà tí mo ti notice se pé mo ti get better. Se rántí àwọn nkán rẹ n lo ni se rántí awa nkán tẹ n lo fún ìfúnpá yín? Okay se ma n mu cigar? Béẹ̀ni Okay se ẹ má ń m'ọtí? Bẹ́ẹ̀ni. How frequently do you drink? mo ma n m'ọtí. Ìgbà tí mo feel like ni mo ma n mu. okay is it like once a while or every day? Everyday Okay so sé ẹ má ń mu sìgá? Báwo lẹ se má ń mu sìgá tó? Bí mo se má ń m'ọtí ni mo se má ń mu sìgá. Okay so ẹ lè mu tó ìgò mélòó lẹ lè mu l'ójúmọ́? Mo lè mu tó mẹ́ta Ẹ̀yin náà dẹ ń ra ìyẹn fún ara yín. Okay sìgá yẹn ńkọ́, bi stick mélòó lẹ má ń mu l'ójúmọ́? Bi stick ẹyọkan ní mo ma ń mu stick. Okay se any family self attention? Bẹ́ẹ̀ni Okay se any family striving to know of? Bàbá mi ní hypertension Okay Àti heart attack. iyen na, okay so he died from heart attack? When was that? How many years ago? ni ìyẹn? Ó ti pẹ́ na. Ṣé ó ti tó ọdún mẹ́wàá? about five years ago. Ọmọ ọdún mélòó ni bàbá yín kó tó se aláìsí? He died around '81. english> Alright thank you very much, alright. So on examination I found a, an elderly woman not dehydrated there was facial dripping in the right corner of the mouth. Temperature on presentation was 36 degrees Celsius, pulse rate was 87 beats per minute. BP today 160 over 100 millimeters of mercury. Respiratory rate 12 cycle per minute SPO2, 98%. Her medical examination revealed weakness on the right side, the strength on the right side is 4 out of 5, the power on the right side. So my diagnosis is mostly likely it's a stroke. So nkan to dabi nkán tó ṣẹlẹ̀ ni pé àwọn àyẹ̀wò kan. |Ẹ má se full blood count ìyẹn má wo àwọn infection to wà nínú ẹ̀jẹ̀ yín. Ẹ má se EUCI, ìyẹn ma se àwọn iyọ̀ ara yin so ma le mo pe because ti iyọ ọ ba pe. You can present will symptoms of stroke mo ma fe kẹ se test kan awa n pe ni fasting lipid profile but ẹ ti jẹun nsin so o ma di àárọ̀ ọ̀la k'ẹ tó sé. Ẹ ma wa bi 8 O'clock láti wá se test yii. So the fasting lipid profile will be done then alongside the test. You will do a CT scan for me so that I'll be able to a certain the state of the brain and if there's anything wrong with the brain.",,,,,,"Sahara upload failed for data/clips/yoruba_05.wav (status 400): {""data"":{},""message"":""insufficient balance to process the file"",""status"":""Error""}
"
data/clips/yoruba_05.wav,yoruba-english,afriswitchcare,whisper-large-v3-groq," Ok, good morning. Good morning doctor. Welcome, Dr. Salam. Can you say your name? Sayid Yamukola. Ok, and how old are you? 60 years of age. Ok, how are you? I am better. Ok, so what brought you to the hospital today? I need that my right body, that's ok, the left. Oh, weak. ok so how long has this sickness been for? About 4 hours ago ok so weakness is you caught the deborah anya? Bidye gelo beh? I caught the deborah ok so what were you doing before this weakness? What were you doing before you started? I was watching afghan march ok so who was playing? Can you tell me the circumstances surrounding it? Nigeria and Egypt So, I was not able to tell that when you start the battle, the enemy team is the one who will win. They will be the one to win. So, I understand it well. We have to think about what to say. We will think about what to say. And if you are wrong, just say it out loud. Ok. At that moment, were you able to talk? No. So, before ki bubuyde ito ushele, well, do you have any previous complaint before? Of course mu mu mi owi tifo go Ok so owi tifo nye se yi ni a bi ouni particular side o you kontou phone oki se i batou yi enfo yi se e shu do at any point in time ato ok at any point in time se e notice pe bo ya e shi gi, aro ok se was there any loss of vision at any point in time, not ato Ok, se eni fukpadiga, se wati sofren yi kwa eni fukpadiga? Ben. Ok, ba wlo sofren yi kwa eni fukpadiga? Kwa chukto bie ye, ben. Ok, so ati bateti mwokwa eni fukpadiga yi ki le man se, se man lugu? E, mwostop la ti man lugu mi. Ok. Bati mwokwa eni mwoti get beta. Ok, so eni towe get beta de, se lugu mi mo? Ben. Ok, se man luklinik i kokon? A. A. Ki luklinik? But mwen fi pwen moti ge betare mwen ti yan mon imo shi lo. Se mwen ti an wang gwen ten lo? Se mwen ti an wang gwen ten lo? Ok, se mwen moti da? Ok, se mwen moti? Ben. How frequently do you drink? Mwen moti ni tewa ti feel like mwen mon i wana. Ok, is it like one saying a while or every day? Everyday Ok so shema ha monsiga Ba u le shema ha monsiga to Monsima ha monsi non monsi monsiga Ok so e le minto igotime le le le mulo juma pa Allah O Allah irstikh ok, I死 at heart attack ok, he was die because of my heart attack 4 i, siadwih 3 i 5 i had to look for his father he died around 81 you very much all right so an examination and i found a an elderly woman not pure an ecteric a cyanist not dehydrated and there was a facial dripping in the right corner of the mouth temperature on presentation was 36 degrees Celsius pulse rate was 87 bpm BP BP today 160 over 100 mmHg respiratory rate 12 cycles per minute SPO2 98%, Novo-logical examination revealed weakness on the right side, the strength on the right side is 4 out of 5, the power on the right side so my diagnosis is most likely it's it's a stroke so so you got to sell anything i must say um full blood count. In yema wo anwa infection tubawa ni no e jan yi. Ema she iu siya. In yema wo anwa iu ara yi. So da mali mwobo yao kwe. Kos ti yi oba kwe. You can present with symptoms of stroke. Mwa feje ke she testi kon ankwe ni fasting li pi kufo. Bo eti jia unise. So ma di a ro la ke to she. MR1BA to clock level alat washi testi. So, the fasting lipid profile would be done. Then, alongside the blood test, you would do a brain CT scan for me so that I would be able to ascertain the state of the brain and if there is anything wrong with the brain.","Okay good morning. Good morning. orúkọ mi ni Doctor Salami. kíni orúkọ ti yín? Saheed Ọmọ́bọ́láńlé okay ọmọ ọdún mélòó ni yín? Sixty years of age. Okay báwo l'ára yín lenìí? I'm better. Okay so what brought you to the hospital today? I noticed that my right body láti òkè delẹ o weak. Okay so how long has this weakness been for? About 4 hours ago. Okay so weakness yìí só kan dédé bẹrẹ àbí díẹ̀ díẹ̀? Ó kàn dédé bẹ̀rẹ̀ ni. okay so what where you doing before this weakness. tán sọrọ wípé What were you doing when it first started? I was watching AFCON match. Okay so who was playing? Can you tell me the circumstances surrounding it? Nigeria and Egypt so nkán to ṣẹlẹ̀ ni pé the opponent team wọ́n score so o shock mi gan. okay so ìgbà tí o wa ṣẹlẹ̀ kí le wá se yin? Ìgbà tó ṣẹlẹ̀ mo notice pe ẹgbẹ ẹnu mi wọ́ s'ẹ́gbẹ̀ẹ́. okay at that moment where you able to talk? No Okay so before kí gbogbo eléyìí tó ṣẹlẹ̀ where you having any previous complaint before? Of course mo ní orí fífọ́ kan. Okay so ori fifọ yen se gbogbo ori yin àbí ọ ni particular side to n fo yin. Gbogbo ori mi Okay se igba to ni ori yen fo yin se é ṣubu at any point in time? At all. Okay at any point in time se notice pe boya e . rárá. okay was there any loss of vision at any point in time? Not at all. Okay sé ẹ ní ìfúnpá gíga? Só ti sọ fún yin pé ẹ ní ìfúnpá gíga? Bẹ́ẹ̀ni Okay ìgbà wo ló sọ fún yín pé ẹ ní ìfúnpá gíga? Ó tí tó bí a year báyìí. Okay so igba to ti n ni ìfúnpá gíga ki le wa n se? Ṣé ẹ ma n lo ògùn? Mo stop lati ma lo ògùn mi ìgbà tí mo get, igba ti mo get better. Okay so ń torí pé ẹ ti get better le sẹ stop ògùn yín mọ́. Okay se ẹ má ń lo clinic gangan? Rárá Kí ló dé tẹ n kin lọ sí clinic? Ìgbà tí mo ti notice se pé mo ti get better. Se rántí àwọn nkán rẹ n lo ni se rántí awa nkán tẹ n lo fún ìfúnpá yín? Okay se ma n mu cigar? Béẹ̀ni Okay se ẹ má ń m'ọtí? Bẹ́ẹ̀ni. How frequently do you drink? mo ma n m'ọtí. Ìgbà tí mo feel like ni mo ma n mu. okay is it like once a while or every day? Everyday Okay so sé ẹ má ń mu sìgá? Báwo lẹ se má ń mu sìgá tó? Bí mo se má ń m'ọtí ni mo se má ń mu sìgá. Okay so ẹ lè mu tó ìgò mélòó lẹ lè mu l'ójúmọ́? Mo lè mu tó mẹ́ta Ẹ̀yin náà dẹ ń ra ìyẹn fún ara yín. Okay sìgá yẹn ńkọ́, bi stick mélòó lẹ má ń mu l'ójúmọ́? Bi stick ẹyọkan ní mo ma ń mu stick. Okay se any family self attention? Bẹ́ẹ̀ni Okay se any family striving to know of? Bàbá mi ní hypertension Okay Àti heart attack. iyen na, okay so he died from heart attack? When was that? How many years ago? ni ìyẹn? Ó ti pẹ́ na. Ṣé ó ti tó ọdún mẹ́wàá? about five years ago. Ọmọ ọdún mélòó ni bàbá yín kó tó se aláìsí? He died around '81. english> Alright thank you very much, alright. So on examination I found a, an elderly woman not dehydrated there was facial dripping in the right corner of the mouth. Temperature on presentation was 36 degrees Celsius, pulse rate was 87 beats per minute. BP today 160 over 100 millimeters of mercury. Respiratory rate 12 cycle per minute SPO2, 98%. Her medical examination revealed weakness on the right side, the strength on the right side is 4 out of 5, the power on the right side. So my diagnosis is mostly likely it's a stroke. So nkan to dabi nkán tó ṣẹlẹ̀ ni pé àwọn àyẹ̀wò kan. |Ẹ má se full blood count ìyẹn má wo àwọn infection to wà nínú ẹ̀jẹ̀ yín. Ẹ má se EUCI, ìyẹn ma se àwọn iyọ̀ ara yin so ma le mo pe because ti iyọ ọ ba pe. You can present will symptoms of stroke mo ma fe kẹ se test kan awa n pe ni fasting lipid profile but ẹ ti jẹun nsin so o ma di àárọ̀ ọ̀la k'ẹ tó sé. Ẹ ma wa bi 8 O'clock láti wá se test yii. So the fasting lipid profile will be done then alongside the test. You will do a CT scan for me so that I'll be able to a certain the state of the brain and if there's anything wrong with the brain.",10.426,0.6982,0.4523,0.7475,0.4769,
data/clips/yoruba_05.wav,yoruba-english,afriswitchcare,assemblyai-universal,"Okay, good morning. Good morning, doctor. Welcome in, doctor. Salaam. Okay, um, 60 years of age. Okay, better. Okay, so what brought you to the hospital today? I noticed that my right body, that's A week. Okay, so how long has this weakness been for? About four hours ago. Okay, so weakness is your code de de beine. Abidye de lo beine. Who code de de beine? Okay, so what were you doing before this weakness? Sorry, what were you doing before it started? I was watching Afcon match. Okay, so who was playing? Can you tell me the circumstances surrounding it? Nigeria and Egypt. Okay. So, the opponent team score. So, oh shock me go. Okay. So, ngathi ngathi o washile kile washile washile. But o shile mono sispe and ben enomi uwo sepe. Okay. At that moment. Were you able to talk? No. Okay. So before, were you having any previous complaint before? Of course. Okay. So, okay. Say it should do at any point in time. At all. Okay, at any point in time, she noticed baby is shaky. Okay, say, was there any loss of vision at any point in time? Not at all. Okay, any fupagiga? Say, what is suffering? Okay, okay, so Eh, mo stop la tima logomi. Okay. Bati mo be moti get better. Okay. So into get better de se logomi mo. Okay. Se ma lo clinic i koko. Ah. Ke lo dete ke se lo clinic. Bati mo si ke moti get better. Moti ya nono no shelo. Okay. Se moti a wa ngota enlo. Se moti a wa ngota enlo. You want? Okay, say ma musiga. Then? Okay, say ma moti. Then? How frequently do you drink? Um, um, butini, it's about to feel like umuno. Okay, is it like once in a while or every day? Every day. Okay, so say ma musiga. Bao le šema mosigatô? ke mošema wa motse no le mošeme mosigatô. okay so lemutô e gotse melule le molodumo ka? lemutô meta. ehe, e no dele yang e fang. okay segaenko bi stick melule ma molodumo? bi stick e o kolodumo. okay tse any any family history of hypertension? Then okay, say any family history I need to know of? Aba mini hypertension. Okay. That's yeah, heart attack. Okay. No, no. Okay, so he died from a heart attack. Then when was that? How many years ago? Ah, uzi kwe no. Say uzi todume wa. About five years ago. Okay, Oma Dumeloni Baba, he died around eighty-one. Okay, all right. Thank you very much. All right. So on examination, um, I found a an elderly woman, not pale, anicteric, acyanosed. Not dehydrated, and there was facial drooping in the right corner of the mouth. Temperature on presentation was 36 degrees Celsius. Pulse rate was 87 beats per minute. BP today 160 over 100 millimeters of mercury. Respiratory rate 12 cycles per minute, SpO2 98%. Neurological examination revealed weakness on the right side. The strength is on the right side is 4 out of 5, the power on the right side. So my diagnosis is Most likely, it's it's a stroke. So, so in order to sell any payment, my credit cash a one year account. Emma say full block count. In Emma one infection to ba one no egeni. Emma say EUCR. In Emma one EURI. So that Mali mobu ya opwe costio ba opwe. You can present with symptoms of stroke. Mafedeke, she test con ankwini fasting lipid profile. Bo etijewunisi, so madiaola ketoshe. Ema wanbi etukloklarola lati washe testi. So the fasting lipid profile would be done. Then alongside the blood test, you will do a brain CT scan for me. So that I would be able to ascertain the state of the brain and if there's anything wrong with the brain.","Okay good morning. Good morning. orúkọ mi ni Doctor Salami. kíni orúkọ ti yín? Saheed Ọmọ́bọ́láńlé okay ọmọ ọdún mélòó ni yín? Sixty years of age. Okay báwo l'ára yín lenìí? I'm better. Okay so what brought you to the hospital today? I noticed that my right body láti òkè delẹ o weak. Okay so how long has this weakness been for? About 4 hours ago. Okay so weakness yìí só kan dédé bẹrẹ àbí díẹ̀ díẹ̀? Ó kàn dédé bẹ̀rẹ̀ ni. okay so what where you doing before this weakness. tán sọrọ wípé What were you doing when it first started? I was watching AFCON match. Okay so who was playing? Can you tell me the circumstances surrounding it? Nigeria and Egypt so nkán to ṣẹlẹ̀ ni pé the opponent team wọ́n score so o shock mi gan. okay so ìgbà tí o wa ṣẹlẹ̀ kí le wá se yin? Ìgbà tó ṣẹlẹ̀ mo notice pe ẹgbẹ ẹnu mi wọ́ s'ẹ́gbẹ̀ẹ́. okay at that moment where you able to talk? No Okay so before kí gbogbo eléyìí tó ṣẹlẹ̀ where you having any previous complaint before? Of course mo ní orí fífọ́ kan. Okay so ori fifọ yen se gbogbo ori yin àbí ọ ni particular side to n fo yin. Gbogbo ori mi Okay se igba to ni ori yen fo yin se é ṣubu at any point in time? At all. Okay at any point in time se notice pe boya e . rárá. okay was there any loss of vision at any point in time? Not at all. Okay sé ẹ ní ìfúnpá gíga? Só ti sọ fún yin pé ẹ ní ìfúnpá gíga? Bẹ́ẹ̀ni Okay ìgbà wo ló sọ fún yín pé ẹ ní ìfúnpá gíga? Ó tí tó bí a year báyìí. Okay so igba to ti n ni ìfúnpá gíga ki le wa n se? Ṣé ẹ ma n lo ògùn? Mo stop lati ma lo ògùn mi ìgbà tí mo get, igba ti mo get better. Okay so ń torí pé ẹ ti get better le sẹ stop ògùn yín mọ́. Okay se ẹ má ń lo clinic gangan? Rárá Kí ló dé tẹ n kin lọ sí clinic? Ìgbà tí mo ti notice se pé mo ti get better. Se rántí àwọn nkán rẹ n lo ni se rántí awa nkán tẹ n lo fún ìfúnpá yín? Okay se ma n mu cigar? Béẹ̀ni Okay se ẹ má ń m'ọtí? Bẹ́ẹ̀ni. How frequently do you drink? mo ma n m'ọtí. Ìgbà tí mo feel like ni mo ma n mu. okay is it like once a while or every day? Everyday Okay so sé ẹ má ń mu sìgá? Báwo lẹ se má ń mu sìgá tó? Bí mo se má ń m'ọtí ni mo se má ń mu sìgá. Okay so ẹ lè mu tó ìgò mélòó lẹ lè mu l'ójúmọ́? Mo lè mu tó mẹ́ta Ẹ̀yin náà dẹ ń ra ìyẹn fún ara yín. Okay sìgá yẹn ńkọ́, bi stick mélòó lẹ má ń mu l'ójúmọ́? Bi stick ẹyọkan ní mo ma ń mu stick. Okay se any family self attention? Bẹ́ẹ̀ni Okay se any family striving to know of? Bàbá mi ní hypertension Okay Àti heart attack. iyen na, okay so he died from heart attack? When was that? How many years ago? ni ìyẹn? Ó ti pẹ́ na. Ṣé ó ti tó ọdún mẹ́wàá? about five years ago. Ọmọ ọdún mélòó ni bàbá yín kó tó se aláìsí? He died around '81. english> Alright thank you very much, alright. So on examination I found a, an elderly woman not dehydrated there was facial dripping in the right corner of the mouth. Temperature on presentation was 36 degrees Celsius, pulse rate was 87 beats per minute. BP today 160 over 100 millimeters of mercury. Respiratory rate 12 cycle per minute SPO2, 98%. Her medical examination revealed weakness on the right side, the strength on the right side is 4 out of 5, the power on the right side. So my diagnosis is mostly likely it's a stroke. So nkan to dabi nkán tó ṣẹlẹ̀ ni pé àwọn àyẹ̀wò kan. |Ẹ má se full blood count ìyẹn má wo àwọn infection to wà nínú ẹ̀jẹ̀ yín. Ẹ má se EUCI, ìyẹn ma se àwọn iyọ̀ ara yin so ma le mo pe because ti iyọ ọ ba pe. You can present will symptoms of stroke mo ma fe kẹ se test kan awa n pe ni fasting lipid profile but ẹ ti jẹun nsin so o ma di àárọ̀ ọ̀la k'ẹ tó sé. Ẹ ma wa bi 8 O'clock láti wá se test yii. So the fasting lipid profile will be done then alongside the test. You will do a CT scan for me so that I'll be able to a certain the state of the brain and if there's anything wrong with the brain.",42.606,0.5914,0.3842,0.6887,0.42,
