audio_path,reference_text,language,source,diagnosis,duration_sec,cmi
data/clips/hausa_00.wav,Gaisuwa English> sir miye sunanka sunana Abdul Kai Dan shekara nawa ne shekara na 28 me ya kawo ka zuwa asibitin mu? Wallahi ciwon ciki nakeji ya Kai kwana nawa? Yakai kwana hudu okay ciwon ciki din ina kana Ji ciwo din? Ehh yafara mundai daga Saman ciki nane sannan Kuma sai ya sakko ta hannun Dama na Okay faruwan ciwon ciki din is it gradual code switch > sudden? Ehh ciwon cikin Yana Dan fara min kadan kadan ne HakanNan gradual gradual Okay is it aching ko sharp pain ne? Aching ne Yana aching nawa okay in kanaso ka ba pain din score daga 1 zuwa 10 Wani score ne zaka bashi? Kaman dai A 8 Hakan Nan DAI okay pain din Yana radiating zuwa bayanka ko ina? A'a baya radiating just a wuri Daya ne kawai Okay akwai Wani Abu Wanda kasan Wani Abu Wanda Yana baka sauki? Kai Babu bansani ba ko kuwa Abu Wanda Yana tada pain din? Bansani ba Okay kana da fever a cikin wannan pain? Ehh akwai fever haka akwai zafin jiki Okay kana iya cin abinci sosai? Ba sosai ba kayi amai a cikin wannan Ehh Ina amai Hakanan DAI kama sau uku so nawa? Kaman sau uku Okay kana zawo kuma? A'a bana zawo kana cikin ka ya kumbura? A'a cikina bai kumbura ba kanayin fitsari frequently A'a babu kanajin ciwo Lokacin wanda kanayin fitsari? A'a banajin zafi Okay nagode examination findings temperature dinshi 38°C respiratory rate cycles per minute SPO2 98% pulse rate 90 bpm BP 120/80mmHg abdomen on abdominal examination nagan right iliac fossa tenderness guarding rebound tenderness positive rovsing and McBurney's signs,hausa-english,afriswitchcare,Acute Appendicitis,184.4,28.459999084472656
data/clips/hausa_01.wav,Ina wuni lafiya miye sunanka sunana hamza kai Dan shekara nawa ne shekara na 27 me ya kawo asibiti yau Ina Tari okay yakai kwana nawa tarin ya Kai kwana biyu okay Tari din Yana zuwa uncontrollable A'a babu Okay inkana Tari din kana zubar da yawu A'a bani zubar da yawu akwai anytime of the day Wanda Tari din Yana worsen Ehh Kamar da daddare haka tarin Yana zuwa sosai okay kana da difficulty in breathing ehh inada difficulty in breathing haka kanaji any sound in kanayin numfashi ehh akwai sound okay a cikin gidan ka kanayin amfani da carpet ko rug ehh Ina amfani da carpet okay recently kanayin amfani da kowane magani ehh ina amfani da ibuprofen saboda ciwon kafana okay kanada running nose A'a Banda running nose zafin jiki fa? A'a Banda zafin jiki kayi ka zama dawani Wanda yanada chronic cough recently A'a Babu kayi tafiya recently Babu akwai wani abinci ko Wanda kana allergic to? Ehh Akwai wane abinci kenan? okay akwai Wani a cikin family Ku Wanda yanada allergic reactions ehh akwai okay thank you. On examination temperature is 37°C respiratory rate 12 cycles per minute SPO2 97% pulse rate 70 bpm blood pressure= 120/mmHg on chest examination yanada wide spread bronchi,hausa-english,afriswitchcare,Asthma,130.8,50.0
data/clips/hausa_02.wav,"Ina wuni sir lafiya miye sunanka? sunana Amadu Dan Shekara nawa ne Kai? Shekara na 30 okay me ya kawo ka asibitin mu? Inada Ina ina tari sannan kuma inada zafin jiki okay Tari din yakai sati nawa? Kaman sati Daya ne Hakan Zafin jikin din fa? Zafin jikin kaman kwana biyar Okay Tari din Yana zuwa uncontrollably? Babu okay Inkana Tari kana zubar da miyau ? Ehh na kan zubar da yawu hakan nan miye Kalan shi Yana da color ? Babu kala yananan clear Code switch> haka okay Yana da jini a ciki? A'a Babu jini okay zafin jiki din kaman Yana sama sosai ne ko karami? Ehh zafin jiki din dai sosai ne amma baya karuwa ko raguwa okay and Yana Nan constant ko? Ba karuwa ba raguwa okay Tari din akwai wani lokaci da Tari din Yana worsen? Babu okay in kana Tari kana da chest pain? A'a babu Wani chest pain yanzu hakan kana da running nose? A'a Babu okay in kana Tari kasan akwai Wani Abu wanda yana tada tari din? A'a Babu kana losing weight? A'a Babu kanajin sweating drenching night sweating kana da drenching night sweat? A'a Babu okay ka zama da wani Wanda yanada chronic cough recently? A'a Babu okay kanada history kanajin shortness of breath? Ehh akwai dai shortness of breath Hakan yaushe ya fara? Kwana biyu da Suka wuce shortness of breath din ya worsen ko Yana Nan haka Wanda ya fara? Ehh gaskiya ya Dan worsen ya Dan karu Okay kanada ka akwai wani Lokaci Wanda kazo da wannan cough din da? A'a Babu akwai kayi tafiya recently? Babu anayin treating Dinka for any other thing kaman hypertension, Diabetes, asthma ? A'a babu anyi admitting Dinka a hospital da? Babu akwai anybody in your family Wanda yana da wannan sickness? Babu okay kana Sha giya? A'a bana Shan giya taba fa kana Shan taba? Bana Shan taba okay akwai wani abinci ko magani Wanda Yana baka allergy? A'a Babu okay thank you very much on examination temperature is 38°C respiratory rate 38 cycle per minute SPO2 92% pulse rate 96 bpm blood pressure 120/80mmHg On chest examination chest dinsa Yana dull to percusse Yana da reduced breath sound and crackles on the right side",hausa-english,afriswitchcare,Bronchopneumonia,255.9,35.029998779296875
data/clips/hausa_03.wav,Ina wuni madam lafiya lau miye sunanki hadiza ya shekara nawa shekara na 58 me ya kawo ki asibiti yau banajin dadi ne kafin ya fara English> I mean yaushe ne ya fara yanzu ya Kai wata biyu Kenan okay kafin ya fara akwai abunda ya same ki ehh ko kuwa akwai wani event Wanda ya faru ehh yarinya na ya mutu yarinya na kadai da nake dashi yanzu sati biyu da ya mutu kenan akwai su wadansu symptom kaman ba ki iya yin bacci sosai ehh ban iya bana iya yin bacci Abinci fa bana iya ci kina iya yin abubuwa Wanda kinayi da kaman indoor activity Wanda kinayi da A'a bana iya yin abubuwan da nakeyi a Da kingan Ko Ko like abun wanda be wajen like kinagan things that are not there ehh wani lokaci nakan ga abunda bashi ne a wurin ba how about hearing nakan ji lokaci zuwa lokaci Okay akwai wani time Wanda kina ji kaman kinaso kiyi committing suicide ehh shima inaji wani lokaci kamar in kashe kaina Okay Anyi admitting dinki a asibiti da A'a Kina da ko anyi Miki surgery da A'a anbaki jini da A'a kina da ko rashin lafiya kaman hypertension Ehh tun yaushe yakai wata shida yanzu Okay akwai wani su a cikin family dinki Wanda suna da wannan rashin lafiyan A'a babu kina sha taba A'a kina sha giya ehh lokaci Okay on mental state examination the patient mode was an absent to be fine and the apex is depressed the speech irrational thought is slow and perception there is auditory and visual designations insight was absent.,hausa-english,afriswitchcare,Depression,174.6,28.84000015258789
data/clips/hausa_04.wav,Ina wuni ina yini sir miye sunanki sunana Fatima ne Dan shekara nawa ne ke ai ni na Kai sittin me ya kawo ki asibitin mu yau na gan da cewa ina fitsari da yawa yaushe ya fara Kai fitsarin Nan ya Kai har wata daya Okay tunda ya fara wata Daya Wanda ya wuce ya worsen ehh yana karuwa kowane Rana okay kinajin kishin ruwa da yunwa excessively ehh Ina Jin kishin ruwa inajin yunwa ma sosai okay kaman so nawa ne kina tashi a bacci da daddare kiyi fitsari Zamu ce so hudu okaykinajin ko kinajin pain in kinayin fitsari A'a kinajin lower abdominal pain Babu kina da abdominal vaginal discharge A'a okay kinajin ko kina da tingling sensation kinajin kaman akwai shock a kafan ki ko hannu Ehh ehh wasu lokaci okay kinajin ko kina da some wounds Wanda basa healing sosai ehh Ina da ciwo haka baya warke da sauri ba okay kinada any history of hypertension ko diabetes da angaya miki wai kinada hypertension ko diabetes A'a kinada wani a cikin family Ku Wanda yanada diabetes ehh babana da kanina okay wani irin aiki ne kinayi ni mata Mai zama a gida ne Okay nagode nagode. On examination examination findings normal examination findings,hausa-english,afriswitchcare,Diabetes Mellitus,139.6,37.41999816894531
data/clips/hausa_05.wav,"Miye sunanka? Toh sunana Ibrahim Kai how old are you? shekara na 25 ne me ya kawo Ka asibiti yau? abinda ya kawo ni asibiti ne mutane suna Gaya min wai ina da rikici da yawa ina da zafin rai da yawa kullum fada fada nake yakai lokaci nawa yanzu kaman sati uku haka okay akwai wani lokaci Wanda kana iya yin bacci kafin wannan ya fara toh ba zan ma karya ba bana iya bacci don kusan kullum ina clubbing ne gani a club ina clubbing in sha wiwi inje club kawai toh shine so yana hanani bacci okay akwai lokacin Wanda kanayin wannan haushin jiki din kanayin ma su family member a tabbas Kam Okay akwai lokaci Wanda kana ji Ko mutane suna so su kashe Ka a gaskiya inaji hakan naji wai kasha bottle of methylated spirit Ko ehh nasha kwalba dai Amma bansan mene methylated spirit ba nasan nasha kwalban Abu Kana iya yin bacci sosai A'a bana iya bacci na Naga ya ma bana iya bacci sosai gaskiya okay kana iya cin abinci sosai ma wancan kan ma ina cin abinci sosai sosai kana iya yin su activity Wanda kana yi da a A toh baya hanani ni ai abubuwan da ina yi da har yanzu zan iya yi okay kana ji akwai lokaci Wanda kana ji Abu abubuwan Wanda mutane suna kusan Ka basaji ehh wani lokaci ba inaji kaman abunda da mutane ba saji ina gan kaman ni inajin okay akwai lokaci Wanda kana ganin Abu Wanda su mutane Wanda suna kusan Ka ba sa gani ehh tabbas shima haka zanji haka okay Ka yarda mutane suna yin persecution Dinka ehh na yarda wancan haka anyi admitting Dinka a asibiti da ba'a taba ba'a taba kwantar dani a asibiti okay anyi maka surgery da ehh an taba yi min surgery wani surgery anyi min appendix okay shekara biyu da ya wuce okay okay kana da rashin lafiyan hypertension Ko diabetes A'a ban dashi akwai wani a cikin family Dinka Wanda yana da wannan rashin lafiyan Wanda kana dashi yanzu A'a babu kana sha taba ehh ina shan taba Kam wani taba ne kana sha eh ina shan wiwi okay kaman nawa kana sha toh ina shan kaman pack shida fa okay a Rana okay kana sha giya ina shan giya wani irin giya ina shan su bolt su spirit Duka Duka ina sha Kana kaman so nawa kana sha toh gaskiya Kam in dai akwai dai ina shan kullum indai akwai kudi Okay on mental state exam the patient affect was irritable speech dinshi yana irrational and yana excessive thinking dinshi thus na patient din yana da fight of ideas thought broadcasting perception din patient din yana da auditory and visual hallucination inside din yana absent diagnosis Wanda nayi nayi diagnosis din psychosis investigation Wanda nayi require a hannun patient din shine urine toxicology, hawan jini complete blood count, electrolyte, urea da",hausa-english,afriswitchcare,Drug-induced Psychosis,261.2,37.27000045776367
data/clips/hausa_06.wav,Ina wuni lafiya miye sunanan yarinyanka sunanta Faiza shekara nawa shekaranta uku meyasa Kun kawo ta asibiti yau? Saboda tana da zafin jiki sannan Kuma tana shurewa zafin jikin din ya Kai kwana nawa? Kwana daya ne shurewa din Yana lasting kaman how many minutes? Kaman minti uku ne Kawai per episodes ko? Okay zafin jiki din ya haura sama sosai ne ko kadan ne? Ehh ya haura zuwa kusan 38. 1 da muka gwada a gida okay yananan continuously ne ko Yana raguwa haura sama? Yana nan just hakane ba karuwa ba raguwa akwai wani abu Wanda kunayi a gida Wanda Yana Bata sauki? Eh mukanyi mata Okay shurewa din ya faru abruptly ne ko Yana faruwa gradually? Ya kan faru just abruptly ne kawai tay losing consciousness? Ehh ta kan losing consciousness kace wai yayi lasting kaman 3 minutes ko? Inta bayan shurewa din tana yin bacci? Ehh ta kan yi bacci kaman minti nawa ? Kaman awa Daya hakannan tana na iya cin abinci sosai lokacin nan ? Kai ba sosai ba tanada any neck pain ? Kai Babu stiffness fa? Bata dashi tana da any developmental delays? Kai Babu Wani developmental delay akwai wani lokaci Wanda tana da neonatal jaundice? Babu tana da rashin lafiya lokacin da tana kaman 28 days? Kai babu okayta karba immunization completely for her age? Ehh ta karbaokay tanada akwai wani ko akwai any discharge data hancin ta koi ido ko bakinta? Kai babu Okay akwai any injury ko abunda ya buga ta akai A'a babu okay kave wai ba history of developmental delay ko? Babu okay akwai kun ga alama ko tana da behavioral change or any abnormal neurological findings ko kafanta Bata iya daga hannu ko kafa? A'a Babu okay tanayin tari ? Kai Bata Tari numfashin ta Yana zuwa daidai? Yana kan Yana zuwa daidai okay tana intanayin numfashi Kuna jin ihu ? A'a Babu okay tana yin amai ko zawo ? A'a Bata amai tanada abdominal pain? Kai babu Lokacin da tanayin fitsari tanayin kuka? A'a babu kungan alama ko akwai jini a cikin fitsarin ta ? A'a Babu an admitting dinta a asibiti da ? Babu an Bata jin da? Babu tayi surgery da babu? Okay akwai wani a cikin family dinku Wanda Yana da seizures ko rashin lafiyan farfadiya? A'a Babu me farfadiya okay akwai gidan Wanda Kuna zama tana zama da waye da iyayenta da yar uwanta? Ehh tana zama da iyayenta da yan uwanta Okay Wani Irin gida ne Kuna zama ? Muna zama a gida me daki biyu ne 2 bedroom apartment okay wani irin ruwa ne kuna sha? Muna Shan ruwan mu daga borehole ne okay wani irin toilet ne Kuna yi amfani dashi ? Irin dai modern water closet dinnan ne ita number miye ne a cikin children of the family? Ehh ita na ta uku ce okay tana zuwan makaranta? Ehh tana zuwan daycare Okay akwai wani yaro a cikin gida Wanda Yana da Rashin lafiya ? Babu Any recent travels? A'a babu akwai tana Shan any magani yanzun? Babu Bata Shan magani okay tana tasha antibiotics recently? Kai babu Bata sha ba okay akwia wani magani ko abinci Wanda Yana Bata allergy? Kai babu okay thank you,hausa-english,afriswitchcare,Febrile Convulsion,313.2,19.299999237060547
data/clips/hausa_07.wav,"Ina wuni lafiya miye sunanka sunana yakubu Kai Dan shekara nawa ne shekara na 52 me ya kawo asibiti yau nazo asibiti saboda ance mun wai BP nawa ya karu da mukaje Wani outreach kana da ciwon Kai ehh inada ciwon Kai kanaji bugan zuciyan ka ehh inajin bugun zuciya kana yin bacci sosai ? A'a bani bacci sosai kanajin ciwo a kirjin ka? babu kana da kumburin kafa? Babu kana wuyan yin numfashi? Babu kana Jin ciwo a bayan kafan ka? Babu angaya Maka da wai kana da diabetes ko A'a okay akwai Wani a cikin family ka Wanda suna hypertension ko diabetes? Babu. On examination examination findings general examination din komai normal the CVS examination the pulse rate 86 bpm, the blood pressure 162/100mmHg heart sound dinshi S1 da S2 only",hausa-english,afriswitchcare,Hypertension,89.2,38.77999877929688
data/clips/hausa_08.wav,"Ina wuni sir Lafiya miye sunanka sunana Usman Kai dan shekara nawa ne shekara na 60 me ya kawo ka asibitin mu yau gwiwa nane yakemin zafi yaushe ya fara? Sati biyu da Suka wuce zafi Zafi Wanda kanaji Yanzu ya fara gradually ne ko suddenly? Ehh ya Dan fara dan kadan kadan ne gradually Hakan Nan okay wane irin pain ne kanaji sharp ko aching pain? Inajin aching pain ne actually okay pain din in kanaso ka bashi grade daga 1 zuwa 10 Wani grade ne Zaka bashi? Ehh daga 1 zuwa 10 zance kaman 6/10 hakan Nan okay pain Din Yana zuwa Yana radiating zuwa ko ina a kafa? A'a baya radiating Yana Nan DAI wuri Daya ne Hakan Nan okay kana kasan abunda kanayi wanda Yana baka relief a wannan pain din? Kai babu fa zafi yakemin kowane lokaci pain din akwai Wani Lokaci Wanda yana Yana worsen ? Ehh ehh akwai lokaci okay ya Yana worsen Yana worsen? Ehh kaman kaman idan Lokaci as the day progresses Hakan Nan DAI zafin Yana min sosai Okay ka Fadi da ne ? A'a daga kafadin? A' a ban taba fadi ba akwai Wani Abu Wanda ya same ka a kafadin da? A' a babu kana da any swelling kumbura ko deformity a kafa din? A'a kafana normal,code switch > ne ba swelling ko deformity kana da any pain a ko Ina a jikinka apart from gwiwa din? A'a babu okay wane irin aiki ne kana Yi Yanzu? Ehh nidai am a retired traffic controller officer okay nagode sosai on examination normal findings",hausa-english,afriswitchcare,Osteoarthritis,137.3,26.81999969482422
data/clips/hausa_09.wav,Ina wuni ma ina wuni Doctor miye sunanki sunana Aisha okay ke Dan shekara nawa ne? 28 okay me ya kawo ki asibiti yau ni Ina Jin ciwon ciki ne a ina a cikin a takasan cikina yaushe ya fara tun kwana uku kwanaki uku okay ciwon cikin Nan ya fara suddenly ne ko gradually ehh ya fara suddenly okay Wani irin pain ne kinajin aching ko sharp pain aching da zafi okay in kinaso ki ba pain din score daga 1 zuwa 10 wani score ne zaki bashi 8 okay pain din Yana radiating zuwa ko ina A'a kinsan Wani Abu Wanda Yana Baki sauki akan pain Koko kinsan abinda Yana tada pain din A'a kinada fever? Eh zafin jiki ? Ehh inajin shi okay kinayin amai ? Babu kina zawo? Babu kinajin zafi in kinayin fitsari ? A'a ba kowanne a cikin su okay kina ganin any abnormal vaginal discharge ehh Wani irin discharge yanajin is it foul smelling? ehh Yana wari Yana wari sosai okay discharge din kaman kala wani irin kala ne discharge din? Yayi kaman dai green okay yakai kwanaki nawa ne kin fara ganewa ? kaman kwanakin biyar okay in kinayin sex kinayin amfani da protection A'a okay kaman sexual partner nawa ne nawa ne kina dashi kaman daya ko sunfi Daya. A Sunfi Daya okay yaushe ne kingan last menstrual period dinki? Kaman sati? Sati uku okay sati uku ehh okay kinada any previous history wai angaya maka wai kina da STI da A'a kinada any abnormal or vaginal bleeding? Babu Okay examination finding temperature 38°C respiratory rate 12 cycles per minutes 86 BPM SPO2 98% BP 120/80mmHg abdomen on abdominal examination tanada right iliac fossa tenderness on vaginal examination tanada cervical excitation tenderness da greenish discharge on,hausa-english,afriswitchcare,PID,228.0,38.709999084472656
data/clips/hausa_10.wav,Ina wuni sir lafiya miye sunanka sunana maigida Dan shekara nawa ne Kai shekara na 60 me ya kawo ka asibitin mu yau ? Inajin kasala a gefen a gefen cikina ta dama okay ya Kai yaushe? Kaman awa hudu ne Hakan Nan okay me ya far ya ya faru ka gayamin? Eh inadai zama ne Dai Ina watching din African football final dinsun nan SE kawai nafara Jin sudden weakness a gefen daman jikina okay ka kana kayi wuyan yin magana a lokaci din? Ehh na yi wuyan yin magana ka gan wai gefen bakinka ya fadi? Ehh okay kana da ciwon Kai Lokacin kafin wannan abun ya fara? Ehh naji ciwon Kai sosai ina dan jin ciwon Kai sosai Okay kaman yakai kaman lokaci nawa kafin ya fara? Eh kaman dai Dan wasu hours dinnan ne Dai Hakan Nan okay ka Fadi Lokaci din A'a ban fadi ba lokacin kayi shurewa? A' a ban babu shurewa kayi losing vision Dinka? A'a babu okay angaya maka wai kana da hypertension da ? Ehh kana Shan magani anbaka magani Lokacin dai ko? Eh an bani kana Shan magani din lokacin da ance wai ka sha? Babu okay kana zuwa clinic lokacin da angaya maka wai kazo clinic? Babu kana Shan giya? Eh Ina Shan giya kaman so nawa a cikin sati Daya? Kusan ko Wani Rana kana Shan taba? Ehh Ina Shan taba Okay kaman ya kana Sha? Shima kusan kowane Rana okay akwai Wani a cikin family Dinka Wanda ya mutu suddenly? Eh akwai waye ? Babana kaman miye ance wai ya kasheshi? Eh Sunce wai heart attack ne okay nagode sosai on examination findings temperature is 36°C pulse rate 87 bpm blood pressure 160/100mmHg respiratory rate 12 cycles per minute SPO2 98% on Neuro examination patient din Yana da weakness on the right side Yana da 4/4 4/5 strength,hausa-english,afriswitchcare,Stroke,194.5,46.36000061035156
data/clips/hausa_11.wav,Ina wuni lafiya miye sunanka sunana bilyaminu Kai Dan shekara nawa ne? Shekara na 35 me ya kawo ka asibiti yau? Ehh nazo asibiti saboda Ina Tari ne sannan kuma Ina Dan losing din weight yaushe ne tarin Nan ya fara? Eh tarin dai yafara wata uku da Suka wuce weight loss din fa? Weight loss hausa> din dai ya fara wata daya daya wuce okay in kanayi Tari din kana zubar da yawu? Ehh idan nayi Tari nakan zubar da yawun miye color yawun din? Ehh Color din yawun dai yellow ne okay akwai blood a ciki? ehh akwai blood akwai jini a ciki Dan kadan okay akwai wani Abu Wanda kasan wanda Yana tada da tari din? Babu okay akwai wani Abu Wanda kasan wanda kanayi Wanda Yana sa tari din yaje kasa ? Ehh ina Shan antibiotics hakan nan Kuma da cough syrup Amma baya sauki Okay kanajin chest pain? Ehh in kayi tari din? Eh inajin chest pain idan nayi tari inkayi numfashi fa? Idan nayi numfashi chest pain din ya kan dan increase sannan Kuma idan nayi tari okay hausa> kana da fever akwai fever a cikin wannan tari din naka? Ehh akwai fever okay kaman fever din Yana very high ko? Ehh akwai fever dai ya Dan Yana nan dai very low hakan nan dai okay ya Kai wata nawa? Kaman wata daya okay kanayin sweating a da daddare? Eh ina sweating dai yawanci idan ina bacci okay weight loss din Kaine kanaso kayi losing weight ne ko ko? A'a bani bane okay kana ci abinci sosai? Kai babu hakan nan baka da appetite? Ehh bani da appetite okay hausa> kanajin gajiya sosai a cikin wannan sana'a? Eh inajin gajiya sosai okay kana Shan milk Wanda ba'a dafa sosai ba? A'a babu okay ka anbaka alluran BCG kasan anbaka alluran BCG? Babu baka sani ba? Okay kana da neck pain? Babu ciwon kai fa ? Babu kana da in kana numfashi yanaje sosai? Eh idan ina numfashi numfashin Yana Dan raguwa kadan kadan okay fitsarin fa fitsarin ka fa? Fitsari fitsarina dai babu? Bakomai dashi ? Bakomai a ciki okay kanayin amai ko Kuma kana Jin ciwon Cikin? A'a babu okay anyi admitting dinka a asibiti da? Babu anyi surgery maka da? Babu an baka jini da? Babu okay kana Shan maganin TB da? Babu okay akwai wani a cikin family dinka Wanda suna da TB ? Babu gida Wanda kana zama yanzu Kai kadai ne ko kana zama da wadansu? Ni kadai nake zama Amma nakan yi tafiya okay kanayin tafiya? Yaushe ne kayi tafiya last? Eh bada jimawa ba dai okay wani aiki ne kanayi? Ina aikin carpenter ne lokacin Wanda kayi tafiya din ka zama kai kadai ne ka zama a gida din ko da wani? Nayi tafiya dai na Zauna da wani ne a cikin daki dai hakan nan Kuma mutumin yana tari shima Yana tari haka? Yana tari okay kana Shan cigar ehh ina Shan sigari haka Nan kaman nawa ne kana Sha per day? Ina sha kaman Kara goma dai a rana okay for how many years? Kusan shekara goma okay kana Shan alcohol? Ehh kadan okay kana Shan maganin gargajiya ? Eh ina Shan maganin gargajiya okay kana da wani condition Wanda kanayi treating yanzu kaman asthma ulcer hypertension diabetes? Babu okay hausa> kana Shan wani antibiotics yanzu? Babu okay kana da wani akwai wani maganin ko abinci wanda Yana baka allergy? Babu okay nagode sosai sai anjima yanzu abinda na inajin Wanda ina diagnosis TB ne yana damun ka yanzu zamu baka zakaje kayi su tests yanzu kaman whatever I'm coming,hausa-english,afriswitchcare,Tuberculosis,367.7,38.86000061035156
data/clips/pidgin_00.wav,"Good afternoon how are you doing I'm Dr. Okenla welcome to our clinic today. What's your name sir? yeah I'm ifeoluwa Okay how old are you? I'm 28 years okay what do you do? Yeah I'm a student okay are you married? No not at all so what brought you to our clinic today? Yeah I started having this stomach pain for how long now? Yeah for the past 4 days now I have been having this pain where exactly in the your on tummy are you having the pain? yeah it located around my upper stomach ohh really okay then did you notice maybe after starting from your upper stomach to other parts? Yeah after some time it started moving to the right my right side my right side there just lower at lower side okay so how did it start was it sudden or gradually? No it was gradually it started increasing and the pain now is currently unbearable ohh wow the pain can you describe the pain is it biting is it aching is it stabbing in nature ? I feel a lot of ohh wow on a scale of 1-10 can you help me rate the pain ? Doctor I rate it 8, 8 ohh that's that's a whole lot does this pain radiate to any part of your body maybe your back? Just my stomach doctor just my stomach okay is there anything you do that help you relieve it or worsen this pain Doctor I don't do anything it's always very painful okay there's nothing that you do that help relieve the pain nothing relieves it okay any fever are you running temperature yes I started running temperature too another 4 days ago okay is the temperature high like is it high grade yes it is it is doctor any vomiting? Yes I have been vomiting I vomited like 3 times today alone Okay what's the color of the vomiting is it watery ? yes everything I ate nothing is in my stomach I have been vomiting it okay any mucus in the vomiting? No not at all no blood as well no blood nothing alright any diarrhea passage of watery stool? NO am not passing anything Okay did you notice that your tummy is getting bigger No nothing in my stomach Okay Did you notice that the rate at which you pee has also increase that you have to go to toilet more frequent to pee than usual No No not at all any painful urination you don't feel pain you're urinating? No I don't feel any pain I don't feel any pain Okay alright Doctor I also not have been eating like if I see food like this I will not be able to eat okay you don't lost weight at any point? No I have not Alright do you drink do you smoke ? No I don't drink okay does this pain get worse when you take fatty food? No it doesn't No alright no problem so any cough you're not having cough? No am not having cough you're not having chest pain ? No not at all Alright so I will examine you now okay On General examination on a young man in painful distress not pale anicteric edema On Abdominal examination the abdomen is full respiration there's right iliac fossa tenderness is guarding rebound tenderness and is positive rovsing and McBurney's sign On cardiovascular examination BP is 120/80 pulse rate is bpm s1 and s2 no added sound on respiratory examination chest is respiratory rate is 12 cycles per minute breath sounds are vesicular or no lung zones SPO2 is 98% so based on the history and physical examination is suggesting that you have most likely an acute appendicitis Doctor hope am not going to dies from this pain like this No no no no acute appendicitis is actually not a death sentence is a surgical case so what we do is surgery to remove the appendix and the appendix get inflamed or infected that's what we call appendicitis, so we just we'll inform the surgeon and then we'll know what next but before we do that we'll run some basic medications we will do your full blood count group and cross match of blood we'll do ur EUs as well we'll place you on MPO to stop and place on normal saline with destrous water and also place you on some antibiotics as well Flagyl 500mg for surgery when everything is ready so do you have any questions No not at all thank you very much Alright",pidgin-english,afriswitchcare,Acute Appendicitis,346.7,0.5299999713897705
data/clips/pidgin_01.wav,"So Good evening ma and welcome to our hospital today. My name na Dr. Adams and na me go dey attend to you today. So what is your name, ma? My name is Agnes Godswill Okay Mrs. Agnes how old are you ma? I be 27 years old. Okay which work you dey do? I be banker Okay you don marry? No. Okay, you're not married, you're single? I'm not married, I'm single. Okay which address you dey stay? 46, Bukola Road Ekpe Okay which religion you dey practice? I'm a Christian. Okay, which tribe do you come from? I be Igbo. Okay alright ma, So what brings you to our hospital today? I've been having cough. Okay this cough that you've been having, how long has it been? Two days ago Yes it started two days ago. Okay this cough, shey e just start suddenly abi you start to notice am gradually small, small? Im starts suddenly. Okay when you cough shey anything dey commot? No so no spit or anything dey commot. Na just dry Yes No Okay do you notice that you're trying to catch your breath in between coughing? No Okay and when you cough, does it sound like it's barky or you're making some abnormal sounds like a dog barking? No. Okay. Now you don notice say after you cough like that, if you cough like four times, you go vomit after. No. Okay e get any time of the day wey dis cough dey always worse pass? It's always worse at night. Okay, have you noticed that around that same period, you notice that you are struggling to breathe or finding it difficult to breathe? Yes. Okay you notice say your breathing sef as you dey struggle to breathe e dey make some kind funny, funny sounds? Yes, yes e dey make dis sound like say person dey whistle Okay, so it has this whistling sound. Okay Have you noticed any rise in your body temperature since all these started? No I never notice am? Any fever, Any runny nose? No. Okay. No catarrh? No. Okay. No weight loss as well? No. Okay you notice say if you dey sleep for night say di bed always dey soaked? No. Okay. You don come in contact with person wey dey wey don dey cough for a while recently? No. Okay. You don travel go anywhere recently? I never travel recently. Okay, you don dey exposed to something like dust? You dey always dey exposed to dust? Ahh I dey always get exposed to am ooo because our house na carpet we use oo so if I dey sweep I dey always like raise am so I go dey exposed to dust like that. Okay, alright, sorry about that. Apart from the dust, are you usually exposed to anything else like smoke or insecticides, perfumes or anything? No Alright, s so you dey always dey get dis kind thing wey your eyes just start to dey itch you water make your skin dey itch you? Yes I dey experience am Okay, shey you get any other person for your family wey dey get similar symptoms of dis eye itchiness and all that? Yes. Alright okay. Are you, do you usually react to any medication or any food or anything at all? Yes, I react to groundnut Groundnut, cashew nut all of that I react to it. Okay alright, Shey you get any medication wey you dey take often? I use this thing, ibuprofen, and I use it every time because of my leg pain. Okay alright you use ibuprofen. Okay. Are you hypertensive? No. Are you diabetic? No. Have they ever told you that you have asthma? No. Okay, you dey always drink alcohol? No. Okay, what about cigarette? Do you smoke cigarette or any other substance? No. Okay, what about herbal concoction? No. Okay, so apart from this cough you get any other thing wey you want to complain about? No English>Okay on examination, she's a young female, conscious and alert, not in obvious distress. She's afebrile with a temperature of 37.0 degrees Celsius. She's not pale, she's anicteric, she's in cyanosed she's not dehydrated, she has no pedal edema Her vital signs are respiratory rate na 12 cycles per minute, her oxygen saturation na 97%, her blood pressure na 120/80 millimeters of mercury, and her pulse rate na 70 beats per minute. For her chest, she no get any obvious deformities, no scarification marks, chest expansion is equal, but she gets widespread bronchi when I listen to her chest with stethoscope. So madam, based on all these questions wey we ask you and all the answers wey you give us, the likely thing wey you get na asthma. But it gets some other things wey you fit get like pneumonia, but the most likely diagnosis now na asthma. But to confirm, we go send you go do some kind test, like the pulse oximetry where dey go say make you feel your hand for one pulse of the meter, or another one wey you go dey blow air to check some kind thing, just to measure your respiratory capacities. Then you go also do chest x-ray check x-ray of the chest, then we go also do some blood test. So based on that, with di results, we go fit give you something. First, we go give you something wey go relief this your cough and this your difficulty breathing. Then we go give you things wey you fit use prevent am make e no get these kind thing again, then the last one, we go try explain to you the kind things wey you go avoid, like your exposure to dust or those kind ibuprofen wey you dey use wey fit trigger dis kind thing wey you dey get. So you get any questions for me? No. Alright, so thank you very much and have a nice day. Thank you, doctor.",pidgin-english,afriswitchcare,Asthma,461.6,10.199999809265137
data/clips/pidgin_02.wav,"Good afternoon, good afternoon. My name is Dr. Okenla. Welcome to the clinic today. How are you doing? yeah I'm doing fine, thank you very much. Okay, so what brought you to the clinic today? Yeah I'm currently coughing Ohh For how long? I think for a week now Okay, sorry, how old are you? I'm 30 years old Okay, what do you do? I'm a farmer Are you married? No Okay, are you a Christian? Yes okay Alright, so this cough has been going on for one week, right? Yes it has Okay, so how is the cough like? Are you producing any sputum or any secretions at all? Yes, I produce sputum Okay, is it bloody? No, it's not bloody, not at all Okay, what's the color of the sputum? It's actually clear, just clear okay Is it paroxysmal? Do you cough repeatedly or it's non paroxysmal? No, it's non paroxysmal at all Okay,any associated fever? Are you running temperature? Yes ooo I have running temperature a whole lot Okay, is the temperature a high grade or low grade? High grade, it's very veryhigh Is it usually constant or intermittent? Like where is it usually worse at particular time of the day? It's throughout, it's constant throughout the day Okay and it's not worse during the particular time of the day? The cough, no, not worse as it's during the particular time of the day Any chest pain, any runny nose, any nasal congestion? No, none of those none of those okay So, is there any trigger? Is there anything that triggers the cough or it's just start spontaneously Nothing I don't I don't see any trigger no triggers at all Okay you don't have any known allergy? No not at all So is there associated weight weight loss? Have you noticed you've lost weight? No Do you sweat excessively? No, not at all Okay. And is there anybody with history of chronic cough around you? Anybody coughing around you? No okay What about any history of consumption of unpasteurized milk? No Okay So, is there any previous history of similar cough like maybe it has happened before? No no history of that Okay Any breathlessness? Are you finding it difficult to breathe? No Okay So have you travelled out of the country of recent to any place? No, not at all Okay you have not travelled at all No Any past medical history of hypertension? Are you hypertensive? are you diabetic and you are not asthmatic as well? No I'm not No family history of asthma too as well No, none of that Okay Do you drink? Do you smoke cigarettes? I don't do I don't do I don't smoke You don't smoke cigarettes at all okay So are you on any drugs or you're not on any routine drugs? No And no known drug allergies? Is there any drug you reacts to? Not at all Alright. So I would like to examine you now. Alright Alright so on general examination, patient is calm, not pale, anicteric um, febrile with a temperature of 38 degrees Celsius,there's respiratory distress evidence by intercostal retractions. On chest examination, the chest is symmetrical, no tracheal deviation. The percussion notes are actually resonant on all lung zones, um, no vocal, no increase or decrease vocal resonance, and the breath sounds are actually, um, they're crepitations in the, um, there are reduced breath sounds and crackles and crepitations on the right side, actually. And percussion notes is dull too as well, it's dull on percussion. On respiratory rate, it's um, 34 cycles per minute, SPO2 of 92%. Um, on cardiovascular examination, pulse rate is 96 beat per minute, full and regular, blood pressure is 120/80. So um, based on this history and physical examinations, there is um, it suggests a respiratory tract infection. Um, we've try to rule out TB tuberculosis, so it must likely be a pneumonia. So we'll conduct some investigations to actually confirm our diagnosis. Do you have any question at all? No I perfectly understand thank you very much Okay So we'll be doing some basic investigations full blood count to check your blood levels. We'll also do a chest X-ray, most importantly, to check if there is any evidence of infections in the chest. We'll also be doing a sputum MCS as well to know the antibiotics you are sensitive to that will actually work for you as well. We can also do a to be sure that it's out of the picture as well. So, yeah, and based on this investigation, based on the result of the variations, we will know what next, but for now, we start you on antibiotics, amoxiclav, specifically. We start you on amoxiclav 1 gram twice daily then pending the result of the investigations, and whichever antibiotics you're sensitive to, change it to that. And we'll also give you some, we'll give you paracetamol for the fever as well. Give you paracetamol for the fever. And for the chest pain. So, yeah, thank you very much",pidgin-english,afriswitchcare,Bronchopneumonia,419.9,0.8399999737739563
data/clips/pidgin_03.wav,"Good morning Mr. Adamu good morning sir how are you doing today? am fine sir so what brought you to the hospital today I have noticed that I have been down on my mood lately okay before we go into that what do you do? I'm a medical for about two months now ohhh really so since two months now you notice say your mood don dey low yesso I notice dem ooo so when how did it start? e be like Im start when I lose my pikin ooo my only daughter na when e start ohhh when you lose your daughter ? maybe like about two weeks ago na im e start ooo I just know say as I lose am I just dey my own dey Ohh I'm really sorry to hear that very sorry to hear that okay since di time wey you don lose your daughter shey you dey sleep well I no dey sleep I have not been sleeping well at all you dey chop well ? No everything has reduced lately Okay but when no be say you dey vomit? No I no dey vomit Okay and asides that too do you times feel like you just wan be on your own you know want follow anybody talk yesso most times I just want to be on my own okay what about the usual activities wey you dey always do have you lost interest you no dey do those activities again? I no get any idea I no get ready for any activity make I just dey just dey Make you just dey okay so is there any time at any point wey say u just sit down you fit dey hear something wey normal people no dey hear you just dey hear something yesso some time some people they can hear like say say person dey follow me talk is just say sometime too you dey still say people wey normal people around you wey no dey see yes yes yes yes so you have history of hallucinations ? yea okay shey e get any point wey be say you feel like ending things you just want to just want to die any idea or any ? yes once in a while when I usually have the ideas because since my daughter die I just want to go and meet her Okay I'm very sorry about that, are you hypertensive ?are you diabetic? are you are you asthmatic? do you have ulcer? yes I'm hypertensive I was diagnosed about six months ago ohh you don get hypertension for six month yes you dey use your drugs regularly ? once in a while no be say I dey use am like that ooo Okay okay but you dey go clinic go check your blood pressure ? errhhh I dey go down I dey try you don do any surgery before no I have not done anyone at all okay so anybody in your family wey get something like dis wey their mood just dey down like this God forbid nobody in my family that I have this kind of thing I know know where I see am you dey smoke? No do you take alcohol? Once in a while if I go my friend party I go just drink one or two okay alright so make I examine you so on clinical on mental state examination so on mental state examination the mood is fine the on affect patient looks clinically depressed then on the speech speech is irrational at some point on the thoughts there is slow in comprehension and the thoughts is ends to on perception there is auditory hallucination as well as visual hallucination then while on end sights the insights is absent.",pidgin-english,afriswitchcare,Depression,302.1,22.46999931335449
data/clips/pidgin_04.wav,"Good afternoon. How are you doing? Welcome to our clinic today, My name is Dr. Okenla. what's your name? Yeah I'm ifeoluwa . Okay So how old are you? Yeah, I'm 60 years old. what do you do? Yeah, I'm a, I'm a driver. Okay you're married? Yes, I am. Okay. So what brought you to the clinic today? Yeah i noticed that I go to urinate a lot during the day. how long has this been going? Yeah, for the past one month. Okay and this has worsened over time? Ah, yes ooo it has worsened over time since it started how frequent do you pee in a day, or do you have to wake up at night to pee? Yeah, I wake up about four times at night to always go to toilet to urinate. okay Any associated thirst or hunger do you notice you get thirsty easily or you get hungry easily? Yes, I notice that I have to eat a lot. I eat like three to four times five times in a day and I drink a lot of water Okay Any burning sensation maybe around your limbs, paresthesia or tingling sensation? No not at all I don't have any of these I don't feel any of these Okay, any lower abdominal pain, or pain around your tummy? No, not at all. Okay Alright, what about about any history of poor wounding maybe you got injured and you noticed that it took a very long time before it healed ? Yes, I think I noticed My wife had told me that a couple of times My wound doesn't heal alot that we have to nurse it for a long period of time. What about any weight loss, have you noticed you've lost weight? yes a little I have noticed that I've lost weight a little, yes. Okay alright Anybody in your family that is hypertensive or diabetic? In my family, yeah yes. My father is diabetic and my elder brother too is also diabetic. Oh, wow wow Okay So that explains that explains have you ever checked your blood sugar before? Yeah, no me Okay you have not checked your blood sugar before Alright. Okay, so basically let me, let me, let me examine you. Alright no problem General examination: patient is obese, not pale, anicteric; no edema on chest examination, respiratory rate is about 16 cycles per minute no lung sounds. Abdomen is full is respiration no area of tenderness no organomegaly. And no demonstrable ascites. Alright. So based on the history and examination so far, you're suggesting you have glucose intolerance; it appears glucose tolerance, most likely diabetes but we have to carry out some investigations to confirm that you actually have diabetes And we have predisposing factors so as well. Your father and your elder brother are diabetic, so you have very high tendency of being diabetic. Your weight too is very high obesity so we'll do some basic medications blood count, fasting blood sugar we'll do two hour oral glucose tolerance test and then HbA1c So all these tests are to actually know if you are diabetic, and how bad your sugar level is, and to know the appropriate drugs to place you on but Also, we'll do an just to be sure that your kidney function is have not been affected, because these are part of complications of being diabetic. Your kidney can be affected, your heart can be affected too as well. Okay So for now, we'll check your blood sugar, and after checking your blood sugar, we'll place you on oral hypoglycemic agent. preferably metformin we'll start with metformin then when we see your results, and then when we see your other results and how your blood sugar adjusts to these medications. We'll know how to adjust them. So do you have any questions you want to ask me ? Ah, doctor, hope I'm not going to die Ah No No diabetes is not a death sentence it is properly taken care with the drugs and most importantly lifestyle modification as well you need to reduce weight, you need to reduce sugar intake, you need to reduce fat intake your drinks, sugar, your donuts, pastries, and all that types, rice You need to eat lot of vegetables, and fruits so as well .So all of these are very, very important. And careful monitoring of your blood sugar, daily monitoring, should be check your blood sugar. So this will help you know if it's already on the high level. So with lifestyle modification and the drugs we placed you on and regular clinic appointments, everything should be worked on Thank you very much. Alright thank you very much .",pidgin-english,afriswitchcare,Diabetes Mellitus,349.5,0.4300000071525574
data/clips/pidgin_05.wav,"Good morning Mr Adamu Good morning sir so how have you been? What are you talking about I don't know I'm fine okay what do you do? carpenter you are a carpenter okay so what brought you to the hospital today? I don't know I just meet myself for here I don't know who carry me come here Ohh really okay do you smoke? no dey follow me talk I no dey drink anything leave me alone you no dey smoke? So since when you don notice say your mood don change my mood no change ooo I no no who dey tell you that one I no no anything okay do you sometimes get angry towards your family members? I go blow dis one ooo wetin be that one okay and do sometimes maybe you think people are trying to kill you dey go kill you who dey follow you talk leave me alone no follow me talk ooo I okay I hear say you drink your relative tell me say you drink methylated spirit is this true Omor guy give me I just see am for road and I drank it e dey alright and you no think say dis thing fit do you bad no it doesn't do anybody bad oo the thing is very good for the body it washes your system away you dey sleep well? I no go lie ooo I no dey sleep my eyes go just clear when I even drink that spirit my eye clear okay do you smoke? Ahh smoke I no dey take dat one but once in a while I dey take am sha but do you drink alcohol? I dey take dat one i dey take dat one too I dey take dat one that one dey and methylated spirit Okay do you notice that you've been eating excessively you dey chop too much more than usual? Ahh I dey chop ohhh I dey chop well well like alot okay do you notice say you don dey very o boy we dey run things na why I no dey sleep for night like dis I just dey jump up and down we dey run things alright shey any time dey wey be say you go just sit down you go dey hear things wey people around you no dey hear? As how now I no dey hear all those kind things but some time sha people dey follow me talk and I just see dem I no dey hear see dem Ohh you dey see people wey no dey people see around too? Errh I dey see dem ooo my guy we gather dey okay shey is there any point wey be say you feel say people wey dey around you they want do you bad or they just dey against you? Yesso Ahh Sunday Sunday go just dey want kill me I no say e want kill me but e no fit see me kill na me go kill am last last Di guy just want kill me for no reason Okay you get hypertension? Wetin be hypertension doctor I go blow Dis guy oo I no sabi dat one I no get anything about dat thing for my life okay dey don tell you say your blood sugar don high before? Wetin be blood sugar sugar I no sabi oo Or when last you go check your blood pressure when last you check your blood sugar ? I say dem bring me come here I no dey come hospital I never reach hospital I go blow you you don don do surgery before? Dem tell me say dem carry me go do one wey dem dey call appendy oo I no sabi maybe appendectomy dey call am that time I no hear am before how many years ago? E don tey oo it don reach almost use like two years anybody dey for your family wey get something like dis wey just dey no aggressive wey ? I no sick so no anybody for my family wey get am not sick I fine am okay Okay so how many packs of cigarettes do you take or is it cigarettes or is it cannabis or is it marijuana you take But dat one I no go lie I dey take am I dey take am I dey take am well well I dey take like six packs what about the alcohol which one you dey take shey na bear, shey na jin shey na vodka omor me and my guy dey take vodka die we dey drink am like we drink it alot and how often shey na all Di time ahh for the vodka I no go lie na almost every time we dey drink am regular okay okay so make I quickly examine you e no go take time at all oya now okay so on mental state examination the mood looks fine the affect is irritable the speech is irrational and excessive the thoughts flight of ideas and thought broadcasting the perception is auditory and visual hallucinations insights is absent to diagnosis is drug induced pyschosis so you go need do some test so we go fit help you we go check your urine check Di we call am urine toxicology we go check everything wey dey urine if there's any toxins wey dey your urine we go do your full blood count your PCV your white blood cell with we go check everything incase you get infection incase your blood low we go also check your electrolyte and creatinine that one we dey use Access your kidney function to be sure say your kidney still dey function wella so that we go know Di next to do if e no dey normal she you dey understand wetin I dey talk na you sbai dat one I no understand anything <unintelligible alright thank you",pidgin-english,afriswitchcare,Drug-induced Psychosis,348.5,7.679999828338623
data/clips/pidgin_06.wav,"Good afternoon ma and welcome to our hospital today My name na Dr. Williams and na me go dey attend to you and dis pikin wey you bring come today. So first thing's first, I go like know how this pikin fit relates to you. She be my pikin she be my child Okay so na you be her mama? Yes wetin be the name of dis pikin? Her name na Esther olawale Okay how old she be ? She's 3 years. Okay which address una dey stay? We dey stay for 36 mukola road ekpe Okay which tribe una dey from? We're Yoruba. Okay, so I would like to know what happened to her that made you bring her to the hospital today. So, yesterday I noticed say her body dey hot she get high temperature naso I down come here Okay shey e get any other thing wey dey affect am wey you notice dis morning I notice say her two hands dey shake her leg too dey shake like say she dey convulse Okay so how many times dat one take happen? Im just happen once. Okay that temperature wey you talk say she dey run, shey e dey very high or you just touch her body see say e dey warm or you get anything wey you use check for house? her temperature dey very hot e dey very hot e dey continuous so I use thermometer wey dey for house check her temperature and the thing read 38.1 °C . Okay shey dis body wey dey hot, shey you notice say na anytime of the day im dey hot pass? Ahhh Im dey hot pass for night Okay so e get anything wey you do wey help bring this temperature down? I used towel I soaked am inside water I come dey use am mop her body Alright Okay That movement of her hand and leg, wey you dey talk, when dat one happen? Im start dis morning ooo early dis morning. Okay How many times e don happen since when im starts? Im happen once Okay Before she start to dey get all those kind movement, she complain say her stomach dey pain her abi shey she dey cry or anything wey you notice? She no complain of abdominal pain ooo but she dey cry for that movement of the hand and the leg. Okay that body wey she dey move, shey na both hands and both legs, or just one side of her body Dey move? She dey move both hands and the legs . Okay shey her eye they roll like say e dey go up when the thing happen? Yes Okay. So this convulsion wey you talk say she dey get, na how long she use do the convulsion? Im last for like about three minutes or so Okay, Okay So as she dey get the convulsion you dey tap am she she dey respond? She no dey respond at all. Okay shey piss or shit dey commot for her pampers or her kiniwe when she dey get that convulsion? No Okay. Shey you notice say her lips in dey turn like blue or black as she dey get that convulsion. I no noticed dat one . Okay. So this convulsion how e come take stop shey una do anything wey con help the convulsion stop. No no no she just sleep after Okay e stop by himself. Yes yes im stop by itself. Okay. Okay, code switch> shey she come sleep after di convulsion. Yes. Okay, how long did she sleep For about I think one hour. Yes, one hour. Before she had this convulsion, when was the last time she ate any food? The convulsion happen in the morning so like around that 9 so let's say she chop like around that 7-7:30, 8 or so okay so Before she been start to dey get all those movements shey she ever complain her shey neck dey pain am or her neck she no fit move am Wella ? E no complain anything at all. okay shey she dey run commot for light say if light bright for house say she dey run commot? No no no no . Okay shey she don collect all her immunization finish? yes she dey fully vaccinated in fact I bring her immunization card sef . Okay alright that's very good ma okay so shey she dey get any discharge from her eyes or her mouth or her ear. I no Okay shey she dey always scratch inside her ear ?. No e never happen Okay shey she use head hit floor or hit anywhere? No no no okay shey she dey display any kind abnormal behavior before dis convulsion happen? No okay she get any cough No if she dey breath shey e dey very noisy ? No Okay and she no vomit ? No no no Okay her poopoo to no dey watery ? No Okay you no notice any rash for her body? No no no . Okay shey you notice if she dey piss she go dey cry like say im dey pain am? Yes Okay when dat one starts? E start yesterday morning Okay you see any blood for her wee- wee? No. Okay. Shey e get anything wey you don do for am since this convulsion happened? No, no, no. I rush am come hospital. Okay, so has she had this kind of convulsions in the past? Im Never happened before. Do you know her blood group or genotype? Ahh I no sabi am ooo Okay, have you done any surgeries on her before? No. Okay when you dey pregnant with her, na how many months you use carry the pregnancy? 9 months. Okay Did you deliver her by yourself or you did CS? It was a normal delivery. Okay, and did she cry immediately or they had to beat her before she cried? She cried immediately Okay, what was her weight? She was weighing like 3.3 kg yes 3.3 kg . Okay, was she discharged from the hospital the same day? No, no, no. I was discharged the next day so I sleep there . Okay, was there any time her eyes were yellow or her body was yellow and they had to admit her? No, no, no. Okay How many months you take use give her only breast milk? Six months. Okay so wetin she come dey chop now? So she eats the normal food we eat at home. Okay shey e get anybody for your family wey get dis kind seizure abi dis convulsion dey worry before? No. Okay okay. So Shey she dey live with you and her papa? Yes. Okay una dey together together? Yes So how old are you now? I'm 28. Which work you dey do? I'm a teacher. Okay, what about her dad how old is he ? Her dad is 42 Okay, what work does he do? He's a banker Okay which kind house una dey live in? We dey stay for 2-bedroom flat Okay shey she get any brother or any sister? Yes she has two older siblings one boy one girl . Okay which kind water una dey drink for house? We dey take tap water. Okay, so what kind of toilet do you use? We use water closet. Okay, does she go to school? she attends kings daycare. Okay, okay, do you know if any children in that daycare is sick? Would you know? No, no, no. None that you know about. I don't know about that Okay. So I want to ask you some questions regarding the development of this child. I want to ask you when she started sitting by herself How old was she? she started sitting at about 6 months yes Okay, what about when she started walking? One year year she was one exactly one okay When she start to dey talk some kinds small small words like mama or daddy or water? She begin start am about when she was 1 yr 6 months . 1 year six months yes Okay. Shey she dey on any medication or any drug wey una dey give am? No no no Shey e get anything wey she dey react to where her body react to? No Alright thank you very much for this information wey you give us Na wetin we go use know wetin dey happen with dis pikin. So I go just examine her now and together with that we go come to a diagnosis. So On examination, she is a young female toddler She's conscious but drowsy. She's febrile with a temperature of 38.5 degrees Celsius. She's not pale. She's anicteric. She's not dehydrated. She's a cyanosed. CNS examination, her neck was supple. She no get any signs of meningeal irritation Dey negative. For chest examination, her respiratory rate na 24 cycles per minute and when I listen to her chest, na vesicular breath sounds with no added sounds. Her abdomen dey full e dey soft. E dey move with respiration. She gets slight suprapubic tenderness. She no get any palpable organ enlargement So ma, based on this history that we have gotten and these examination findings that I've read, the likely diagnosis that she has is what we call a febrile convulsion. And this could be due to many things, but in this case, our major pointers are probably a urinary tract infection or malaria or pneumonia. So to confirm this diagnosis, we would like to run some tests. We will take her blood samples. We will take her urine samples, use them to run tests. She will do a chest X-ray, and they will also put a needle tube up in her back, and they will collect some fluid also for testing to confirm our diagnosis. So as part of the treatment, we would monitor her. We will admit her. And if there is any seizures, Subsequently, we would abort. So when all the test results when they don ready, when we don see the results we will continue with the right line of management. I will be able to explain to you what in particular may have caused this febrile convulsion. Do you understand all that, ma? Yes. Shey you get any other questions? No. Alright, Thank you very much ma for your time and I wish her a speedy recovery Thank you..",pidgin-english,afriswitchcare,Febrile Convulsion,668.7,16.020000457763672
data/clips/pidgin_07.wav,"Good afternoon. How are you doing? My name is Dr. Okenla. Welcome to the clinic today. Thank you very much Okay, so what's the name? Yeah I'm Ifeoluwa okay, What brought you to the clinic today? Yeah, I went for an outreach and they told me that my blood pressure was found to be elevated, so I was told to come to the clinic So what was the value they told you when you went for your outreach ? They told me it's about 170/100 Oh, that's quite high, That's quite high.l So what do you do? I'm a teacher. Are you married? Yes, I am Okay, Are you a Christian? Yeah, I'm a Christian Okay, so any history of, you know, headache? Yes, I started having headache some days ago Okay, Are you presently having headache? Yes, I am, but slight kind of Okay, Is it one-sided or generalized? Generalized actually mostly in my head And I also noticed that I do not sleep too as well, most times at night I find it alot difficult to sleep Ohh okay any is the headache throbbing or can you characterize how the headache is ? Is like I don't know even know how to characterize I just know my head use to pain me Okay any palpitations like do you hear your heartbeating loud while At sometimes when the headache gets severe I feel my heart beating a lot Ohh your heart beat fast Yeah Okay you also complained of poor sleeping you find it difficult to sleep too Yeah lately I have not been sleeping So any chest pain are you having any chest pain No my chest is not paining me not at all You are not any leg swelling have you noticed your legs have swollen up recently? No not at all they have not swollen up Any difficulty in breathing you find it difficult to breathe? No I breathe as Okay, What about calf pain? Pain around the leg? No Any cough? Are you coughing? No I'm not coughing. Now it's fine Okay And do you notice maybe while sleeping at night, you have to suddenly wake up to catch your breath? I didn't even sleep Okay, okay. You mentioned that too So, do you have any chronic illness? Are you hypertensive? Are you diabetic , asthmatic? No, I'm not hypertensive. I'm not diabetic. Okay. Any family history of hypertension in your patient In your family, rather? No. Yes I was told my mom, my mom had hypertension even My dad actually had it yes Okay, so your family is of hypertension and diabetes Yes yes Okay All right. So asides the elevated BP and the complaints I've mentioned, is there anything, other complaints you want to tell me? So not at all. Actually, So you are having Are you feeling dizzy? No am not Is your vision blurry? No not at all You've not convulse at at any point? And you've not lost consciousness as well No at all Okay. What about any abdominal pain? No, I don't have any Okay Any vomiting? Any diarrhea? No, not at all [Speaker ] Alright So I'll be examining you alright no problem alright so on general examination, the patient is middle-aged man not pale anicteric edema On cardiovascular examination, the pulse rate is 86 BPM is full and regular .The BP is 162/ 100 mmHg Heart sounds S1 and S2 only. On chest examination, respiratory rate is about 18 cycle per minute. Breath sounds are vesicular on all lung zones, no added sounds. On abdominal examination, no abnormalities detected. So based on these findings, based on the history you told me and the examination you told me, it is suggested that you have essential or primary hypertension, that is hypertension that does not have a secondary cause. It just happens on its own and you obviously have the risk factors. You mentioned you have your mom is hypertensive, so that can predispose you to being hypertensive as well too, So what we'll do is we'll run some basic investigations, full blood count, a profile, ECG, and echo. We'll also check your blood sugar as well to ensure that you're not diabetic. And then placed you on anti-hypertensive we'll start with calcium channel blockers and then an ACE inhibitors thats will preferably Amlodipine and isnopril You can start with 10 milligrams each, then as it goes, we let us know. You have a sphyg at home, right? Yes, I do. Okay, so you can monitor your blood pressure at home, check it yourself. Also lifestyle modification, reduce your salt intake. exercise, you don't drink, you don't smoke. Sometimes I usually drink ooo Okay now reduce that as well reduce fatty intake and yeah, with that we believe that your blood pressure should be well controlled, and when the results are out, we also review the results thank you very much alright thank you",pidgin-english,afriswitchcare,Hypertension,364.0,0.7400000095367432
data/clips/pidgin_08.wav,"Good morning ma and welcome to our clinic today My name na Dr. Arangsomwa and na me go dey attend to you today. So, wetin be your name madam? I'm Agnes Okoro Okay Mrs. Agnes welcome. How old are you, ma? I'm 58 years. Okay what do you do for work ma? I dey work for traffic I dey help for dis traffic warden Okay so you be traffic warden yes Alright ma so you don marry? Yeah am married. Okay any children? Yes Okay ma Okay, which address you dey stay ? I dey stay for 44 Ogbaloba Street, Ekpe. Okay You be Christian, Muslim or which religion you dey practice? I be christian Okay which tribe you dey from? I be Igbo ooo Alright Okay thank you very much ma. So what brings you to the hospital today? Um, I dey feel this knee pain na why I come here come reports Okay you say you dey feel this knee pain. This knee pain wey you dey feel, when e start? About two, yeah, two weeks ago. Okay do you noticed it on both knees? Yes yes Okay E first start for the right knee before e now move to the left one Okay, okay. How e take start? Shey e just start suddenly abi you start to dey notice am over some time? it was suddenly, just suddenly it just starts. Okay dis pain we dey do you, how you go describe the pain? Is it aching? Is it peppery? Is it itchy? Is it burning? Is aching yes the pain is aching always paining okay I say make you score this pain on a scale of 0 to 10 . 0 means say e no dey pain you at all 10 means say, the pain dey very, very, very painful say you no feel hold am Which score you go give am? I go give am like 6/10 Okay alright sorry about that so You get any other part of your body wey dey pain you? Okay. You get anything wey you dey do wey dey make dis pain worse? Dey always worse when I dey Waka l I dey work or I dey run that's when the pain becomes intense Okay you get anything wey you dey do wey dey give you any form of relief? No Okay. Shey e get anytime of the day wey dis pain dey worse ? Yes, for early morning morning time. Okay alright sorry about that ma Okay do you hear any cracking sounds maybe when you move your knee? Not frequently, just occasionally. Okay okay You fall, you use dat leg fall or something hit you for dat leg? No Okay you notice any swelling or say your leg no dey as it take be before? No no no Okay have you noticed any redness over the area of your knee? No Okay alright ma so have you noticed any fever? No No Okay any headache? No Okay since wen dis pain start e get any drug wey you dey use? I use, I dey use ibu Ibuprofen? Ibuprofen Yes Okay Has that been helpful? Little relief Okay alright ma so you get hypertension before dey don ever tell you say your BP go high? Yes. Okay na how many years you don get dis hypertension? 10 years now. Okay so you get any drug wey you dey use? Dem prescribe Amlodipine so na wetin I dey use everytime be dat okay so dis amlodipine wey you dey use shey na 5 milligram or 10 milligrams 10 10 mg Okay you dey always check your BP every day for house Yes Okay like wetin e dey always read? Sometimes 120/80, sometimes 130/70. Okay alright do you drink or smoke ma? No, I don't. Okay are you diabetic? No, I'm not. Okay, do you have ulcer? No. Okay, so you no dey drink alcohol at all? No I don't take alcohol And you no dey smoke? Okay what of herbs all dis agbo you dey always dey take those ones ? I dey take dat one once in a while sha not everytime Okay alright say you get any other thing wey you want complain about? No. Okay so on examination, she's conscious, she's not in obvious painful distress. She's afebrile with a temperature of 37.2 degrees Celsius She's not pale, she's anicteric, she's acynosed, she's not dehydrated. Her blood pressure na 120/80 millimeters of mercury. Her heart rate now 90 beats per minute. Her height na 1.56 meters and her weight na 70 kg On musculoskeletal examination, there were no obvious swellings or deformities. There was mild tenderness On the knees, bilaterally with crepitations and also reduced range of motion. So madam, based on these questions wey we don ask you and all the questions wey we don ask you, we get feeling say the likely diagnosis na arthritis, wetin we dey call osteoarthritis. So but to confirm the diagnosis and to rule out other differentials, we go like do some tests So I go send you now, you go go do some particular blood tests. Some of these blood tests include full blood count, some include some antibodies, wey go really help us know if na really osteoarthritis you get. Then you go also do X-rays of the knee, wey we see the knee wey dey pain you wella. Okay So after that, you come back to us and the treatment we will be able to give you both treatments that involve drugs and the ones that don't involve drugs. The ones that don't involve drugs will be more with exercises and some therapy that you can use, while the ones that involve drugs will be mostly for the around pain relief. So do you have any question now ? no I don't Doctor Alright, so thank you very much for your timeand bye-bye ma",pidgin-english,afriswitchcare,Osteoarthritis,414.3,15.350000381469728
data/clips/pidgin_09.wav,"So Good afternoon ma and welcome to our hospital today my name na Dr. Adams and na me go dey attend to you today. So, madam what's your name ma? My name na favour Bassey. Okay How old are you ma? Am 28 years. Okay What do you do for work, ma? I be makeup artist. Okay Are you married? No am single. Okay Which address you dey live? I stay at 44 Mokola Street, Ekpe. Okay Which religion you dey practice? I be Christian. Okay Which tribe you dey from? I be ijaw. Ijaw Alright, thank you ma. So what brings you to the hospital today? I dey experience dis pain for my lower abdomen. Okay, lower abdominal pain, When did this pain start, ma? About 3 days ago yes 3 days ago. Okay alright ma. So when dis pain start, she im just start suddenly ni, abi you start to dey notice am small small ? Im starts suddenly. Okay Dis pain shey e dey ache you, abi it dey burn you abi pepper you? How you go describe dis pain? The Pain dey ache me. Okay Im dey ache you yes Okay if I say make you score this pain, say 0 na say make you know dey feel this pain at all, 10 be say you dey feel am con so they e dey disturb you which score you go give am? I go give am like 8 yes 8/10. Okay this pain wey you dey feel, you dey feel am for any other part of your body? No no no. Okay you get anything wey you dey do wey dey worsen dis pain?No okay E get anything wey you dey do wey dey relief the pain? No, no, no. Okay E get any part of the day wey you dey feel dis pain pass the usual? No. Okay Your body dey usually hot? Yes, I dey get dis kind fever But no be say e high like that ooo na just one kind low fever like that. Okay this temperature wey you dey get, shey na throughout the day the temperature go dey abi sometimes it will go up e go come down go go up e go come down? Errrhh im no dey static e go come e go go again Okay. Any nausea or vomiting? No, no, no. Okay. Any stooling? No. Okay You don notice say if you dey piss the pain e go dey pain you abi e go dey pepper you abi e go dey burn you as you dey piss ? No. Okay You don notice any abnormal vaginal discharge? Yes. Okay. When did you notice that one? 5 days ago, because I calculate am 5 days ago. Okay Wetin be the color of this discharge wey you notice? Mm, it be like green na Green color, yes. Greenish. Okay The discharge shey e dey smell? Yes e dey smell. Okay. Have you noticed any vaginal bleeding? No, no, no. I've not noticed it Okay. Okay. Shey e get any time wey you dey sleep with men wey you no use condom? Yes. Okay e get like how many men you dey follow sleep with before this thing start? About 3 to 5 Okay You don ever get the thing wey Dem dey call sexually transmitted infection before? No. Okay. Has there ever been a time where you used to insert maybe soap or sponge to wash inside your vagina? No. Okay you don ever use this things wey we dey call contraceptive before? No, I've not. Dey don ever insert any family planning for inside your vagina before? No. Okay You don do any abortion wey dey insert something inside your vagina before? No. Okay. So when was your last menstrual period? It was on 25th of February, dis year 2026 Okay you don hear wetin Dem dey call pap smear before? No. Okay you mean say dem never do pap smear for you before. No. Okay since dis symptoms wey you dey get start you don use anything? No. Okay Alright. So you get any other thing wey you want complain on about, apart from this lower abdominal pain? No. Okay Alright. So are you hypertensive? No, I'm not. Okay. Are you diabetic? No, I'm not. Okay, what about asthma? No, I'm not. Okay. What about peptic ulcer? No, I'm not. Okay. E don do any surgery for you before? No. Okay, do you drink alcohol? Yes, I take alcohol one or two bottles per Okay. Alright. What kind of alcohol do you take? I take beer. Okay. Alright. Do you smoke? No, I don't. Okay, what about herbal concoctions,agbo? Ahh I dey take am ooo Okay how you dey take that one? Like every three months sha once every three months. Alright. On examination she's a young female conscious and alert, febrile with a temperature of 38.2 degrees Celsius. She's not pale and anicteric is acyanosed not dehydrated no pedal edema. On abdominal examination the abdomen is dey full e dey move with respiration, there is tenderness in the right iliac fossa, but e no get any palpable organ enlargement. For speculum examination, I see say e get presence of mucopurulent discharge. For vaginal examination, she get cervical excitation tenderness and myoglobin finger dey stained with greenish discharge. So madam, based on all these questions wey we ask you wey I don ask you now, the likely diagnosis of wetin dey worry you na likely wetin Dem dey call pelvic inflammatory disease . But it fit also be appendicitis, it fit also be UTI, it fit also be vaginitis. So because of this, I go send you go do some tests. They go collect your blood sample. Them go collect your urine sample. They go collect samples from inside your vagina too. May we use use am do tests. Maybe see wetin dey cause the infection and the kind drugs wey we go use treat am. So after that, you go come back. We go use the results prescribe all the medications wey we need prescribe for you Okay, so do you understand that ma? Yes I do. Alright ma so thank you very much. Do you have any other questions? No, doctor. Alright, thank you very much. Thank you",pidgin-english,afriswitchcare,PID,470.4,9.739999771118164
data/clips/pidgin_11.wav,"Good afternoon ma Welcome to the clinic today. My name na Dr. Williams and and na me go dey attend to you today. So wetin be your name? I am Deborah Enoh Okay How old are you ma? 35 years. Okay are you married? I'm not. Okay Which work you dey do? I be chef. Okay Where you dey stay? I stay at 33 Obafemi road, Oka. Okay What religion do you practice? I'm a Christian. Okay What tribe are you from? I'm Yoruba. Alright Miss Deborah, So wetin bring you come hospital today? I get cough frequent cough ooo . Okay. So this cough, since when you don notice am? Like 3 months ago or there about. Okay Apart from this cough shey e get any other thing wey dey do you? I also dey experience weight loss. Okay Since when you notice say you dey lose weight? One month, yes, one month ago. Yes. Okay So this cough wey you get wey start 3 months ago shey na gradually e start dey notice the cough abi suddenly you just start to dey cough. It has been gradual. Okay Since when e start, it don reduce abi e dey increase? E dey increase. Okay. So when you cough, does anything come out? Yes, this yellow yellow fluid Yes Okay am only seeing this yellow fluid Okay this yellowish thing wey you dey see E dey always smell? No, no, no. Okay, apart from this yellowish thing wey you cough commot you don cough out any other thing? I remember there was a time I saw blood in it I've observed Okay This cough wey you dey get, shey e get any time of the day wey the cough dey always worse pass? Ahh is always worse around that night, that night period, that night time. Okay have you noticed any chest pain? Yes. Yes. Okay. Is there anything you do that makes this chest pain worse? Immediately I cough or shortly after I cough, that's when it's always Okay You don notice say your body dey always hot at any time? Yes. Okay temperature. Okay, this temperature wey you dey get shey na very high temperature or you just notice say your body dey warm pass the usual? It's not very high just there Okay If you sleep for night you dey always sweat excessively? Ah, I dey always sweat ooo infact bed dey always soak as soon as I wake up Okay So this weight loss how you take sabi say you dey lose weight? You dey always check your weight? Abi how you take sabi. I no dey check my weight ooo but I notice say the clothes wey tight me before as I dey wear am before e come dey e no come no get fitting for my body again. Okay You dey always or you don ever drink milk wey they no process well or wey they no package well? Ah, I've never drank that. Okay so shey you fit remember whether them fully immunize when you dey small for pikin? I don't know about that. I don't about that. I can't say Okay Shey you don notice any headache? Not at all. Okay Dey always get neck pain or neck stiffness? Not at all. Okay E get anytime wey you dey get difficulty in breathing, or shey your breath dey always dey short. Yes. It happens. Okay. Shey e get anytime wey if you piss e go dey pain you as you dey piss or you they see blood for your piss. No, no, no. Okay. Have you noticed any abdominal pain or swelling? No, I've not experienced that. Okay. So, have they ever told you that you're hypertensive or diabetic? No, no, no. I'm not. Okay Have you been admitted before? No. They never admit you before? Okay. I have not been admitted. Shey you don use any drug for tuberculosis before? No. I have not I don't use any drug Okay They don do any surgery for you before? No. Okay When last you see your period? When did the first day wey you do your last period? On the 3rd of this month of February na when I see am. Na when you start your period be that yes. Okay E get any body for your family wey don get tuberculosis before? No. No. Okay shey na only you dey stay where you dey live? I stay alone yes. Okay Which kind house you dey live in? I dey stay for this room and parlour self contain Okay The room wey you dey sleep Gon gon how many windows dey that room? Two. Okay. Two opposite windows when you dey cook for house or when you they cook for all those your party which kind of equipment you dey use cook?shey na firewood or stove or gas? We dey use gas. Okay. So you no dey exposed to smoke from kerosene stove or firewood or anything like that. at all na gas we dey use . Okay Shey you don travel go anywhere recently? I traveled last week for a party And I was the one that catered for them. Okay For that party shey e get anybody wey dey cough wey you dey exposed to. because I stayed at different place so we stayed alone and the girl was coughing Okay But do you know if she was on any medication? No, no, no. Okay You dey always smoke anything? Ah, I dey smoke Yes. I dey smoke cigarette. Cigarettes Okay So for this cigarette wey you dey smoke like how many sticks you dey smoke per day ? If I can calculate it about 10 or so. Okay And you don reach how long wey you don dey smoke? About 10 years. 10 years from now. Okay Shey you dey always drink alcohol? Not really except when I just go for parties and social gatherings that's when I drink. Okay Okay Do you also take all these herbal mixtures like agbo? Ahh I take that frequently. Okay ma so are you currently on any drugs that you using No no any antibiotics that you are using? No Okay, is there any food, drug, or any substance that you are allergic to? No no no Okay alright, so thank you very much for your response all these questions wey I been dey asked you na to determine wetin the probable cause and probable diagnosis of wetin dey do you But before I examine you I want make you ask any questions dey wey you want ask me Ask me or any clarification or anything. I no get any question to ask. Alright Alright thank you very much. So on examination, na young female, she dey acutely ill-looking She no dey pale. Her temperature dey mildly elevated. Her temperature wey we measured with thermometer na 37.8 degrees Celsius. She no dey cyanosed. She no dey dehydrated. She no get finger clubbing. For the CNS examination, the neck dey supple dey negative. On chest examination, her respiratory rate was 20 cycles per minute. She had no chest wall deformities. They was symmetrical chest movement. The trachea was central and chest expansion was equal on both sides. The chest was dull to percussion and I heard crepitations on the upper zones of the lung bilaterally. So based on this examination finding wey I don do, and the history wey I don get from you the most likely diagnosis na pulmonary tuberculosis and we also get the differentials of pneumonia and chronic obstructive pulmonary disease. But to confirm this diagnosis, I'll be sending you for some tests. Some of them will require you to submit your saliva for them to test. You'll also do an X-ray, a chest X-ray, and they will take your blood also for some tests. So after this, we'll be able to see with the results to confirm if the diagnosis we have here is what you truly have. And after that, we'll be able to commence you on some medications that you'll be using for a period of time. So do you understand all this ma? I understand. Alright ma. Thank you very much for your time, and have a nice day, ma. Thank you",pidgin-english,afriswitchcare,Tuberculosis,625.1,16.520000457763672
data/clips/igbo_00.wav,"00:01:50] : You can come in. : Okay, thank you sir. Alright, okay. Good afternoon Doc. Good afternoon, how are you doing? I'm fine, adị m mma. Alright, that's okay. You can come in and have a seat. Thank you Doc. Alright. So I just have a few questions for you, ok before we start Ok. Ok. Afa ole ka ịdị now? Adị m 28. Ok. Ọrụ Kedu ọrụ ị na-arụ now? M na-arụ ọrụ saloon, m na-akpa isi. Ok. Alright. Ịlụ ọ na di? Mba, alụ bee m di. Ok. Kee chọọchị. I na-ekpe chọọchị ka i na-ekpe Muslim? M na-ekpe chọọchị Ok and I wu onye Igbo naa? Ee. Alright, ok. And gị wu ihe ịji bia ụlọ ọgwụ taa? Afọ na-afụm ụfụ. Okpuru afọ m. Ok. When did the pain start? 3 days ago. Ok so how how does the pain feel to you? Is it a sharp pain, a dull pain, an aching pain? Aching pain. Ọ na-egbu m mgbu. Ok. Alright. Did it start gradually or all of a sudden? All of a sudden Ok. Alright, and the pain, does it go to either part of your body? Mba, mba. Alright, ok. On a scale of 1-10, if 1 is the smallest pain and 10 is the highest amount of pain. What pain score would you give this pain you're feeling now? 8 Ok. Alright. Is there anything you know that makes the pain better or worse No, no Ok, ok. That's alright. I na-enwe ahụ ọkụ? Ee, m na-enwe arụ ọkụ. Ok. I na-agbọ agbọ? Mba Ok. I na-enwe afọ ọsịsa? Mba Ok. Mgbe I na-anyụ mamịrị, ọ na-afụ gị ụfụ? Mba Ok. Are you having any discharge from your private part? Ee, ee. E notice mia 5 days ago Alright, ok. So in that discharge, does it have a bad smell? Ee, ọ na-esi isi Ok. And ọ na-acha green Alright, alright. Ok. Just a few more questions. Do you, I don't know. The next question is going to be a bit sensitive, but then, the information is necessary for me to arrive at a diagnosis alright? Ok. Ok, do you have a single sex partner or do you have multiple sexual partners? Multiple Ok, and do you use protection when you meet your partners? Mba. Alright. About your period now, when last did you see your period? 3 weeks ago Ok, ok. Alright, have you ever, have you ever had this type of problem before? No. No Ok. Has any hospital ever told you before that you have a sexually transmitted infection? Mba, no. Ok. Have you ever just stayed before and you just started having blood in your private part? Mba, mba. Alright, ok. Just a few more questions. Ok. Generally too, for your general health now, are you having any chest pain ? No Cough? No Ok. Now, what else, are you having any joint pain or weakness? No Alright. How about your eyesight? Are you seeing very well? Yes Ok, that's nice, ok. A chọọ m, a chọọ m ilere ahụ gị now, ok? Ok. So, I want you to just lie down briefly, let me just do a general examination of you, ok? Ok. If you feel any discomfort at any point in time, just let me know and I will stop, alright? Ok Alright, you can get up now. Alright, just a few more questions to ask you. Have you, have you been diagnosed of any medical condition in the past, have you ever been told if you have high blood pressure (hypertension) or diabetes? No Have you ever been told that you have ulcer? No Alright. Ok. Have you ever reacted to any drug in the past before? No. Ok. Are you currently taking any drug right now? No Ok. Alright, ok. So before I move on to what I'm suspecting that you have or do you have any questions for me ? No, no. I don't. Ok, alright. So from my examination of you and everything that you've told me. My suspicion is that you most likely have a sexually transmitted infection that has caused you to have what we call, a PID, that's a Pelvic Inflammatory Disease, that's when that sexually transmitted infection goes up to the internal organs, your female internal organs, that's your womb and your tubes. Now, it's just a suspicion, we'll have to still do some tests to confirm the disease and know which of the organism is causing the infection so we can treat it, ok? Ok. That's ok. So we're going to do a test for you. It's called the, a vaginal swab test. We're going to do a high vaginal swab test and a cervical swab test for you. So the culture test will be sent to the lab, the result will be out in 3-4 days. Then based on that result, we can treat, ok? Ok. You'll do a full blood count. So once you just check your general health and ensure that there's nothing else wrong with you. When we get the investigations, we will let you know. Then we'll let you know the treatment plan we have for you. Is that ok? Ok. It's alright. So, you can go to the lab. Thank you very much for coming to the hospital today. Thank you Doc, take care. Alright. Goodbye Bye-bye. .",igbo-english,afriswitchcare,PID,376.6,12.0
data/clips/igbo_01.wav,"Doctor, ndeewo. Ndeewo ma, welcome. Oo, good morning. Welcome to our Outreach Clinic Thank you. Alright ma. You can have a seat. Thank you doctor. So, I'm just going to be asking you some questions, alright? Ok, doctor. Afọ olee ka i dị now ma? Adị m 60 years. Ok. Kedụ ọrụ nke i na-arụ? Onwero, akwusila m ọrụ, but ihe m rụrụ wụ, a nwụ m a trafik controller. Ok. Ndia na control trafik Ok. But you're retired? Yes Ok. I lụrụ di? Ee, a lụrụ m di. Ok. I na-ekpe chọọchị ka ọ I na-eje mosque? A wụ m Catholic. Ok, ok. And I nwụ onye Igbo naa? A wụ m onye Igbo Ok ma. So, ọ gịnị na-eme gị kita? [00: 59:19] Ọ ikpere Ok. Ikpere a na-egbu m, na atawashi m n'ime. Ndo. Kee mgbe ọ bidoro? Ọ karịkwala 2 weeks. Ok. Ee. 2 weeks Ok. Ọ nwụ n'ime ya, ọ nwụ n'ime ụkwụ ka ọ na eme gị? Ee, n'ime, n'ime ya. Ok, ok. Alright. The pain, how's it? O na-adọ gị adọ? ọ na-afụ gị ụfụ? Kee ka ọ na eme gị? Ihe a bidokwara ntakịrị ntakịrị o. Ọ na-egbu m n'ime, n'ime ọkpụkpụ ka ọ na-egbu m Ok. N'ime. Alright. So the pain; is it there throughout the day or does it come and go? How's it? Mgbe niile Ok. Ọ na-egbu m mgbe niile. Ok. But when you wake up in the morning ma, as you go about your day activity, does it get better or does it get worse? Does it get worse? It gets worse Ok. Ok M na-agaghari, m na-agaghari ọ na-egbu m. M na-agaghari, even onwe mgbe m ga-agagharigide, m chọrọ oche nọrọ ọdụ. Ok, ok sorry. Is there anything you know that makes it worse other than this I na-agaghari? No. Ok Ee. Ọ m gagharia too much, o bia gbụwem. Ok, ok. Alright. O na-eme gị, I na enwe ihe ndi Igbo na-akpọ ọtịta ngwere? Mba Ok, ok. Alright. Now, ụfụ, ụfụ a ọ na-afụ gị now, ọ nwee ebe ọ na-eje n'ahụ gị? Ọ nweghọ ebe ọzọ ọ na-aga? Ọ nweghọ ebe ọzọ? Ọ naanị ebe a ka ọ na-eme, ebea. Ok, ok, ok. M ga-akowara gị ihe now. So on a scale of 1-10, dịka exam now, ọ bụrụ na achọ ile exam now and the highest score ga awụ 10, lowest score ga awụ 0. Which score ka I ga enye the pain ọ na-enye gị? O ga nwụ na egbukwa m o. Ihea ga eru 6. Ok. Ok O ga eru 6 aO ga eru 6? Ok. Nsogbu adirọ. Ok, alright. O nwee ihe ọ bụla na meghegi or mee gị before the pain a e were bido? Ọ nwere any accident? E nwero m accident. E nwee ihe mere m. Agaghị m ada. Ok. E nwero m accident, a nọkatara m nnọọ binukwa one day noticea na ụkwụ agbughe m. Ọ nwee ihe mee m. Ok. Now, na the ụkwụ now, for this leg; is this leg or any other part of your body or joint, is there anywhere that you noticed that maybe your bone started changing shape or started getting thicker or anything? Mba, mba. Ok, ok. Want to know your result, alright. Is there anywhere that swell up? Any part of your body or maybe your fingers. Is there anywhere that swell up? Mba. Alright, ok. Nsogbu adirọ. So, I'll ask, ok, I want to examine you Ok. Alright, I'll check your legs, I will check the knees and know if there's any swelling or any issue at all, ok? Ok. If there's any pain while I'm examining you, just let me know. I will stop, alright? Ok. Alright. There's no problem, ok? Let me ask you a few more questions. In your family: your parents, your siblings, is there any one that you think has had such complaint before? No. Mba Ok. Onwe gi now, is there any other illness that has disturbed you recently or in the past? Do you have hypertension? No. Diabetes? Ụmụ ihe ndị ahụ, mba. Ulcer? E nwero m ulcer. Alright, ok. I si na ịlụ ọ la di abi? Ee. Ọ naanị gị ka di gị lụrụ? Ee. Ok. Ụmụ ole ka iji? E ji m ụmụ nwaanyị, umunwaanyi three, of nwoke. Alright. Ok. Four. Ha dị anọ. Alright, is there any drug that you take right now for anything? Mba. Ok. Is there any drug you've taken in the past before? A ñukwara m panadol For? Ụkwụ a gbuwe m mgbu, a ñu m panadol. Alright. Is there drug that you react to? Mba. Alright, alright. Ok. Nsogbu adirọ. So, the most likely cause that I'm suspecting that can be giving you this sort of pain, with a history that you worked as a traffic controller; you stood for a very long period of time, all of that is stress on the body. I'm thinking of what we call ""Osteoarthritis"". Ndị mmadụ na akpọ ya arthritis, but anyone na one type of arthritis. So, I'm thinking na ihe I nwee bu most likely osteoarthritis. Ọ dị possible ịbụ rheumatoid arthritis Ok. But, a ga-eme some tests for you, most likely ọ nwụ osteoarthritis, based on what you described for me. Ok. So we're going to do some tests for you, then we'll let you know what we discovered. Ee. Ok. So anyị ga ese, a ga-ese gị foto na these two legs- your two knees Ok. Then, we'll check, we'll check the picture for changes. So depending on the changes that we see, we can confirm our suspicion. Ok. Then, once we've confirmed our suspicion, we can now start you on some medications. There's a typical medication, what I'll give you that you'll be rubbing on your two knees that will help you to control the pain, ok? Ok. So, that's usually the first thing that we'll start with. If that is able to control your pain, every once in a while you apply it, that's good and fine. Ok. If I'm able to control your pain with just that, we can start you on a tablet. We can start you in some pain killers, could be paracetamol with a combination, along the ointment that you're going to be applying. If that actually control for your pain, then there's no problem, ok? Ok doctor. It's alright. Do you have any questions for me at all? No, ihe, provided that I si na I ga-enye m ihe ga-eme m this pain akwụsị m; ọ gwula ihem chọọ. Alright Because ọ na-egbu m too much. Ọ na-atawashi m. Nsogbu adirọ, ok? Thank you for coming Thank you. Ụmụ emela o? Alright Ụnụ emela.",igbo-english,afriswitchcare,Osteoarthritis,461.6,29.06999969482422
data/clips/igbo_02.wav,"Doctor good morning Good morning ma, welcome very much, welcome to the Outreach Clinic Ndee etu ịdị? I'm fine ma. You can have a seat Ok. Thank you You're welcome ma. Olee etu ịdị taa? Adị m mma nwa m. Adị m mma. Ọ sị m nwere BP. Yes, that's true. I can see from the, your blood pressure they checked this morning actually, it's actually quite high. Ee. But I'll ask you some questions. We'll come to that ok? Ok. Ok. Afa one ka ịdị now? Adị m 52 years. Ok. 52 Alright ma. Gịnị, ọrụ gịnị ka ina arụ? Anam ere azụ. Ok, ok. Ee. Trader. Anam ere azụ. Ok. Ịlụ ọ la di? A lụọ la ma di. Ok. Alright. I na, I na, I na-aga chọọchị ka ọ I bụ Muslim? Awụ m a Christian (Catholic). Alright. Ok. And i anụ onye Igbo naa abi? Ee. A wụ m onye Igbo Ok. Alright. So, yes, let's come to your BP now, your blood pressure. Is this the first time that you are told that your BP has been high? No, mba. Ọ nwekwara mgbe m gara ụlọ ọgwụ, ha agwa m na BP m di high but ejirọ m ahụ mgbe ahụ, ejirọ m ahụ. Ọ ihe mere When was that? Ọkwa last year Ok, alright Last year it's okay, nsogbu adirọ. Let me ask you some questions concerning that. Ok. Ishi gị, ishi gị, ishi gị ọ na-awa gị mgbe ọ bụla? Ishi a na-awa m? Ishi na awa, lekwe ya ebea Ok. Ebea. Ishi na-akụ m ebea. Ọ na-awa m Ok. Alright. Ọ na-akụ gi, ọ na-akụ gi mgbe ọ bụla throughout the day? Or just ọ na-abia once in a while? Ọ nwụghị throughout the day. O na abiakwa, mgbe ụfọdụ, ya akwusi kwa. Ok. Alright. Anya gi a, ọ nwee etụ ọ na-eme ma ọ na-akụ gi? Mba. Ok. Alright. So what do you take and then the headache will leave you? Ihe m na-añu bu paracetamol Ok, ok, ok. Alright, it's ok. Ihe ọzọ: I na akwa ụkwara? Mba. Ok. Alright. Do you have issues going to sleep? Doc, a naghi m ehi wa ụra n'abali. M lakpuo ebe 9, ọ na-akụ after 3, na enweta aka 3:30, ụra a pụọ ma n'anya. A gaghi m ehi wa ụra again. Ok. I don't have very good sleep Alright. So, like when do you go to sleep, around what time? Like 9, 10, 11 Ebe 9. Ok. To 9, after 9. Ọ na-akụ 3:30 - 4:00, ma elite. Ok, and you can't go back to sleep again? Yeah. Ok, ok. Alright, alright. Is there any drug you've taken because of that? Mba Alright. Ok. Ụkwụ gị azaala mbụ? Mba. Ụkwụ, ụkwụ anaa aza m. Ok. Ụkwụ ma anaghị aza. Ok. Alright. What about when you're walking? Do you have any difficulty walking or climbing stairs? My na-arị step maọbu m gaa ije too much, obi n'akụkụ kpim kpim kpim kpim. Ọ na-akụ m n'obi. Ok. And ọ na-akụ m n'obi. Ok. Alright. There's no problem. A chọọ m I jụ gị just ụfọdụ ajụjụ for , ok? Have you stayed before and they told you, maybe ihe mere gị, I jee ụlọ ọgwụ, agwa gị na I nwere stroke? Mba. Ok, ok. Alright, ok. Then, when you're sleeping now, do you have difficulty breathing and then you wake up all of a sudden? No. Ok, ok, ok. That's alright, ok. So I'll just ask you a few more questions. Do you usually have joint pains? Mba, no. Ok. Alright. Do you have any problem with your urinating? Maybe you noticed that you urinate frequently Mba, no Ok. When you're urinating, do you have any pain? No. No pain at all, ok. I na enwe constipation? No. No. Alright. I na-aga toilet mgbe ọ bụla? Afọ m di mma. Ok, afọ gi di mma. That's good to hear. Anya gi kwanu? I na-afụ ụzọ ọfụma? Ana m ahụ ụzọ. Alright. It's ok, that's ok. N'ezi n'ụlọ gi now, ọ nwere onye na-aria ọrịa BP ahụ. Ọ mma m oo, mma m. Mma m riara ọrịa BP, even o nwekwara diabetes. Ok. Mpa gi kwanu? Mba, mpa m enwerọ. Ok. That's alright. Ọ nwee ihe ọrịa meghi gi mbụ in the past di serious? Dika, I nwere ulcer? Mba, e nwero m ulcer. Ok. I ma your genotype? Mba. A marọ m. Ok. A marọ m. Nsogbu adirọ. Ok. I si na ịlụ ọ la dị abi? Ee. Alright, ụmụ ole ka iji? E ji m ụmụ anọ; ụmụ nwaanyị abụọ na ndị nwoke abụọ kwa Ok. Ee. Ọ naanị gị ka di gị nụrụ? Ee. Alright. Ok. Is there any drug you've taken in the past that your body reacted to? Mba. Alright, is there any drug your taking for any reason now? Ọ kwa paracetamol ahụ m na-añu ma ishi wawa m. Ok. Nsogbu adirọ, nsogbu adirọ. I will just examine you a little ok? I just want to listen to your heart. Ok. Alright. Ok, ok, thank you. So now based on your blood pressure di high today and last year, nke last year I gwara m. Most likely, ọ nwee ihe ana akpọ ọrịa BP, that's hypertension Ihe na-eme but that na mmadụ nwee ọrịa BP, that's hypertension now, your blood pressure will always be high and it can affect different parts of your body: your kidneys, your heart,even your eyes, if you don't discover it on time and start treating it, on drugs Ok. So ife ga eme wu, we'll discuss with your, with your. Shey i nwee hospital ebe ahụ? Ee, e nwee m. Alright, so we will tell them to refer you to that your family hospital. There are some tests that you're going to need to do. A ga ese, a ga ese gi foto Ok. Na your chest Ok. Yes, ihe a na-akpọ chest X-ray Ok. So, you'll do that chest X-ray to check the size of your heart. Anyị ga-enwe test a na-akpọ ECG Ok. That ECG test is to check how your heart is functioning. Ok. Then, you'll also do a test to check your kidneys to be sure that the BP has not affected it as well. So after checking all these things and monitor your blood pressure, we'll also confirm that it's hypertension that you have. My nye gị ọgwụ. Ok. Then, you'll be regular on those drugs. Ok. Exactly, I ga na-eje, I ga na-eje clinic mgbe ụfọdụ na-afụ your doctor. Ok. Exactly. To be monitoring your progress. Then, is there any question that you want to ask me so far? Ọ bụrụ ọgwụ BP aga enye m, ishi ahụ na-awa m, ọ ga akwụsị? Definitely, it's going to help with that. Ok. Its going to help with that cause usually, when your blood pressure is high; one very common thing that happens is that you start to have headaches, ok? Ok. Then additionally, there are some changes you're going to make to your lifestyle. You're going to have to reduce the salt Ok. iji na-eshi nri A di ma erizi nri? Mba, you'll reduce the quantity of, you can always add salt small Small, ok. Exactly, then I ga na-eme exercise mgbe ụfọdụ. Nna m, a ga m emedi kwa nke ahụ? Definitely, definitely, why not?. So if you cannot jog, you can always take what we call a brisk walk Ok. Yea, I na-aga ije for like 30-45 minutes. I nwee ike, even if it's 5 times a day. You can do it, it will help you very well. Ok? 5 times a day? 5 times in a week. Ok. Ok. Ok. Ọ nwee ihe ọ bụla I chọrọ ijụ m ọzọ? Mba. Ok. Nsogbu adirọ. Nsogbu adirọ. Thank you for coming, o Thank you Doctor. Imela ịnụ? Alright. Thank you.",igbo-english,afriswitchcare,Hypertension,553.3,36.630001068115234
data/clips/igbo_03.wav,"Doc, good morning Good morning ma. Welcome to the outreach clinic Thank you Yes, you can have your seat. Thank you, Doc. Ok. Olee etu ịdị taa? Adịkwa m mma. Alright. Adị m mma. Ok. So, I will ask you some questions, ok? Ok. Afa ole ka ịdị taa now? Adị m, erukwala m 60. 60? Yes, 50 years Alright. Ọ nwee ọrụ ị na-arụ? Mba. Onwero. M nọ n'ụlọ. Ọ nwero ọrụ m na-arụ ugbua. Ok. Alright. I lụọ la di? Ee, a lụọ la m di. Ok. Nsogbu adirọ. Kee chọọchị ka ị na-ekpe ka ọ bụ Muslim? Mba, m na-aga Winners. [00:54:40 Winners? Ok. Alright, and ị nwụ onye Igbo naa Ee, a nwụ m onye Igbo. Ok, alright. So, gịnị mee gị iji bịa hụ anyị taa? Ọ nwụ maka ihea, ịnyụ mamịrị. Ok? Ee, a na m, a na m anyụ nnọọ mamịrị, you know. M nyụọ ga puta, ọ gaghị ete aka, ma gakwaa nyụọ. Ok? Even, e mechara m na-agụ kwa ya Ok? Na ụbọchị, a ga m anyụ ruchaa ugboro ịse na ịshịị. Ok. Kee mgbe o bidoro? O gafee la otu ọnwa. Ok. Otu ọnwa, ee. So, but n'ugbua, a na m anyụ ruchaa asaa na asato. Ok. M na-anyụ ruchaa ugboro asaa, nyụọ ugboro asatọ. Ee. Mgbe o bidoro kwanụ, ogbe ole ka i na-anyụ? Maybe ise. Ok. Ịshịị Alright, ok. So, ka m jụọ gị ụfọdụ ajụjụ. When you're urinating, ọ na-egbu gị mgbu? Mba. Ok. Mba Ok. That's alright. N'abali kwanu, I na-anyụ mamịrị n'abali? Oge mbu, m lakpuo, ma nyụọ mamịrị ofu ugboro. But ugbua, mgbe ụfọdụ, ugboro anọ. Ọ na-erute ugboro atọ, ugboro anọ before chị na-eho, m ga nyụọ mamịrị. Ok, ok. That's alright. Do you usually feel thirsty likely? Like you want to drink water all the time? Ọ na-eme m. Ok. Ọ na-eme m mgbe niile. Even a na m eji zi ihe dọwa mmiri ebe m nnọọ. Ok. Because mgbe niile, a na m añu mmírí. Ok. Do you also feel hungry all the time? Yes, m richa kwa ihe, m nọtu, ya adi ka ọ na m erighi ihe. M rikwa ọzọ. Ok. Ok, ok. Afọ g, ọ na-egbu gị mgbu? Mba. Mba. Ọ naghị egbụ m. Ok. I na-enwe any discharge? No. Na aputa n'ahụ gi? Mba. No discharge. Ok, ok, ok. That's alright. Ihe a na-akpọ, ihe ndi Igbo a na-akpọ ntata ngwere, ọ na-eme gị n'ụkwụ ma ọ n'aka? Ọ na-eme m. Ọ na-eme m ebe a, ebe a. Ọ ebe ọ na-eme m. Na-eriwashi m ọtụta ngwere na-eriwashi m, na eme m, ọ na-eme m, ebe a nnọọ ka ọ na-eme m. Ok. Alright, alright. Ok, nsogbu adirọ. So kam just jụọ gị. In recent time, is there any wound that you've had, maybe you noticed it's not healed fast or that has not healed? Ọ kwa just, mgbe a anyị shi krịsịmasi lọta, na Jenụwarị a, ka m mma merụrụ m ahụ ebe a. Nwanne m, ọ tebeghi anya ọ lara. Ọ nọgidekwara, ọ tebekwa anya, lekwe ya, ebe a. Ok. Ọ tebekwa anya ọ lara. Alright. Alright. Ọ nwụrụ mgbe mbụ m banyere, ụdị Ihea, ọ bụ oge ntakịrị, ọ mee, ya alaa. Nkea bụ, nkea nọgidekwara gị baa ọnya. M na-ete ya, ụmụ m teghe ya Penicillin. Ok. Tegide ya, ọ lakwara ahụ. Ok. Kam jugodi gị ofu ajụjụ maka that ịnyụ mamịrị Ok. Ok. Ọ nwee ihe I na, ọ nwee ihe i na-eme ya akwusi? Mba Ok, ok, ok. Is there anything that makes it worse? Maybe you noticed that if you drink water, you go more frequently abi? Ee. Alright, alright, alright. That's ok, that's ok. Is there any drug you've taken for it? Maybe you went to chemist and they gave you any drug. Mba No? Ok, alright, there's no problem. So, there's a suspicion that I have but we'll come to that ok? Ok I will have to ask you a few more questions now. Are you having any cough that's been there for long? No Any chest pain? No Ok, alright. Are you having any joint pains? No. No joint pains? Yes. Ok. Are you having diarrhoea? I na-eje toilet mgbe ọ bụla No. Ịnyụ nshị. Ok. Alright. Anya gị kwanụ? I na-ahụ ụzọ ọfụma? Alright A na m ahụ. Ok. Alright. That's ok. Let me ask you just a few more questions now. N'ezi n'ụlọ gị now, ọ nwere onye na-arịa ife a na-akpọ ọrịa sugar, ihe a na-akpọ diabetes. Ọ nwere onye na-arịa ya? Ọ nwekwaa Ok. Mpa m, mpa m rịara diabetes ahụ. Ọkpara nne m rịa kwara ya, my senior brother. Ok. Ee. Ọ rịa kwara a Ok. Nsogbụ adirọ. Yourself now, ọ nwere any illness giwa nwee? Ịnwe diabetes? Agwa go gị mbụ na inwe diabetes? Ọ nweberọ. What about hypertension? Ok, ọrịa BP. Mba, e nwerọ m. Ok, what about Ulcer? Mba, e nwerọ m ulcer. I nwerọ ulcer? Ee. Nsogbu adirọ. I ma your genotype? Mba. Ok. That's alright. Is there any drug that you're taking now? Mba. No drug? Ee. Ok. Is there any drug you've reacted to in the past? Mba. No drug? Ok. I sị m na i lụọ la di naa? Ee. Ok. Ọ naanị gị ka di gi lụụ? Yes. Ok. I ji ụmụ? A mụrụ m ụmụ abụọ Ok. Boy or girl? Ofu nwoke na ofu nwaanyị. Ok. That's good. So I bia n'ụlọ ọgwụ anyị a maka solution to your problem abi? Yes. Yes. So, the most likely cause for what you're experiencing now bụ ife a na-akpọ diabetes. Ok. But, a ga e still, anyi ga-eme gi test. So, some other things that can cause what you are experiencing, if you have a Urinary Tract Infection. Ok. If you have a sexually transmitted infection or a mixture of both, you get? So, we're going to do some tests for you. One of the tests anyi ga-eme bụ na your blood. Anyị ga-eme things a na-akpọ fasting blood sugar Ok. So, you'll have to go to the hospital, your hospital, it's here. Go there in the morning. After having fasted over the night, we're going to check your blood sugar Ok. Then, we're also going to do test for your urine. We're going to do what we call Urinalysis Test. Ok. And a Urine Culture Test as well also, to find out what exactly is the problem. But my first suspicion is that it is diabetes that you have most likely. And the fact that your family members also have it , increase the chances of you having it as well. Ok. Ok. So, if we do those things for you and we find out that you actually have diabetes, there are actually some, some things that you have to change in your lifestyle actually. Ok. Things such as reducing the sugar content of the food that you take. You're going to take less of carbohydrates: ji na ede na rice, you'll have to reduce them. Increase more of your proteins; more of beans; more of red meat, more of red meat. Exercise also will help you Ok. Then, i mee those things, anyị confirmuo na i nwee diabetes, ọ nwere ọgwụ anyị ga enye gị as well. Ok. Nsogbu adirọ. Ọ nwere I ga-enyekwa nu m ọgwụ ahụ, m hie ụra, aga m na-anyụ tukwa mamịrị ọfụma? So, once you start, once we confirm that it's diabetes and we start those drugs for you, your blood sugar is going to come down Ok. So, it's most likely for people that have diabetes. When their blood sugar is very high like that, it causes this their body to make them urinate frequently. As a result, so anyị nye gị that ọgwụ now, ọ ga akwusi. Ok. Thank you doctor. Nsogbu adirọ. Thank you doctor. So, we'll arrange with your hospital here, ok? Ok. Ok. Nsogbu adirọ. Thank you for Thank you, ịnụ? Ok. Thank you for coming here, alright. Thank you. God bless you.",igbo-english,afriswitchcare,Diabetes Mellitus,602.4,36.47999954223633
data/clips/igbo_04.wav,"Good morning Doctor Good morning ma, welcome to the hospital. How are you doing? I'm good, thank you. Please, you can have a seat. Alright. Thank you Ok. Let me just ask you some questions first, just to confirm. How old are you now? Adim 30 years Ok. Ọrụ gịnị ka I na-arụ? I'm a business woman Ok. E nwem shop Ok. Gịnị ka I na-ere? Provision shop. Ok, ok. Ịlụ ọ na di? Mba. Alright. I na-ekpe chọọchị ka ọ I na ekpe Muslim? M na-ekpe chọọchị. Alright, and i bụ onye Igbo naa? A bụ m onye Igbo. A na m aga Anglican Church Nsogbu adirọ. Nsogbu adirọ. Gịnị mere iji bịa ụlọ ọgwụ taa? Ọ Doc, I came because of cough. A nam akwa ụkwara too much. Ọ ihea, kemgbe one week Sorry. Too much cough. Constant cough Ok. So the cough now, kee ka ọ na-eme gị? Are you. O bido, ị ga na-ahụ na-akụ, ka ọ just ọ mee gị once or twice, ọ kwụsị? M ga na-akwa na-akwa na-akwa, continuous coughing. Ok. Ọ nwee ihe na-apụta ma ị na-akwa ụdị ụkwara a? Mba. Ok, alright. E nwee ihe ị na-eme, ị gaa ebe ọzọ maọbu ị jee ebe ọ bụla, I na-akwa ụkwara. Ma ọbu ị ṅụọ mmiri oyi, ị na-akwa ụkwara? Mba Ok. So there's nothing that triggers it? Mba. Ok. Alright. Is there anything that you've noticed that makes the cough better? Mba. No. Ok. Ok. That's alright. Ahụ gị, ọ na-enwu ọkụ? E nwe dị m ahụ ọkụ. Ok. M na-enwe ahụ ọkụ. Ok. When did it start? Ihea bịdọrọ since 5 days. Ok. Like, e nwee m ahụ ọkụ since 5 days now. Ok. So ahụ gị na-anwụ ọkụ, is it throughout the day ? or in the morning it's high; afternoon it comes down; then it goes up again, then it comes back. Ahụ ọkụ steady. Constant ahụ ọkụ. Ok. Ndo. Have you noticed if you are loosing weight recently? No. Mba. Ok. Whenever you're sleeping in the night, are you really sweating excessively? Have you noticed any thing like that? Mba. Ok. Have you had contact with anyone that has been coughing recently? Mba, mba. Alright, alright, ok. That's ok. What about difficulty in breathing or shortness of breath? Do you feel like you're not breathing enough? Doc, ọkwa kemgbe. In fact, that's the reason I came. Ọ kemgbe 2days ka m chọpụtara ka, 2 days now, ọ na-ara ma ahụ, you know, ịkụ ụme for 2 days now. Ok, ok. And since it started that 2 days ago, has it been the same or its been getting worse? It's been getting worse. Ok. This type of cough now, have you had this type of cough before? Mba. Ok, ok. That's alright. Is there any other problem other than what you've discussed now that brought you to the hospital? No, no. Its just the cough. Ok. Did you travel recently? Mba. No. Alright. Ok. So I'll ask you just a few more questions Ok, Doc. Afọ, ọ na-asa gị? Mba. Ok. I na-enwe constipation? Mba. Ok. Your joints, do you have any pains in your joints? No. No pains in your joints. Anya gị kwanụ? I na-afụ ụzọ ọfụma? A na m ahụ ụzọ ọfụma. Ok, ok, ok. Ọ dị mma. Nsogbụ adirọ. Just a few more questions. I nwere any ọrịa ị na-arịa dika ife a na akpọ high BP (Hypertension)? No. I don't. I nwere ọrịa sugar? Ihe a na-akpọ diabetes. Mba. Ok. I nwere ulcer? Mba. Alright, ok. N'ezi n'ụlọ gị now, ọ nwee onye nwee any of these sicknesses m jụrụ gị now? Mba kwa o. Ok, ok,ok. That's alright. Are you currently taking any drugs now? No. Ok. No. That's why I came. Alright. Have you reacted to any drug before? No. Ok, it's alright. Thank you. So I'm going to examine you now, ok? I want to listen to your chest: the upper part, middle part and the lower part, ok? Ok. And if you feel any discomfort at any point, just let me know so that I can stop, alright? Ok. Ok. Ok. That's ok. So, from everything that we've discussed, I'm suspecting that you most likely have what we call 'Bronchopneumonia'. Ok. Pneumonia, simply put. Yes, and you can actually get it from the community due to risk factors like overcrowding or exposure to somebody that has such type of cough, you understand? As in, coughing for a long time, ok? There are other possibilities but they are less likely cause if some of the information that you've given me; such as tuberculosis. But from everything you've discussed, it's unlikely. But we're going to run some things for you to confirm my suspicions, ok? Ok. And you're going to do, a ga-ese gị foto na your chest, ok? You are gonna do a chest X-ray. We're going to take a sample of your. Ok, ị si na ọ nwerọ ihe na-apụta ma ị kwaa ụkwara, abi? Obere. In short o nweghọ, ọ nweghọ. Ọ just na-akwa but anụ ma akwaputa ihe. Ok, ok. Nsogbụ adirọ, nsogbụ adirọ. We'll still do a full blood count test for you. Ok. We will still do a full blood count test for you. There's no problem. So, when we get the results of your test, we'll let you know. Then the final issue will be discovered, then we'll give you drugs for it as well, ok? Ok. Then ok? Ok. So most likely, when it's confirmed, you'll get some antibiotics that you'll take for a period of time - about a week or two, ok? So we'll let you know when the results are out. Ok. Thank you very much for coming to the hospital, o? Thank you, Doctor. Doctor, thank you. But, ị nye m ọgwụ ahụ, ụkwara a, apart from ụkwara - that shortness of breath Ọ ga-akwusi, ọ ga-akwusi Ok. Ọ nwerọ nsogbụ, ịnụ? Ok. Thank you. Alright.",igbo-english,afriswitchcare,Bronchopneumonia,386.4,24.920000076293945
data/clips/yoruba_00.wav,"Good evening sir how are you doing today? Good evening ma. Okay my name is Doctor Ayọdeji I'll be your doctor today. é pẹlẹ sir Thank you ma Ki ló gbé yín wá sí hospital lé nìí E wo iko yii ni o, this cough. It's been, it's been disturbing me. Okay For three months now Okay so for three months le ti ni wúlò Yes Alright is there any other complaints apart from nkan te n wi? E wo ara mi mo ti jo I've lost a lot of weight in the last one month Alright e jẹ a kọ́kọ́ sọ̀rọ̀ nípa weight tẹ lose yẹn . Se é mimọ lose e ni? No no awọn ara ile mi my neighbours they said ""you're losing weight, you're losing weight"" they told me. I did not quickly notice it then I started seeing my clothes were coming loose. My sókótó, sókótó mi bayi now I have to make it tighter for it to stay. Let's come back to the cough now. iko yen e so pe ati bi three months ni se é le sọ pe otí worse lati ìgbà tó ti bẹ̀rẹ̀ àbí bo se ri láti ìgbà yẹn ló se rí nísinsìnyí No it has gotten worse for sure because the side gradually just a few times a day I was experiencing, I thought it was going to away in one week. You know normal cough but it did not go. But it now became more often at night every time, every time it's just always there now. So the cough is it worse during the day or at night? There is no special time Alright ṣe ọ ni nkankan tẹ e ma n se, boya any position tẹ bá take lẹ ma n notice pe ọ ma n he ki iko yen worse? There is no particular position, there is no particular position. Alright se é ní chest pain. Àyà ma n dun mi, yes I do. I have o ma n dun mi. Se tẹ bá n wukọ́ l'àyà ma n dun yin? yes igba mí gán ti n ba wúkọ́ àyà yẹn ma ti ma n min sinu. Tí mo bá mí kanlẹ̀. Ó ma dùn mǐ? Alright okay so tẹ ba wúkọ́ ṣe é notice bóyá ẹ tu nkankan jadé? yes I have some sputum yes o ma n ni ìgbà mí ẹ̀jẹ̀ ma wan bẹ díẹ̀ Ok kíni colour nkán tẹ n tu jáde. Ó ma ń brown gan Okay Ó ma ń yellowish brown báyìí. Ṣé ó má ń pọ̀? Ó ma ń pọ̀ díẹ̀ Ó má ń pọ̀ díẹ̀ Ta ba ni kẹ measure ẹ̀ ṣé o le to bi ideri plastic bottle? Ó ma tó bẹ Okay nínú ọjọ́ kan E ka sa sọ pẹ bi Okay ìdérí plastic bottle in one day alright. ṣe é notice pe ará yín gbóná? Ìyẹn ma n wa o ma n lọ, ko fi bẹ gbóná ṣùgbọ́n ti n ba wo si. Ti n ba fowo mi pé there's some fever Ṣé bó se ma n gbóná yẹn sọ ma n pọ gan ti ma gbóná ti gbogbo ara yín ma ma gbóná gan àbí ó kàn ma n rọra gbóná díẹ̀díẹ̀ ? Ó kàn gbóná díẹ̀díẹ̀ ni Ṣe é notice pe boya e ma n sweat la le tẹ ba n sun? o yes midnight I'm always sweating even if I baff o, even if I wear cloth only , remove cloth anything I do even if there's fan I'll still sweat in the night. Ok sir, alright thank you sir. Do you notice, ok sir I've asked you about chest pain earlier. I just want to confirm, is it worse at any position? bóyá tẹ bá ile down àbí tẹ ba dìde jókòó? . Did you notice anything like that? No no Alright sé orí ò fọ́ yín rí? That one do come I think sometimes because of the stress of the cough so every now and then headache. Ẹ pẹ̀lẹ́ Ẹ sé gan Ṣe mimi o difficult? o ma n fún mi ni wàhálà díẹ̀díẹ̀ àti mí o má ń le. O ma n le lati kun Ó ma n le láti min lẹ́ẹ̀kọ́ọ́kan alright ok ṣe iṣẹ́ wo léyìn se sir? Carpenter ni mi awọn carpenter Ni mo ma n se papo. Alright nibi iṣẹ tẹ wà nisin, só ní ìgbà kankan to ni e ti tẹ dé tí notice pé bóyá nkan to n se yin bóyá o tí ṣẹlẹ̀ sí ẹnìkan nínú family yin? Family no not anyone in my family, no one else coughs. No one in your family No one has cough like this ni recently ko ni ibi kan tẹ lo àbí tẹ dé sàkíyèsí pé ó ní ẹnìkan náà to ni bẹ ṣe n wúkọ́ yi. You know I traveled to Maiduguri recently for work, one contract, one government contract and my roommate the person I was sharing the hostel with was coughing. It's true he was coughing. So this person were you living in the same room together? Yeah it was about five months back. Yes we were sharing that room together. So they put all of us there. They put us in a hostel we shared, it was a contract that took a period so we had to share like that. Alright then have you ever been, when you were younger. Do you remember if you took immunization on your arm? Do you have any mark on your arm? Where they told you that this is immunization you took . No You don't have. No I don't. Okay do you have hypertension? Have you ever been told that you have hypertension? No Okay what about diabetes? No Okay have you ever been admitted in a hospital before? Admission? wọn o admit mi rí rárá. Okay ẹ dẹ̀ gb'ẹ̀jẹ̀ naa ri? Rárá mi o gb'ẹ̀jẹ̀ ri Ẹ o sisẹ́ abẹ rí? You mean surgery, no I have not surgery before. Se ma n mu oti? you know weekend and party na. Small small . So ẹ ma ń mu ọtí lẹ́ẹ̀kọ̀ọ̀kan. yes Bi bottles mélòó lẹ má ń mu ní bí ọ̀sẹ̀ kan? Bi two bottles of beer. That's all I drink. Okay cigar nko? That one I smoke cigarette óò. How many sticks did you say you smoke in a day? You know I started with one stick, two sticks but when work because very stressful I started doing like 10 sticks in a day. Ten sticks in a day okay alright then thank you very much sir. Now I don't know if you've heard of any disease called TB before. Do you know if anybody in your family has been treated for this TB before? Is it something you've heard about before? Yes I've heard about TB, you mean tuberculosis àbí? Yes tuberculosis has anybody gotten before? Is there any one in your family who has it? Since this thing started have you started taken any medication for it? I took one cough syrup benilim syrup moti lo coughlin. Mo lo capsule won ni antibiotics ni. Mo lo flemin náà Gbogbo àwọn ògùn tẹ lo yii ṣe ẹ notice any change ìgbà tẹ lo? Rárá rárá Ṣe é ti test to wọ n ma n se fún HIV ríi? Mi ò ti se ri ọ E se ri Mi ọ ti se ri ṣe ti marry? se ti ni ìyàwó? boys lawa o. okay but ẹ ní àwọn girlfriends. Yes. Bí mélòó lẹ ní? Ẹ mọ bí pé mo máa ń travel moní ní Ìbàdàn. Moní mẹ́ta ní Lagos. Gbogbo wọn bí six ṣá. Okay gbogbo àwọn six lẹ dẹ ma n ní ìbálòpọ̀ pẹ̀lú. Ó depend síbi tí mo bá wà. Ṣé ẹ má ń lo rọ́bà ìdáàbòbò tẹ́ bá n? Rárá mi o kì ń lò. I don't use protection. I don't believe in it. How old are you now sir? I'll be 36 this year. Okay so you're currently 35. Yes. Alright sir, do you notice any form of tiredness or weakness in your body since this thing started? Yes I'm always, I'm always tired any small work that I, I don't even have energy for work like that. Yes. Alright thank you very much for answering all my questions. So now what we're going to do is that we're going to do some tests for you from àwọn nkán t'ẹ́ tí sọ, o jọ wípé nkan bi méjì lo wa l'ọ́kàn wa. Só yé yín, àwọn nkán méjì tó wà l'ọ́kàn wa ni àrùn tuberculosis tí wọn n pè ní TB then àrùn jẹjẹrẹ to ma n ṣẹlẹ sí lungs. That's lung cancer. àwọn nkán méjì ta n rò náà nìyẹn. So a ma se àwọn test fún yin. Àwọn nkán tẹ n tu jáde, a ma lo se àyẹ̀wò lórí wọn ninu lab, a dẹ̀ ma ya fọ́tò àyà yín náà. A má se àwọn blood test náà a de ma jẹ́ ki ẹ mọ èsì ìdáhùn, àwọn àyẹ̀wò yìí láti lè mọ nkan ta ma se fún yin next. Now do you have any questions for me sir? I just want to ask this TB, you know I said I've heard about it but I don't know so much. Is it something that can be treated? I know that cancer can be very difficult to treat but can TB be treated? Yes sir, so you see TB is a disease. It's an infectious disease meaning that it is caused by bacteria right? àwọn kòkòrò ti a o lè f'ojú rí àwọn ni wọ́n se okùnfà àrùn ti wọ́n ń pě ní TB a tún pě ni tuberculosis. So antibiotics naa àwọn ògùn yìí o fẹ́ da bi antibiotics lo ma n lo fún nkán tó kàn ṣẹlẹ̀ ni pé ènìyàn má ń lo àwọn ògùn yìí fún ọjọ́ pípẹ́, ó lè tó bí oṣù mẹ́fà tàbí oṣù mẹ́sàn-án tí ènìyàn ma fi lo gbogbo ògùn yìí títí tí ara ènìyàn náà à fi yà ti fi clear gbogbo kòkòrò TB to wà nínú ẹni náà. Now tó bá jẹ́ pé ẹ ti gba abẹ́rẹ́ àjẹsára ti wọ́n má n lo fún TB ni kékeré. Bo jẹ́ pé ènìyàn gan wa nínú yàrá pẹ̀lú ẹni tó ní TB kò ní wúwo tó báyìí lára yín. 13:01:10 Thank you very much 13:05:06 You are welcome sir, enjoy the rest of your day. 13:09:05 And you you too ma",yoruba-english,afriswitchcare,Tuberculosis,804.6,36.650001525878906
data/clips/yoruba_01.wav,"Good afternoon sir , you are welcome to the clinic today..I'm your doctor for today. What's your name sir? My name is Mr Ola Ajanaku. Alright, how old are you, Mr Ola? I'm 60. Okay, what do you do? I'm a retired teacher o. Okay sir alright. Can you tell me why you are coming to the clinic today? Since like yesterday code switch e wo side eyi side apa ọtun yí. ọ kan weak ata apa mi ati ese mi. o kan weak lati àná. Around what time ni àná le notice? Lọwọ igba tan play ball 4 ni irọlẹ Around 4PM 4PM ni irọlẹ bẹẹni. Okay did you notice that there was sudden or it was gradual weakness. No all of a sudden ni all of a sudden. Okay can you remember what you were doing when you noticed the. Ahh we were watching football. So bi okocha fẹ gba ball yen e mo tension mo kan pariwo ahhhh. Mo de subu igba yen ni right side ati apa at'ẹsẹ oti weak. Mi ti e le gbe. ṣe notice pe any other part of your body o weak just like right side. Igba to ṣẹlẹ ati sọrọ mi ofi bẹ. I couldn't speak very clearly so. Okay That was just the other thing I noticed. But ni isin se speaking yen so better bayi. I can at least o ti clear sí but apa at'ẹsẹ yen. o sí weak. Yes igba ti ọ ṣẹlẹ did you lose consciousness. Did you faint? Noo Okay you did not faint. You know because it was sudden I just fell back on the chair and I just sat down there. They poured water on me wọn tiẹ fún mi, wọn gbe fanu pe boya mo faint ni but I knew everything thing. E de f'ori gba Mi fori gba Ẹ dẹ ṣubú ṣí ilẹ̀ńlẹ̀ yàtò sí bè ṣe jòko sí chair yẹn. No I did not fall Okay has this ever happened to you before? No Before yesterday. No Alright is there any other complaints that you have apart from the ones that you've mentioned to me now the weakness and the way you were talking. When it just happened there was saliva coming from one side of my mouth. One side of your mouth okay. Alright any headache? Hmm, since two days ago my head has been banging banging banging. You've having headache since two days ago. Yes Was it really severe? Ahh it was severe o. It was really severe Alright sir. mo fe bere awọn questions kan lowo yin. Have you ever been told that you have hypertension? bẹ́ẹ̀ni : okay ati igba wo lo sofun yin pé è ni hypertension. I was still in service about 10 years back. 10 years ago. ṣe ni hospital lo ti sọ fún yin pé è ni hypertension àbí? Our clinic, school clinic. Ok and when they diagnosed you with hypertension, did they give you any medications to be taken? Yes they did but mi ọ kin lo. Mi like bó ṣe maa ń jẹ́ kí ara mi se, so mi o kin lo. can you remember the name of the medications they gave you? Ìkan, ó dà bi kékeré báyìí Nofedipine okay. mélòó ni àwọn ògùn yìí. Ìgbà yẹn, mẹ́ta péré ni. Okay Eléyìí tí mo sọ yẹn then there was another one that was also small. It starts with letter ""L"" . Yes it was causing me to cough small small so wọ́n wá ní kí ń máà lòó mọ́. Were you taking any drugs apart from this? ẹ sọ pé mẹ́ta ni. wọ́n maa n fún mi ní aspirin kékeré, vasopirin. Vasoprin and ko to di, ẹ sọ pé è kin lo àwọn ògùn yín dédé. Ṣé ẹ maa ń lọ sí hospital fún monthly checkup? Mi ò ki ń lòó. : Ẹ ki ń lòó. So can you remember the last time tẹ lo àwọn ògùn yín. : Three months ago mo ní headache báyìí ni mo kàn wo pé ó ti pẹ́ tí mo ti lo ògùn mi kin kan lòó. Okay, ṣé yàtọ̀ sí headache yen. Só ní any other thing tí ẹ maa ń notice. Ṣé ojú yín ò kì ń sú? : Ojú mi ò kì ń sú : Ojú yín ò ki ń sú, báwo ni àyà yín? Ṣé àyà o ki ń dùn yìn? Àyà máa ń dùn mí. Mo máa ń, ìgbà mí tí mo bá se iṣẹ́ kékeré báyìí. Kín n kàn rin upstairs àti mí o ma n ni ra díẹ̀. I feel my heart beating too yes. Báwo ni itọ̀ yín, sé ẹ ń tọ̀ dáadáa? Mò ń tọ̀ dáadáa Ẹ sọ pe mímí yen o má ń nira ti ẹ́ bá ti ní rìn . Lálẹ́ ń kọ́ ti ẹ bá lie down sí orí bed? Ṣé ó ma n ṣẹlẹ̀ pé kẹ kan torí pé. you have to sit up out of bed just so you can feel better. Yes Alright In fact, ní ìgbà mi gan ó ma ń to bi pillow mẹ́rin kin tó le sùn l'álẹ́. Alright sir. ìkọ nko? Any cough? That night when it started I used to cough in the night so when I stated using pillows I don't cough anymore. } Alright sè é sacase pe ẹsẹ yin wù. Yes óò i used to experience that one. My shoes will just be tight. Alright thank you sir. se wọn ọ so fún yin ní clinic pe è ni ito sugar? No, no. e ni ito sugar but wọn sọ pe è cholesterol mi pe ki normal Ni igba yen. Okay won so fun yin pé cholesterol yin ọ normal , okay alright. sè é , se ma n mu oti. Mo ma n m'oti o. Bi bottle melo le ma n mu lojo kan? E mo since I'm retired tí mo bá lọ club everyday. me and my friends we drink about two, three bottles sometimes give. Okay cigar ńkọ́? Not very much about five, six in a day. About five six in a day. Not very too much. Alright thank you sir. Have ever been admitted in a hospital? No Have you had any surgeries? No. Alright sir. Okay do you have any questions for me sir before I go on? Doctor see this results for my vital signs that they showed me. Okay so this results all the checks that they did were normal except the blood pressure. So your blood pressure is 160/100 and what that means is that; it is very high. ìfúnpá yín ó ga and ìfúnpá to se ga yẹn òhun ló fa weakness tẹ bẹ̀rẹ̀ sí feel ní apá ọtun yin àti ẹsẹ́ ọ̀tún yín. and that is what is called stroke. You understand yes because ìfúnpá yẹn ti ga gan-an, kò wá jẹ́ kí ẹ̀jẹ̀ tó yẹ kó ma flow s'ínu brain yin ko flow dáadáa at that particular point in time yesterday when it happened and that was what caused the weakness so ẹ̀jẹ̀ tó yẹ ko flow no no time yen òhun lo cause tí ẹ́ le gbé ọwọ́ yin dáadáa even till now ni tori owo yin nisin ko ni agbara ti bo se ye ko ni agbara ti. Ese yin na nisin é le fi rin da bi ti tele mo. So nkán tá má se fún yin a ma nitori kí se ọpọlọ nìkan ni hypertension le affect. So ye n yu, I le affect heart. o le affect kidneys a dẹ̀ fẹ́ kó di ìgbà tí ẹ tún ma padà wá fún problems of your heart or your kidneys before we do something about it. So we're going to run test to check the condition of your heart and the condition of your kidneys and other vital organs in your body and then we'll let you know where we'll go from there. But even now we're also going to watch you. Our aim right now is to ensure that we reduce your blood pressure gradually as much as possible just to ensure that it gets to a normal level. So when it gets to a normal level, we then start you know. We start checking you out, we just start following you up on a monthly visits. Then a ma refer yin lo sí physiotherapy because we need your hand and your leg to come back to full working state. Ẹ sé gan-an, ẹ sé gan-an",yoruba-english,afriswitchcare,Stroke,678.5,37.77999877929688
data/clips/yoruba_02.wav,"Ẹ káàsán welcome to the clinic. ẹ káàsán How are you doing today? Fine So why are you here? I have pain in my tummy, in the lower part of my tummy. Àti ìgbà wo ni yẹn ti bẹ̀rẹ̀? Ó ti tó 3 days báyìí. Yàtọ̀ sí yẹn ń kọ́? Mo tún sàkíyèsí pé discharge *wa l'ójú ara mi o dé dabi pe o ṣé diẹ so fún bí ọjọ́ márùn-ún báyìí.* Okay ẹ jẹ́ a kọ́kọ́ bẹ̀rẹ̀ pẹ̀lú pain yẹn to wa ni ìsàlẹ̀ ikú yín. So how bad is the pain? Very bad óò, it's very very bad. If you're to rate it on a scale of 0 to 10. 0 being that there's no pain and 10 being the worst pain of your life. What would you rate it? I'll rate it 8 because the pain is very bad there. So I'm the lower part of tummy does it go anywhere from there? ṣe é lo any ògùn ní ìgbà tí e bẹrẹ lati ma experience pain yii? Mo kan lọ paracetamol Ni Okay no ìgbà tí rẹ lọ paracetamol yen e feel relief àbí ee feel any. O kan stop diẹ fún bí one hour ọ tún padà ní. Kile ma n to ma n jẹki pain yen worse si Rárá kò sí . Okay se é ní tẹ ti ni pain yìí. No Báwo ni ìtọ̀ yín se rí? O wa okay. O normal Is there any frequency to the bathroom since this pain started? [02:8:58] No Okay and do you have any temperature or have you noticed any temperature rising? Yes yes yes Okay. How long has it been for? Around the time I noticed the pain my body was also hot. And was it very hurt or a little bit. It was very hot. yatọ sí ìyẹn nko ṣe ará ríi any ninu ito yin e kin rin eje àbí nkankan. Rárá oo Alright e jẹ a sọrọ nipa discharge yen e ni pe otí bẹrẹ fún ìjọ marun bayi àbí? Bẹẹni Okay so pọ gan àbí diẹ diẹ? Ọ pọ Okay ṣe ọ ni any particular smell. [02: 59:41] The smell is bad, very very bad. It does not smell good at all. Kini colour e? It's like green. And no se green yen ko si eje ni bẹ ninu e No Ok láti ìgbà tí e ti bẹ̀rẹ̀ sí ma ri se ti l'ogun yatọ sí paracetamol te so? No Are you married? No No you're not married yet. Are you in a relationship? Yes How many partners do you have? Like three or four. And do you have sexual relations with all of them? Yes Se é ma n lo protection to ma n pè ní ruba idabo? No Okay is there a reason you don't use that? I just don't like it. Have you experienced any weight loss? No Okay and are, do you. How often do you meet your parents? Anytime, there's no there's no time for it. It can be twice a week, it can be three times a week. As any one of them complained about this kind of, any kind of sexually transmitted infections to you? No Nobody has contacted you concerning any difficulty urinating or anything. No Have you had this before this abdominal lower body discharge? No this is the first time. Okay so ṣe é ti se test HIV ri? Mo ti ṣe ri wọn sọ pe negative. O tí tó igba wo tẹ ti ṣe? Six months Okay alright ko sí problem see anything wa tẹ fe bẹrẹ lọwọ mi? Mo kọ fẹ mọ kilo ṣẹlẹ and what's the way forward. Okay so pẹlu gbogbo nkan rẹ ti ṣalaye the most likely cause is or the most likely diagnosis is a Pelvic Inflammatory Infection or a Pelvic Inflammatory Disease and nkan to ma n fa ni awọn kọkọrọ ta ma nipa ibi na lọpọ. Ti ba se tita bẹ ti E káàsán welcome to the clinic. e káàsán How are you doing today? Fine So why are you here? I have pain in my tummy, in the lower part of my tummy. Ati ìgbà wo ni yen ti bẹrẹ? Oti to 3 days bayi. Yàtọ̀ sí yẹn ńkọ́? Mo tun sàkíyèsí pé discharge wá l'ójú ara mi, o dẹ̀ dàbí pe o ṣé díẹ̀ so fún bí ọjọ́ márùn báyìí. Okay ẹ jẹ́ a kọ́kọ́ bẹ̀rẹ̀ pẹ̀lú pain yẹn tó wà níbi ìsàlẹ̀ ikú yín. So how bad is the pain? Very bad o, it's very very bad. If you're to rate it on a scale of 0 to 10. 0 being that there's no pain and 10 being the worst pain of your life. What would you rate it? I'll rate it 8 because the pain is very bad there. So in the lower part of tummy does it go anywhere from there? ṣe ẹ loi any ògùn ní ìgbà tí ẹ bẹ̀rẹ̀ lati ma experience pain yii? Mo kàn lo paracetamol ni Okay now ìgbà tí ẹ lo paracetamol yẹn ẹ feel relief àbí ẹ́ feel any. Ó kàn stop diẹ fún bí one hour ó tún padà ní. Sé ẹ rí nkan tí ẹ ma n se tó ma ń n jẹ́ kí pain yẹn worse si. Rárá kò sí . Okay sé ẹ ó bì throughout tẹ ti ní pain yìí No Báwo ni ìtọ̀ yín se ríi? O wa okay. Yorùbá>Ó normal. Is there any frequency to the bathroom since this pain started? [02:8:58] No Okay and do you have any temperature or have you noticed any temperature rising? Yes, yes, yes, Okay that's true. How long has it been for? Around the time I noticed the pain my body was also hot. Okay, And was it very hurt or a little bit. It was very hot. yàtọ̀ sí ìyẹn ń kọ́ ṣé a ri any. Inú ìtọ̀ yín ẹ ki ń rí ẹ̀jẹ̀ àbí nkànkan? Rárá o Alright, ẹ jẹ a sọ̀rọ̀ nípa discharge yẹn ẹ ní pé o ó tí bẹ̀rẹ̀ fún ọjọ́ marun báyìí àbí? Bẹ́ẹ̀ni Okay só pọ̀ gan àbí díẹ̀ díẹ̀? Ó pọ̀ Okay ṣe o ni any particular smell. [02: 59:41] The smell is bad, very, very bad. It does not smell good at all. kí ni colour ẹ̀? It's like green. And bó se green yẹn kò si ẹ̀jẹ̀ ní bẹ̀ nínú ẹ̀ No Ok láti ìgbà tí ẹ ti bẹ̀rẹ̀ sí ma ri, sé ẹ ti l'ògùn yàtọ̀ sí paracetamol tẹ sọ? No Are you married? No No you're not married yet. Are you in a relationship? Yes Okay How many partners do you have? Like three or four. Okay And do you have sexual relations with all of them? Yes Ṣé ẹ má ń lo protection ta ma n pè ní rọ́bà ìdáàbòbò ? No Okay is there a reason you don't use that? I just don't like it. (kay Have you experienced any weight loss? No. Okay and are, do you. How often do you meet your partners? Anytime, there's no there's no specific time for it. It can be twice a week, it can be three times a week. As any one of them complained about this kind of or any kind of sexually transmitted infections to you? No Nobody has contacted you concerning any difficulty urinating or anything. No Have you had this before this abdominal lower body discharge? No this is the first time. Okay so ṣe ẹ ti se test HIV ri? Mo ti ṣé rí wọ́n sọ pé negative. Ó ti tó ìgbà wo tẹ ti ṣé? Six months Okay alright kò sí problem sé anything wà tẹ fẹ́ bèrè l'ọ́wọ́ mi? Mo kàn fẹ́ mọ kíló ṣẹlẹ̀ and what's the way forward. Okay so pẹ̀lú gbogbo nkán tí ẹ ti ṣàlàyé the most likely cause is or the most likely cause is or the most likely diagnosis is a Pelvic Inflammatory Infection or a Pelvic Inflammatory Disease and nkán tó ma ń fa ni àwọn kòkòrò ta ma ń kó níbi ìbálòpọ̀. Tá ba dẹ ti ko láti ibi ìbálòpọ̀, o ma n lọ sínú obìrin o ma ń cause àwọn infection. tó le máà fa kí inú ìsàlẹ̀ inú kó ma ro yin. To ba dẹ pẹ́ irú obìnrín le ma ri nkán nla l'ójú ara wọn to ma ni òórùn tí o da bẹ́ ti ṣe ṣàlàyé. Okay Ṣe ọ̀rọ̀ mi ye yín? Bẹ́ẹ̀ni Okay so usually the next step will be to actually investigate and find out which organism is exactly, is the exact cause of this. Okay. So most cases bacteria tí ó bá jẹ́ a ma fún yín ní antibiotics tí a ri pé o ma gbọ́ to ma le le clear gbogbo. bacteria.Ṣé ọ̀rọ̀ mi ye yín? Yes yàtọ̀ sí yẹn a má tún bá yín sọ àwọn ọ̀rọ̀ ráńpẹ́ nípa sexual, more like sexual education. Okay I know you are aware but I think that you should also take more precaution in your with your partners so that you can prevent things like this in the future and throughout this period you should refrain from sexual intercourse as much possible. Okay As much as possible. Abstinence is very important in this period until you're treated and also you need to reach out to your partners to make sure they're also treated. Okay Do you understand? Ẹ pẹ̀lẹ́ Alright thank you Doctor So Màá kọ àwọn ìwé kan fún yín. Okay",yoruba-english,afriswitchcare,PID,479.3,29.309999465942383
data/clips/yoruba_03.wav,"Thank you doctor. Now I can, I can answer your question. Thank you so much for attending to us that emergency. No problem sir. You're welcome so can you tell me how this all started? She's just 2 year's old, three days ago she complained about pain that when she want to pee, she'll be feeling pain. I said maybe she was not drinking water well. Then yesterday she started complaining that she is feeling cold. I touched her body she was hot, very hot, then 1 hour ago she was still talking to her brother o next thing she started jerking, she started jerking and for like 5 minutes before it stopped. Okay so this jerking was were you noticed and rushed her to the hospital. Yes So you said the jerking lasted for about 5 minutes. Alright was her whole body shaking? It was her arm and her leg. Her arm and her leg that was shaking okay and after it stopped for this five minutes, did she sleep? Hà ó sùn She slept All the way here se ló ń sùn Okay, now is ,this the first time this thing will happen to her, this jerking? Yeah this jerking. She has never had this kind of thing before? Okay you said her body was hot. How hot? Was it very hot? Her mother did temperature check, thermometer. Temperature check. What was it? 38.1 she now put water on her body. wọ́n fi omi tẹ ara ẹ Okay and igba ton Fi omi sí ara rẹ. Did the temperature reduce? Yes ó wálẹ̀ sì bí í 37.4. Sé ẹ fun ni paracetamol at any point? Bẹẹni a fún ní paracetamol. Ẹ so pé ó ń sọkún nígbà tó ń tọ̀ three days ago okay. se ko dẹ̀ complain pé inú run òun. Ẹ mọ̀ pé ọmọdé nkán tó ma sọ náà kò pọ̀ na, ó kàn, ìyẹn nìkan l'ó dà bíi pé o ń cause pain discomfort fun discomfort yẹn Ẹ dẹ̀ notice pé ìgbà tó bá n tọ̀, s'oun sọkún nígbà tó n tọ̀? Òun sunkún, oun sunkún gan-an Okay Sé kò ní cough? No kò wúkọ́ cough Ko wúkọ́, kò sọ pé àyà ń dun òun àbí nkán nkán Rárá kò sọ bẹ́ẹ̀ Okay, now. Sé àti ìgbà tí ẹ ti bí bó se n dàgbà sí ẹ notice bóyá any delays wa. Ìgbà tó yẹ kó sọ̀rọ̀, ó sọ̀rọ̀. Ìgbà tó yẹ kó rin, ó rin? yes Has she completed all her vaccines? Yes she did, she had everything. She has taken everything. She's a very healthy child not until now. Up until now. Okay have you ever needed to bring her to the hospital to be admitted for? No, no even when she was born her mum was out of the hospital the next day. Okay, now has any of her siblings ever had this kind of thing before? rárá kò sí 'nu wọn How many siblings does she have? Two She has two siblings okay. What kind of water lo ma n mu? She drinks pure sachet water. báwo lẹ se má ń dispose waste ní environment yín? a ni proper disposal for waste management to come pickup. Alright irú toilet wo ni ẹ̀ ń lò ? Modern one, water closet. water closet, alright okay Ẹ dẹ sọ pé kò sí any other person tó ti ni iru nkan bayi ri? Yes Láàrín àwọn siblings ẹ́. okay is there any medication to wa allergic si? No, mi ò mọ anyone Okay have you given her any other medication since this thing started apart from paracetamol? When that fever was not going, was not getting better. So we decided that we were going to buy . Okay So we gave her just one but that was the only one we gave her earlier today. Okay is she allergic to any medication to your knowledge? No Alright okay sir I just want to ask you couple more questions. When this jerking happened alright did. Did she hit her head on any thing. No Okay she didn't sustain any injury She was in bed when it happened She was in bed when it happened. Alright thank you very much. Do you have any questions for me because I believe probably have some questions. Yes I'm worried though because like I said she's a very healthy child so kí ló lè ṣẹlẹ̀ gangan Alright so sé ẹ rí in children less than 5 years old tí ara wọn bá ti gbóná gan. When they have high fever just like she has had in this situation where you said she has pain when she's urinating. That is what we call urinary tract infection it is one of the causes of fever in a child of this age. Malaria is also another cause and that's why I asked some other questions you know. So when their temperature gets really high like that it's just like triggers what we call ephebral convulsions. Which is that their brain just goes into overdrive and just starts having these jerking. These convulsions right? And the thing is this is why it's very important that when children having high temperature you Always ensure that you bring down that temperature because you don't want this kind of thing to happen. Because we don't want a situation whereby in the future she'll now start having seizures like this, so that's what we're trying to avoid. So you know henceforth whenever you notice that she has high body temperature like this bring it down immediately. Give ibuprofen or you give paracetamol and then you ensure you mop her body with lukewarm water alright? So yes so that's báwo la se ma kí lẹ má wá se fún nisin ti ara ẹ́ ma fi balẹ̀. so nísìn-ín infection tí ó ní yen tí mo ti sọ UTI yẹn a ma fun ni antibiotics just to ensure that the infection clears off. Once the infection clears off the fever will go down. So we're not going to have another case of convulsion again. Thank you very much. ẹ sé gan.",yoruba-english,afriswitchcare,Febrile Convulsion,462.8,28.280000686645508
data/clips/yoruba_04.wav,"Good afternoon sir and welcome to the clinic today, I'm Doctor Oyíndà and I'll be attending to you today. Can you tell me your name sir? My name is Múrí. Okay Múrí Ọ̀kánlàwọ́n Mr Múrí how old are you sir? I'm still a young boy, sixty years old ni mí Okay alright sixty years. iṣẹ́ wo léyìn se sir? I'm a retired traffic coordinator. Okay are you married sir? mo ní ìyàwó, ìyàwó méjì. Okay alright thank you very much sir. So ṣe ẹ lè sọ reason tẹ se wá sí clinic lenìí? Orókún mi ni o orókún mi méjèèjì bayii ó má ń ro mí, my knees. Okay so orókún méjèèjì ló ń ro yin, àti ìgbà wo ló ti bẹ̀rẹ̀ sí ma ro yín? Just about two weeks. Okay so láti ìgbà tó ti bẹ̀rẹ̀ ní two weeks ago se ẹ lè sọ pé bó ṣe bẹ̀rẹ̀ náà ló ṣe n ro yin nisin? Has it gotten worse or it has remained the same? I can say that it has, it started gradually, it started gradually and then became worse and worse and now it's even it's really disturbing me. Okay if you're to grade the pain over 10, what would you grade it? Like six, six over ten. Six over ten that's a lot, I'm so sorry about this. Thank you Okay can you describe the pain, is it peppering you. báwo ló ṣe ń se yin? So ń ro yín ni? Ó ń rò mí, ó ń ro mí gan. Alright tó bá dẹ̀ bẹ̀rẹ̀ sí ma ro yín sé ó má ń lọ sí any other part ní ẹsẹ̀ yín àbí any other part of your body? Kò kì ń lọ sí ibò min just my knees. Okay sé ó ní anything pé tẹ ba, pe ẹ ti notice tó ma ń jẹ́ kí pain yẹn worse àbí to ma n jẹ́ kó better? Tó bá ba dún mi bayii ó ń dùn mí. Okay se ẹ notice pé bóyá okay ó ma ń burú sí àbí ó má ń dùn yín si? You're right tí mo bá se jí láàárọ̀ it's usually there but as the day goes on you know ó má ń reduce. Kí ló máa ń ṣé tẹ bá ń rìn? Okay yes ó ma reduce bẹ́ẹ̀ni. Alright ṣe ẹsè yẹn ò wú? No kò wú. Ṣé ẹ dẹ ṣubú at any point in time? You don't have any wounds on your body? No, no, no Okay so ẹ sọ pe kò wú se ko doti na? Ẹ sàkíyèsí pé bóyá o ma ń gbóná Mi ò sàkíyèsí pé o ń gbóná Alright ṣe é ṣe notice No rárá rárá. Orí ò fọ́ yín Rárá ori o fọ mi. Alright okay is there any other complaint rẹ ni yatọ sí ẹsẹ to n dun yin? E ko sọ complaint kankan. Sé àti ìgbà tí pain yii ti bẹrẹ ṣe ti lo any medication? Ibuprofen Ibuprofen Bẹẹni mo ma n lo ni lekakan. Does it relieve your pain? Just a little and then it comes back. Okay alright thank you very much so I'm also going to ask you a couple of questions. Have you ever been diagnosed with hypertension? One time wọn sọ pe ìfúnpá mi lọ sókè diẹ ṣugbọn wọn ọ fún mi logun o ṣé ti normal lati ìgbà yen. okay é de check e recently PE bóyá wọn sọ pe no ko high. Mo ṣẹṣẹ check e ni ọsẹ mẹrin sẹyin. Alright okay diabetes nko? ito sugar se wọn ever so fún yin. no I'm not diabetic. Okay ulcer nko? Noo Se e ma n mu cigar? No I don't smoke. Okay do you take alcohol? You know once in a while you know in the evenings, weekends, when we go to parties just that. Alright thank you very much. Okay so awọn questions to moti bẹrẹ lọwọ yín yi ka le fi mo nkan to n ṣẹlẹ sí ẹsẹ yín ni. so what we are now going to do next is to ask you to go do an X-ray on your knee. So a ma se photo ese mejeeji yen a de ma wa. To ba ti ṣe test yẹn tan result tẹ́ bá gbà. You can bring it back to the clinic for us to examine and review it, alright. Thank you very much. Ẹ sé gan",yoruba-english,afriswitchcare,Osteoarthritis,350.1,38.86000061035156
data/clips/yoruba_05.wav,"Okay good morning. Good morning. orúkọ mi ni Doctor Salami. kíni orúkọ ti yín? Saheed Ọmọ́bọ́láńlé okay ọmọ ọdún mélòó ni yín? Sixty years of age. Okay báwo l'ára yín lenìí? I'm better. Okay so what brought you to the hospital today? I noticed that my right body láti òkè delẹ o weak. Okay so how long has this weakness been for? About 4 hours ago. Okay so weakness yìí só kan dédé bẹrẹ àbí díẹ̀ díẹ̀? Ó kàn dédé bẹ̀rẹ̀ ni. okay so what where you doing before this weakness. tán sọrọ wípé What were you doing when it first started? I was watching AFCON match. Okay so who was playing? Can you tell me the circumstances surrounding it? Nigeria and Egypt so nkán to ṣẹlẹ̀ ni pé the opponent team wọ́n score so o shock mi gan. okay so ìgbà tí o wa ṣẹlẹ̀ kí le wá se yin? Ìgbà tó ṣẹlẹ̀ mo notice pe ẹgbẹ ẹnu mi wọ́ s'ẹ́gbẹ̀ẹ́. okay at that moment where you able to talk? No Okay so before kí gbogbo eléyìí tó ṣẹlẹ̀ where you having any previous complaint before? Of course mo ní orí fífọ́ kan. Okay so ori fifọ yen se gbogbo ori yin àbí ọ ni particular side to n fo yin. Gbogbo ori mi Okay se igba to ni ori yen fo yin se é ṣubu at any point in time? At all. Okay at any point in time se notice pe boya e . rárá. okay was there any loss of vision at any point in time? Not at all. Okay sé ẹ ní ìfúnpá gíga? Só ti sọ fún yin pé ẹ ní ìfúnpá gíga? Bẹ́ẹ̀ni Okay ìgbà wo ló sọ fún yín pé ẹ ní ìfúnpá gíga? Ó tí tó bí a year báyìí. Okay so igba to ti n ni ìfúnpá gíga ki le wa n se? Ṣé ẹ ma n lo ògùn? Mo stop lati ma lo ògùn mi ìgbà tí mo get, igba ti mo get better. Okay so ń torí pé ẹ ti get better le sẹ stop ògùn yín mọ́. Okay se ẹ má ń lo clinic gangan? Rárá Kí ló dé tẹ n kin lọ sí clinic? Ìgbà tí mo ti notice se pé mo ti get better. Se rántí àwọn nkán rẹ n lo ni se rántí awa nkán tẹ n lo fún ìfúnpá yín? Okay se ma n mu cigar? Béẹ̀ni Okay se ẹ má ń m'ọtí? Bẹ́ẹ̀ni. How frequently do you drink? mo ma n m'ọtí. Ìgbà tí mo feel like ni mo ma n mu. okay is it like once a while or every day? Everyday Okay so sé ẹ má ń mu sìgá? Báwo lẹ se má ń mu sìgá tó? Bí mo se má ń m'ọtí ni mo se má ń mu sìgá. Okay so ẹ lè mu tó ìgò mélòó lẹ lè mu l'ójúmọ́? Mo lè mu tó mẹ́ta Ẹ̀yin náà dẹ ń ra ìyẹn fún ara yín. Okay sìgá yẹn ńkọ́, bi stick mélòó lẹ má ń mu l'ójúmọ́? Bi stick ẹyọkan ní mo ma ń mu stick. Okay se any family self attention? Bẹ́ẹ̀ni Okay se any family striving to know of? Bàbá mi ní hypertension Okay Àti heart attack. iyen na, okay so he died from heart attack? When was that? How many years ago? ni ìyẹn? Ó ti pẹ́ na. Ṣé ó ti tó ọdún mẹ́wàá? about five years ago. Ọmọ ọdún mélòó ni bàbá yín kó tó se aláìsí? He died around '81. english> Alright thank you very much, alright. So on examination I found a, an elderly woman not dehydrated there was facial dripping in the right corner of the mouth. Temperature on presentation was 36 degrees Celsius, pulse rate was 87 beats per minute. BP today 160 over 100 millimeters of mercury. Respiratory rate 12 cycle per minute SPO2, 98%. Her medical examination revealed weakness on the right side, the strength on the right side is 4 out of 5, the power on the right side. So my diagnosis is mostly likely it's a stroke. So nkan to dabi nkán tó ṣẹlẹ̀ ni pé àwọn àyẹ̀wò kan. |Ẹ má se full blood count ìyẹn má wo àwọn infection to wà nínú ẹ̀jẹ̀ yín. Ẹ má se EUCI, ìyẹn ma se àwọn iyọ̀ ara yin so ma le mo pe because ti iyọ ọ ba pe. You can present will symptoms of stroke mo ma fe kẹ se test kan awa n pe ni fasting lipid profile but ẹ ti jẹun nsin so o ma di àárọ̀ ọ̀la k'ẹ tó sé. Ẹ ma wa bi 8 O'clock láti wá se test yii. So the fasting lipid profile will be done then alongside the test. You will do a CT scan for me so that I'll be able to a certain the state of the brain and if there's anything wrong with the brain.",yoruba-english,afriswitchcare,Stroke,376.9,33.5
